organization,project,project_id,location,location_id,recording_date_time,recording_id,task_method,task_id,is_complete,species_code,species_common_name,species_scientific_name,species_class,detection_time,task_duration,tag_duration,min_tag_freq,max_tag_freq,tag_id,individual_order,vocalization,abundance,tag_rating,tag_is_verified,clip_channel_used,observer,observer_id,verifier_id,needs_review,left_full_freq_tag_rms_peak_dbfs,left_full_freq_tag_rms_trough_dbfs,left_full_freq_tag_pk_count,left_full_freq_tag_dc_offset,left_full_freq_tag_min_level,left_full_freq_tag_max_level,left_full_freq_tag_peak_level_dbfs,left_freq_filter_tag_rms_peak_dbfs,left_freq_filter_tag_rms_trough_dbfs,left_freq_filter_tag_pk_count,left_freq_filter_tag_dc_offset,left_freq_filter_tag_min_level,left_freq_filter_tag_max_level,left_freq_filter_tag_peak_level_dbfs,right_full_freq_tag_rms_peak_dbfs,right_full_freq_tag_rms_trough_dbfs,right_full_freq_tag_pk_count,right_full_freq_tag_dc_offset,right_full_freq_tag_min_level,right_full_freq_tag_max_level,right_full_freq_tag_peak_level_dbfs,right_freq_filter_tag_rms_peak_dbfs,right_freq_filter_tag_rms_trough_dbfs,right_freq_filter_tag_pk_count,right_freq_filter_tag_dc_offset,right_freq_filter_tag_min_level,right_freq_filter_tag_max_level,right_freq_filter_tag_peak_level_dbfs,tagged_in_wildtrax,media_url,spectrogram_url,clip_url
CANFOR,Interior Broadleaf Working Group ARU Monitoring 2025 Limited Amplitude Processing,3701,DOC213-FR-C,492653,2025-06-07 05:12:00,2894193,1SPT,2622019,t,DUFL,Dusky Flycatcher,EMPIDONAX OBERHOLSERI,Aves,8.96,180.00,0.71,1.95kHz,5.35kHz,5252428,1,Song,1,,f,1,Leonard Patterson,2623,,f,-34.78,-37.68,2,0.014474,-0.003387,0.031403,-30.06,-61.25,-63.34,3,-0.000001,-0.005737,0.00293,-44.83,-34.09,-36.22,2,0.015997,-0.010406,0.041779,-27.58,-57.96,-59.89,2,-0.000001,-0.007843,0.004395,-42.11,t,https://portal.wildtrax.ca/home/aru-tasks/recording.html?taskId=2622019,https://wildtrax-aru.s3-accelerate.amazonaws.com/0e877989-9fe1-4524-a290-babecf1fffd8/84e651a6ea93475797d44b0f4ea3875c.jpg,https://wildtrax-aru.s3-accelerate.amazonaws.com/0e877989-9fe1-4524-a290-babecf1fffd8/0f2aef13debb44799ff9f78d64903eab.flac
CANFOR,Interior Broadleaf Working Group ARU Monitoring 2025 Limited Amplitude Processing,3701,DOC213-FR-C,492653,2025-06-07 05:12:00,2894193,1SPT,2622019,t,WTSP,White-throated Sparrow,ZONOTRICHIA ALBICOLLIS,Aves,30.34,180.00,3.54,1.98kHz,3.68kHz,5251747,1,Song,1,,f,1,Leonard Patterson,2623,,f,-34.75,-38.1,2,0.01458,-0.003693,0.032257,-29.83,-48.49,-64.71,3,0,-0.007965,0.007629,-41.98,-33.88,-36.69,2,0.015799,-0.012177,0.047241,-26.51,-49.28,-61.5,2,0,-0.00766,0.007874,-42.08,t,https://portal.wildtrax.ca/home/aru-tasks/recording.html?taskId=2622019,https://wildtrax-aru.s3-accelerate.amazonaws.com/0e877989-9fe1-4524-a290-babecf1fffd8/4d96c40d48da49ec997279c68528e579.jpg,https://wildtrax-aru.s3-accelerate.amazonaws.com/0e877989-9fe1-4524-a290-babecf1fffd8/fc43ac44b5fb42a5a735b8fb5cc394e7.flac
CANFOR,Interior Broadleaf Working Group ARU Monitoring 2025 Limited Amplitude Processing,3701,DOC213-FR-C,492653,2025-06-07 05:12:00,2894193,1SPT,2622019,t,DEJU,Dark-eyed Junco,JUNCO HYEMALIS,Aves,64.52,180.00,2.60,2.13kHz,7.59kHz,5251744,1,Song,1,,f,1,Leonard Patterson,2623,,f,-33.27,-37.32,2,0.014666,-0.04425,0.070557,-23.03,-35.9,-61.3,2,0,-0.055603,0.058105,-24.72,-31.29,-35.85,2,0.015851,-0.064514,0.093048,-20.63,-33.27,-58.11,2,0,-0.073822,0.073303,-22.64,t,https://portal.wildtrax.ca/home/aru-tasks/recording.html?taskId=2622019,https://wildtrax-aru.s3-accelerate.amazonaws.com/0e877989-9fe1-4524-a290-babecf1fffd8/30d6882cf0d3499b8c2587d3aca29242.jpg,https://wildtrax-aru.s3-accelerate.amazonaws.com/0e877989-9fe1-4524-a290-babecf1fffd8/e4cc96b53649464ab2a3ce0ad1017398.flac
CANFOR,Interior Broadleaf Working Group ARU Monitoring 2025 Limited Amplitude Processing,3701,DOC213-FR-C,492653,2025-06-07 05:12:00,2894193,1SPT,2622019,t,WAVI,Warbling Vireo,VIREO GILVUS,Aves,78.08,180.00,1.30,1.90kHz,4.63kHz,5252429,1,Song,1,,f,1,Leonard Patterson,2623,,f,-35.56,-38.13,2,0.014553,0.000549,0.028931,-30.77,-60.71,-64.06,4,0,-0.004517,0.002991,-46.9,-34,-36.5,2,0.015713,-0.007141,0.043549,-27.22,-58.84,-60.61,3,0,-0.006226,0.003967,-44.12,t,https://portal.wildtrax.ca/home/aru-tasks/recording.html?taskId=2622019,https://wildtrax-aru.s3-accelerate.amazonaws.com/0e877989-9fe1-4524-a290-babecf1fffd8/b77f7c4e6b05446295ab21729e09220b.jpg,https://wildtrax-aru.s3-accelerate.amazonaws.com/0e877989-9fe1-4524-a290-babecf1fffd8/c8082df19ab448f3aa2602b0b0f1caba.flac
CANFOR,Interior Broadleaf Working Group ARU Monitoring 2025 Limited Amplitude Processing,3701,DOC213-FR-C,492653,2025-06-07 05:12:00,2894193,1SPT,2622019,t,OCWA,Orange-crowned Warbler,LEIOTHLYPIS CELATA,Aves,93.07,180.00,1.30,3.78kHz,7.08kHz,5251745,1,Song,1,,f,1,Leonard Patterson,2623,,f,-34.45,-37.77,2,0.014629,0.000092,0.031128,-30.14,-59,-62.29,2,0,-0.005402,0.005341,-45.35,-34.25,-36.48,2,0.015726,-0.009918,0.040192,-27.92,-58.91,-61.29,2,0,-0.004669,0.004547,-46.62,t,https://portal.wildtrax.ca/home/aru-tasks/recording.html?taskId=2622019,https://wildtrax-aru.s3-accelerate.amazonaws.com/0e877989-9fe1-4524-a290-babecf1fffd8/c672a91cb78c4c318ff7450dd16ac439.jpg,https://wildtrax-aru.s3-accelerate.amazonaws.com/0e877989-9fe1-4524-a290-babecf1fffd8/ed9f5750d07e4dccbc15d1af48aaac0b.flac
CANFOR,Interior Broadleaf Working Group ARU Monitoring 2025 Limited Amplitude Processing,3701,DOC213-FR-C,492653,2025-06-07 05:12:00,2894193,1SPT,2622019,t,OCWA,Orange-crowned Warbler,LEIOTHLYPIS CELATA,Aves,94.37,180.00,1.48,1.98kHz,7.02kHz,5251746,2,Song,1,,f,2,Leonard Patterson,2623,,f,-35.14,-37.9,2,0.014608,-0.003143,0.032166,-29.85,-52.87,-60.65,2,0,-0.008789,0.008667,-41.12,-33.73,-36.38,2,0.015834,-0.018219,0.048523,-26.28,-48.05,-58.36,2,0,-0.015808,0.014282,-36.02,t,https://portal.wildtrax.ca/home/aru-tasks/recording.html?taskId=2622019,https://wildtrax-aru.s3-accelerate.amazonaws.com/0e877989-9fe1-4524-a290-babecf1fffd8/87c81120fe234beca1cdf986923d2854.jpg,https://wildtrax-aru.s3-accelerate.amazonaws.com/0e877989-9fe1-4524-a290-babecf1fffd8/715bc19d753048438e0e4dbd9de14713.flac
CANFOR,Interior Broadleaf Working Group ARU Monitoring 2025 Limited Amplitude Processing,3701,DOC213-FR-C,492653,2025-06-07 05:12:00,2894193,1SPT,2622019,t,WTSP,White-throated Sparrow,ZONOTRICHIA ALBICOLLIS,Aves,124.00,180.00,1.94,2.41kHz,4.68kHz,5252430,2,Song,1,,f,1,Leonard Patterson,2623,,f,-34.88,-38.16,2,0.014635,0.000092,0.031403,-30.06,-61.78,-65.26,3,0,-0.00296,0.002747,-50.57,-33.87,-36.36,2,0.015963,-0.006866,0.040741,-27.8,-59.03,-61.55,2,0,-0.004547,0.003937,-46.85,t,https://portal.wildtrax.ca/home/aru-tasks/recording.html?taskId=2622019,https://wildtrax-aru.s3-accelerate.amazonaws.com/0e877989-9fe1-4524-a290-babecf1fffd8/7fd23003c495414aaaaa6c955d88efb5.jpg,https://wildtrax-aru.s3-accelerate.amazonaws.com/0e877989-9fe1-4524-a290-babecf1fffd8/e4e4b88bb67f43a689583e165b7deaea.flac
CANFOR,Interior Broadleaf Working Group ARU Monitoring 2025 Limited Amplitude Processing,3701,DOC213-FR-C,492653,2025-06-09 05:11:00,3040917,1SPT,2773563,t,SWTH,Swainson's Thrush,CATHARUS USTULATUS,Aves,4.36,180.00,1.45,0.85kHz,5.49kHz,5293222,1,Song,1,,f,1,Leonard Patterson,2623,,f,-34.49,-38.91,2,0.014647,-0.001282,0.029694,-30.55,-55.38,-61.49,2,-0.000001,-0.006042,0.006287,-44.03,-33.66,-36.79,2,0.01565,-0.010345,0.039673,-28.03,-55.55,-57.86,2,-0.000001,-0.0065,0.005493,-43.74,t,https://portal.wildtrax.ca/home/aru-tasks/recording.html?taskId=2773563,https://wildtrax-aru.s3-accelerate.amazonaws.com/2b2cd1de-c592-48eb-bde6-6f82ea745b02/1e916cc44a0049b385992212d6927328.jpg,https://wildtrax-aru.s3-accelerate.amazonaws.com/2b2cd1de-c592-48eb-bde6-6f82ea745b02/5bcb5469f59a435faa9bd63ecd0422e5.flac
CANFOR,Interior Broadleaf Working Group ARU Monitoring 2025 Limited Amplitude Processing,3701,DOC213-FR-C,492653,2025-06-09 05:11:00,3040917,1SPT,2773563,t,OCWA,Orange-crowned Warbler,LEIOTHLYPIS CELATA,Aves,5.77,180.00,1.76,2.24kHz,8.11kHz,5293213,1,Song,1,,f,1,Leonard Patterson,2623,,f,-31.87,-37.51,2,0.014703,-0.040771,0.079468,-22,-35.08,-59.85,2,0,-0.058594,0.057861,-24.64,-33.68,-36.23,2,0.015709,-0.023224,0.052643,-25.57,-40.35,-58.93,2,0,-0.029053,0.029694,-30.55,t,https://portal.wildtrax.ca/home/aru-tasks/recording.html?taskId=2773563,https://wildtrax-aru.s3-accelerate.amazonaws.com/2b2cd1de-c592-48eb-bde6-6f82ea745b02/68810ab1a0ae419091036a3bb6228d45.jpg,https://wildtrax-aru.s3-accelerate.amazonaws.com/2b2cd1de-c592-48eb-bde6-6f82ea745b02/29f27a032402498388f7a3d0dc8fc857.flac
CANFOR,Interior Broadleaf Working Group ARU Monitoring 2025 Limited Amplitude Processing,3701,DOC213-FR-C,492653,2025-06-09 05:11:00,3040917,1SPT,2773563,t,WTSP,White-throated Sparrow,ZONOTRICHIA ALBICOLLIS,Aves,11.63,180.00,1.86,3.07kHz,4.92kHz,5293224,1,Song,1,,f,1,Leonard Patterson,2623,,f,-34.76,-38.16,2,0.014599,0.000793,0.029388,-30.64,-60.06,-67.5,2,0,-0.003296,0.003326,-49.56,-33.83,-36.81,2,0.015667,-0.005554,0.040039,-27.95,-59.22,-64.59,2,0,-0.003632,0.00354,-48.8,t,https://portal.wildtrax.ca/home/aru-tasks/recording.html?taskId=2773563,https://wildtrax-aru.s3-accelerate.amazonaws.com/2b2cd1de-c592-48eb-bde6-6f82ea745b02/15c5ce3060d04facaf77c9a0410f7e3c.jpg,https://wildtrax-aru.s3-accelerate.amazonaws.com/2b2cd1de-c592-48eb-bde6-6f82ea745b02/dc4cc893a0fa4f48a754cee887f502d4.flac
CANFOR,Interior Broadleaf Working Group ARU Monitoring 2025 Limited Amplitude Processing,3701,DOC213-FR-C,492653,2025-06-09 05:11:00,3040917,1SPT,2773563,t,AMRO,American Robin,TURDUS MIGRATORIUS,Aves,40.87,180.00,3.11,1.52kHz,4.20kHz,5293214,1,Song,1,,f,1,Leonard Patterson,2623,,f,-34.09,-38.75,2,0.014577,-0.004272,0.030518,-30.31,-46.96,-64.5,2,0,-0.011536,0.011414,-38.76,-34.05,-36.92,2,0.015915,-0.011078,0.037476,-28.53,-48.69,-60.68,3,0,-0.008423,0.008606,-41.3,t,https://portal.wildtrax.ca/home/aru-tasks/recording.html?taskId=2773563,https://wildtrax-aru.s3-accelerate.amazonaws.com/2b2cd1de-c592-48eb-bde6-6f82ea745b02/140a3508b48843f3849143f0763fff04.jpg,https://wildtrax-aru.s3-accelerate.amazonaws.com/2b2cd1de-c592-48eb-bde6-6f82ea745b02/4f6d9589137548d78ba30b7030a45f9d.flac
CANFOR,Interior Broadleaf Working Group ARU Monitoring 2025 Limited Amplitude Processing,3701,DOC213-FR-C,492653,2025-06-09 05:11:00,3040917,1SPT,2773563,t,OSFL,Olive-sided Flycatcher,CONTOPUS COOPERI,Aves,44.46,180.00,1.51,1.47kHz,4.66kHz,5293215,1,Song,1,,f,1,Leonard Patterson,2623,,f,-34.71,-38.16,2,0.014563,-0.000977,0.031372,-30.07,-51.53,-63.34,3,-0.000001,-0.006744,0.00708,-43,-33.66,-36.85,2,0.015831,-0.006592,0.040131,-27.93,-50.12,-59.94,2,-0.000001,-0.008545,0.008331,-41.37,t,https://portal.wildtrax.ca/home/aru-tasks/recording.html?taskId=2773563,https://wildtrax-aru.s3-accelerate.amazonaws.com/2b2cd1de-c592-48eb-bde6-6f82ea745b02/3eeb54d6cb7844eab959daf86bd637e1.jpg,https://wildtrax-aru.s3-accelerate.amazonaws.com/2b2cd1de-c592-48eb-bde6-6f82ea745b02/a475451e4fa14d1492e8e00f65537204.flac
CANFOR,Interior Broadleaf Working Group ARU Monitoring 2025 Limited Amplitude Processing,3701,DOC213-FR-C,492653,2025-06-09 05:11:00,3040917,1SPT,2773563,t,DUFL,Dusky Flycatcher,EMPIDONAX OBERHOLSERI,Aves,65.28,180.00,0.33,3.07kHz,6.10kHz,5293235,1,Song,1,,f,2,Leonard Patterson,2623,,f,-35.29,-36.67,2,0.015216,0.003174,0.026215,-31.63,-64.27,-65.2,2,-0.000001,-0.005219,0.004547,-45.65,-34.61,-35.84,2,0.016235,-0.003906,0.035187,-29.07,-61.31,-62.36,2,0,-0.003265,0.003601,-48.87,t,https://portal.wildtrax.ca/home/aru-tasks/recording.html?taskId=2773563,https://wildtrax-aru.s3-accelerate.amazonaws.com/2b2cd1de-c592-48eb-bde6-6f82ea745b02/918b63a77e6948a3b2e5c12b8dc4a535.jpg,https://wildtrax-aru.s3-accelerate.amazonaws.com/2b2cd1de-c592-48eb-bde6-6f82ea745b02/d5b7e252191a4a69bada26c826d42feb.flac
CANFOR,Interior Broadleaf Working Group ARU Monitoring 2025 Limited Amplitude Processing,3701,DOC213-FR-C,492653,2025-06-09 05:11:00,3040917,1SPT,2773563,t,AMRO,American Robin,TURDUS MIGRATORIUS,Aves,66.64,180.00,0.53,1.02kHz,3.54kHz,5293237,2,Song,1,,f,1,Leonard Patterson,2623,,f,-34.5,-38.28,2,0.014842,-0.004669,0.031311,-30.09,-54.77,-59.06,2,-0.000002,-0.007019,0.005249,-43.07,-33.82,-36.78,2,0.016217,-0.003296,0.045776,-26.79,-56.71,-58.35,2,-0.000002,-0.007385,0.006561,-42.63,t,https://portal.wildtrax.ca/home/aru-tasks/recording.html?taskId=2773563,https://wildtrax-aru.s3-accelerate.amazonaws.com/2b2cd1de-c592-48eb-bde6-6f82ea745b02/fe9cd317223e4b4089fb8e7c6f8e7c95.jpg,https://wildtrax-aru.s3-accelerate.amazonaws.com/2b2cd1de-c592-48eb-bde6-6f82ea745b02/e268928972034fdeb394de33ef140cd0.flac
CANFOR,Interior Broadleaf Working Group ARU Monitoring 2025 Limited Amplitude Processing,3701,DOC213-FR-C,492653,2025-06-09 05:11:00,3040917,1SPT,2773563,t,OCWA,Orange-crowned Warbler,LEIOTHLYPIS CELATA,Aves,161.81,180.00,1.53,3.58kHz,6.72kHz,5293221,2,Song,1,,f,1,Leonard Patterson,2623,,f,-34.23,-38.61,2,0.01467,0.00116,0.027863,-31.1,-60.86,-64.8,2,0,-0.003876,0.003998,-47.96,-33.9,-36.37,2,0.016052,-0.013489,0.038696,-28.25,-60.33,-62.98,2,0,-0.003815,0.00354,-48.37,t,https://portal.wildtrax.ca/home/aru-tasks/recording.html?taskId=2773563,https://wildtrax-aru.s3-accelerate.amazonaws.com/2b2cd1de-c592-48eb-bde6-6f82ea745b02/8667da8c8dd94d43b94133c417e33e39.jpg,https://wildtrax-aru.s3-accelerate.amazonaws.com/2b2cd1de-c592-48eb-bde6-6f82ea745b02/67193ece172e418ea9143ac51f8ffe8a.flac
CANFOR,Interior Broadleaf Working Group ARU Monitoring 2025 Limited Amplitude Processing,3701,DOC213-FR-C,492653,2025-06-09 05:11:00,3040917,1SPT,2773563,t,DEJU,Dark-eyed Junco,JUNCO HYEMALIS,Aves,176.02,180.00,1.84,2.91kHz,5.54kHz,5293239,1,Song,1,,f,1,Leonard Patterson,2623,,f,-34.04,-39.09,2,0.014535,0.001617,0.030579,-30.29,-54.51,-64.94,2,0,-0.006317,0.006287,-43.99,-34.02,-37.09,2,0.01609,-0.004181,0.039093,-28.16,-58.64,-62.88,2,0,-0.004272,0.004425,-47.08,t,https://portal.wildtrax.ca/home/aru-tasks/recording.html?taskId=2773563,https://wildtrax-aru.s3-accelerate.amazonaws.com/2b2cd1de-c592-48eb-bde6-6f82ea745b02/1806dd2838b7473e99ccbc4874700ae3.jpg,https://wildtrax-aru.s3-accelerate.amazonaws.com/2b2cd1de-c592-48eb-bde6-6f82ea745b02/3cad93431ca743e0bb7e10c7db900cbf.flac
CANFOR,Interior Broadleaf Working Group ARU Monitoring 2025 Limited Amplitude Processing,3701,DOC213-FR-C,492653,2025-06-10 05:11:00,2894196,1SPT,2622022,t,RCKI,Ruby-crowned Kinglet,CORTHYLIO CALENDULA,Aves,4.19,180.00,0.70,2.39kHz,4.14kHz,5252982,1,Song,1,,f,1,Leonard Patterson,2623,,f,-35.1,-37.88,2,0.014753,-0.001892,0.028137,-31.01,-62.97,-67.19,3,0,-0.00238,0.002319,-52.47,-34.6,-36.7,2,0.015828,-0.004791,0.035736,-28.94,-60.31,-63.29,2,0,-0.003235,0.002869,-49.8,t,https://portal.wildtrax.ca/home/aru-tasks/recording.html?taskId=2622022,https://wildtrax-aru.s3-accelerate.amazonaws.com/d46e2e48-1cc9-4097-8a4b-bf3484c17e91/f639639ec7e94234a1d983bf7ff0bb8c.jpg,https://wildtrax-aru.s3-accelerate.amazonaws.com/d46e2e48-1cc9-4097-8a4b-bf3484c17e91/9f9e5656ad3a40e5a7a66a84fa02349c.flac
CANFOR,Interior Broadleaf Working Group ARU Monitoring 2025 Limited Amplitude Processing,3701,DOC213-FR-C,492653,2025-06-10 05:11:00,2894196,1SPT,2622022,t,OCWA,Orange-crowned Warbler,LEIOTHLYPIS CELATA,Aves,31.09,180.00,1.58,2.57kHz,7.51kHz,5252951,1,Song,1,,f,2,Leonard Patterson,2623,,f,-34.36,-37.89,2,0.01463,-0.003998,0.036652,-28.72,-47.65,-58.42,2,0,-0.015045,0.015167,-36.38,-34.01,-36.43,2,0.015842,-0.010864,0.043701,-27.19,-46.3,-57.32,2,0,-0.02066,0.02066,-33.7,t,https://portal.wildtrax.ca/home/aru-tasks/recording.html?taskId=2622022,https://wildtrax-aru.s3-accelerate.amazonaws.com/d46e2e48-1cc9-4097-8a4b-bf3484c17e91/03ae715e72e14b07af4cb91481395700.jpg,https://wildtrax-aru.s3-accelerate.amazonaws.com/d46e2e48-1cc9-4097-8a4b-bf3484c17e91/985e594d4ae548fa9a0d4da5cc0d138d.flac
CANFOR,Interior Broadleaf Working Group ARU Monitoring 2025 Limited Amplitude Processing,3701,DOC213-FR-C,492653,2025-06-10 05:11:00,2894196,1SPT,2622022,t,OCWA,Orange-crowned Warbler,LEIOTHLYPIS CELATA,Aves,43.28,180.00,1.59,2.88kHz,5.76kHz,5252957,2,Song,1,,f,1,Leonard Patterson,2623,,f,-35.22,-37.93,2,0.014727,-0.000458,0.029999,-30.46,-62.76,-65.76,2,0,-0.003784,0.002716,-48.44,-34.11,-36.54,2,0.015868,-0.005646,0.039246,-28.12,-60.8,-62.56,2,0,-0.004181,0.003632,-47.57,t,https://portal.wildtrax.ca/home/aru-tasks/recording.html?taskId=2622022,https://wildtrax-aru.s3-accelerate.amazonaws.com/d46e2e48-1cc9-4097-8a4b-bf3484c17e91/3ec8108840ad47d6a3e606b88b1d23fa.jpg,https://wildtrax-aru.s3-accelerate.amazonaws.com/d46e2e48-1cc9-4097-8a4b-bf3484c17e91/55bd5ffbf0bf48338d67fa733b841c70.flac
CANFOR,Interior Broadleaf Working Group ARU Monitoring 2025 Limited Amplitude Processing,3701,DOC213-FR-C,492653,2025-06-10 05:11:00,2894196,1SPT,2622022,t,WTSP,White-throated Sparrow,ZONOTRICHIA ALBICOLLIS,Aves,59.49,180.00,3.08,2.88kHz,5.71kHz,5252964,1,Song,1,,f,1,Leonard Patterson,2623,,f,-34.69,-37.98,2,0.014742,0.000977,0.029205,-30.69,-56.63,-65.03,2,0,-0.004089,0.004059,-47.77,-33.85,-36.55,2,0.015905,-0.006714,0.043213,-27.29,-55.34,-62.44,2,0,-0.004852,0.005066,-45.91,t,https://portal.wildtrax.ca/home/aru-tasks/recording.html?taskId=2622022,https://wildtrax-aru.s3-accelerate.amazonaws.com/d46e2e48-1cc9-4097-8a4b-bf3484c17e91/3ef6706371a04339a42b07345cc70c70.jpg,https://wildtrax-aru.s3-accelerate.amazonaws.com/d46e2e48-1cc9-4097-8a4b-bf3484c17e91/803eacf6b2524a2dbec290d9cb854350.flac
CANFOR,Interior Broadleaf Working Group ARU Monitoring 2025 Limited Amplitude Processing,3701,DOC213-FR-C,492653,2025-06-10 05:11:00,2894196,1SPT,2622022,t,WTSP,White-throated Sparrow,ZONOTRICHIA ALBICOLLIS,Aves,120.14,180.00,1.79,2.78kHz,4.58kHz,5252971,2,Song,1,,f,1,Leonard Patterson,2623,,f,-34.78,-37.73,2,0.014625,-0.007233,0.031982,-29.9,-55.3,-66.54,2,0,-0.004181,0.003937,-47.57,-33.65,-36.93,2,0.015942,-0.013245,0.046051,-26.74,-53.82,-63.69,2,0,-0.004944,0.004913,-46.12,t,https://portal.wildtrax.ca/home/aru-tasks/recording.html?taskId=2622022,https://wildtrax-aru.s3-accelerate.amazonaws.com/d46e2e48-1cc9-4097-8a4b-bf3484c17e91/109e0807aa3445758b712b5d09ae5858.jpg,https://wildtrax-aru.s3-accelerate.amazonaws.com/d46e2e48-1cc9-4097-8a4b-bf3484c17e91/50d382b434ee42968991467633fa8fd7.flac
CANFOR,Interior Broadleaf Working Group ARU Monitoring 2025 Limited Amplitude Processing,3701,DOC213-FR-C,492653,2025-06-10 05:11:00,2894196,1SPT,2622022,t,WTSP,White-throated Sparrow,ZONOTRICHIA ALBICOLLIS,Aves,167.38,180.00,1.56,2.57kHz,3.55kHz,5252974,3,Song,1,,f,1,Leonard Patterson,2623,,f,-34.86,-37.98,2,0.0147,0.000122,0.029846,-30.5,-63.13,-69.68,2,0,-0.002106,0.001923,-53.53,-33.82,-36.78,2,0.015791,-0.005646,0.03775,-28.46,-64.11,-66.74,3,0,-0.002716,0.002441,-51.32,t,https://portal.wildtrax.ca/home/aru-tasks/recording.html?taskId=2622022,https://wildtrax-aru.s3-accelerate.amazonaws.com/d46e2e48-1cc9-4097-8a4b-bf3484c17e91/36b4f36e9e044ad0a1d526ea5c340b2a.jpg,https://wildtrax-aru.s3-accelerate.amazonaws.com/d46e2e48-1cc9-4097-8a4b-bf3484c17e91/9ff2acf9de1f4e65b8cb599aefc803ab.flac
CANFOR,Interior Broadleaf Working Group ARU Monitoring 2025 Limited Amplitude Processing,3701,DOC213-FR-C,492653,2025-06-10 05:11:00,2894196,1SPT,2622022,t,DEJU,Dark-eyed Junco,JUNCO HYEMALIS,Aves,172.63,180.00,1.89,3.14kHz,6.64kHz,5252976,1,Song,1,,f,1,Leonard Patterson,2623,,f,-34.92,-37.95,2,0.014668,-0.00766,0.033936,-29.39,-54.38,-64.68,2,0,-0.006134,0.006012,-44.25,-33.98,-36.68,2,0.015801,-0.009155,0.042328,-27.47,-52.21,-61.59,2,0,-0.007568,0.007599,-42.39,t,https://portal.wildtrax.ca/home/aru-tasks/recording.html?taskId=2622022,https://wildtrax-aru.s3-accelerate.amazonaws.com/d46e2e48-1cc9-4097-8a4b-bf3484c17e91/4bf0ac62fd9c44d48c1375fe462c5072.jpg,https://wildtrax-aru.s3-accelerate.amazonaws.com/d46e2e48-1cc9-4097-8a4b-bf3484c17e91/51ef3b7b22344b529258f1e032b4fb83.flac
CANFOR,Interior Broadleaf Working Group ARU Monitoring 2025 Limited Amplitude Processing,3701,DOC213-HR-C,492668,2025-06-04 05:14:00,2894194,1SPT,2622020,t,HAWO,Hairy Woodpecker,DRYOBATES VILLOSUS,Aves,0.17,180.00,2.99,0.61kHz,10.60kHz,5252432,1,Call,1,,f,2,Leonard Patterson,2623,,f,-33.27,-34.26,2,0.02046,0.006744,0.034515,-29.24,-48.87,-59.13,2,-0.000001,-0.013031,0.01355,-37.36,-42.56,-47.77,2,0.004549,-0.012054,0.026825,-31.43,-45.16,-59.14,2,0,-0.019775,0.018372,-34.08,t,https://portal.wildtrax.ca/home/aru-tasks/recording.html?taskId=2622020,https://wildtrax-aru.s3-accelerate.amazonaws.com/7e0ab6a9-0ec2-4bff-ba5f-5c1a2720ddb2/e16418f3bdc4459caaaa294433ffc915.jpg,https://wildtrax-aru.s3-accelerate.amazonaws.com/7e0ab6a9-0ec2-4bff-ba5f-5c1a2720ddb2/dbc89761e6c14f67b7c4f273eb4163d7.flac
CANFOR,Interior Broadleaf Working Group ARU Monitoring 2025 Limited Amplitude Processing,3701,DOC213-HR-C,492668,2025-06-04 05:14:00,2894194,1SPT,2622020,t,YRWA,Yellow-rumped Warbler,SETOPHAGA CORONATA,Aves,19.69,180.00,1.00,2.85kHz,6.46kHz,5252433,1,Song,1,,f,2,Leonard Patterson,2623,,f,-33.28,-34.13,2,0.020567,0.011444,0.031036,-30.16,-59.91,-63.05,2,0,-0.005157,0.003998,-45.75,-44.36,-47.06,2,0.004611,-0.004669,0.016144,-35.84,-57.45,-61.83,2,0,-0.004456,0.004669,-46.62,t,https://portal.wildtrax.ca/home/aru-tasks/recording.html?taskId=2622020,https://wildtrax-aru.s3-accelerate.amazonaws.com/7e0ab6a9-0ec2-4bff-ba5f-5c1a2720ddb2/9d7c5665011b4a55a536c5cfd90ad78d.jpg,https://wildtrax-aru.s3-accelerate.amazonaws.com/7e0ab6a9-0ec2-4bff-ba5f-5c1a2720ddb2/f0b5d9fbb9914d0eb4a8d29f4c0a4beb.flac
CANFOR,Interior Broadleaf Working Group ARU Monitoring 2025 Limited Amplitude Processing,3701,DOC213-HR-C,492668,2025-06-04 05:14:00,2894194,1SPT,2622020,t,WAVI,Warbling Vireo,VIREO GILVUS,Aves,22.13,180.00,0.89,1.92kHz,4.35kHz,5252440,1,Song,1,,f,2,Leonard Patterson,2623,,f,-33.25,-34.12,2,0.020517,0.012543,0.029144,-30.71,-61.59,-63.94,2,-0.000001,-0.005707,0.003113,-44.87,-44.06,-47.68,2,0.004514,-0.003601,0.012848,-37.82,-59.97,-62.86,2,0,-0.003693,0.003784,-48.44,t,https://portal.wildtrax.ca/home/aru-tasks/recording.html?taskId=2622020,https://wildtrax-aru.s3-accelerate.amazonaws.com/7e0ab6a9-0ec2-4bff-ba5f-5c1a2720ddb2/7276d3bed68443dda3d122c34e2ed0a7.jpg,https://wildtrax-aru.s3-accelerate.amazonaws.com/7e0ab6a9-0ec2-4bff-ba5f-5c1a2720ddb2/5318e14125b54dc58c8f3423c2dc0b19.flac
CANFOR,Interior Broadleaf Working Group ARU Monitoring 2025 Limited Amplitude Processing,3701,DOC213-HR-C,492668,2025-06-04 05:14:00,2894194,1SPT,2622020,t,DUFL,Dusky Flycatcher,EMPIDONAX OBERHOLSERI,Aves,48.16,180.00,0.39,3.37kHz,6.25kHz,5252434,1,Song,1,,f,2,Leonard Patterson,2623,,f,-33.61,-34.05,2,0.020309,0.011993,0.028778,-30.82,-63.25,-64.16,2,-0.000001,-0.004486,0.002991,-46.96,-45.32,-46.91,2,0.004416,-0.003662,0.013092,-37.66,-59.88,-63.21,2,0,-0.003754,0.003967,-48.03,t,https://portal.wildtrax.ca/home/aru-tasks/recording.html?taskId=2622020,https://wildtrax-aru.s3-accelerate.amazonaws.com/7e0ab6a9-0ec2-4bff-ba5f-5c1a2720ddb2/d6f3f97720574011a940666f7031bbae.jpg,https://wildtrax-aru.s3-accelerate.amazonaws.com/7e0ab6a9-0ec2-4bff-ba5f-5c1a2720ddb2/b5329b43546648dbbdbd23ac623d54e6.flac
CANFOR,Interior Broadleaf Working Group ARU Monitoring 2025 Limited Amplitude Processing,3701,DOC213-HR-C,492668,2025-06-04 05:14:00,2894194,1SPT,2622020,t,SWTH,Swainson's Thrush,CATHARUS USTULATUS,Aves,51.63,180.00,0.75,1.15kHz,3.93kHz,5252435,1,Song,1,,f,2,Leonard Patterson,2623,,f,-32.78,-33.91,2,0.020432,-0.013092,0.057007,-24.88,-59.51,-62.1,2,-0.000002,-0.007843,0.004303,-42.11,-33.64,-41.48,2,0.004518,-0.067749,0.077667,-22.2,-56.82,-60.94,2,0,-0.005402,0.005157,-45.35,t,https://portal.wildtrax.ca/home/aru-tasks/recording.html?taskId=2622020,https://wildtrax-aru.s3-accelerate.amazonaws.com/7e0ab6a9-0ec2-4bff-ba5f-5c1a2720ddb2/b75bbed0d9d747cfae80d2c7e0613db8.jpg,https://wildtrax-aru.s3-accelerate.amazonaws.com/7e0ab6a9-0ec2-4bff-ba5f-5c1a2720ddb2/1621a033c7a74d538dd39ef3b3519c4f.flac
CANFOR,Interior Broadleaf Working Group ARU Monitoring 2025 Limited Amplitude Processing,3701,DOC213-HR-C,492668,2025-06-04 05:14:00,2894194,1SPT,2622020,t,WTSP,White-throated Sparrow,ZONOTRICHIA ALBICOLLIS,Aves,53.43,180.00,1.39,4.40kHz,5.12kHz,5252439,1,Song,1,,f,2,Leonard Patterson,2623,,f,-33.36,-34.48,2,0.020326,0.0112,0.0289,-30.78,-69.56,-72.17,10,0,-0.001068,0.001099,-59.18,-44.36,-47.99,2,0.004449,-0.005676,0.013092,-37.66,-65.48,-70.56,2,0,-0.001648,0.001617,-55.66,t,https://portal.wildtrax.ca/home/aru-tasks/recording.html?taskId=2622020,https://wildtrax-aru.s3-accelerate.amazonaws.com/7e0ab6a9-0ec2-4bff-ba5f-5c1a2720ddb2/babb06eedb4b4e6185085b6c33e602d9.jpg,https://wildtrax-aru.s3-accelerate.amazonaws.com/7e0ab6a9-0ec2-4bff-ba5f-5c1a2720ddb2/f4091ff7d2864c4894d5a43a678642cd.flac
CANFOR,Interior Broadleaf Working Group ARU Monitoring 2025 Limited Amplitude Processing,3701,DOC213-HR-C,492668,2025-06-04 05:14:00,2894194,1SPT,2622020,t,OCWA,Orange-crowned Warbler,LEIOTHLYPIS CELATA,Aves,62.63,180.00,1.84,2.36kHz,7.67kHz,5252431,1,Song,1,,f,2,Leonard Patterson,2623,,f,-31.96,-34.14,2,0.020358,-0.031372,0.070801,-23,-36.33,-56.99,3,0,-0.050995,0.050415,-25.85,-32.37,-46.11,2,0.004521,-0.079742,0.083984,-21.52,-32.57,-55.18,2,0,-0.07959,0.0802,-21.92,t,https://portal.wildtrax.ca/home/aru-tasks/recording.html?taskId=2622020,https://wildtrax-aru.s3-accelerate.amazonaws.com/7e0ab6a9-0ec2-4bff-ba5f-5c1a2720ddb2/4c8ebf2ab06a4b4597769045ffc9fced.jpg,https://wildtrax-aru.s3-accelerate.amazonaws.com/7e0ab6a9-0ec2-4bff-ba5f-5c1a2720ddb2/9f09f710479a48f2a5631021c18eb543.flac
CANFOR,Interior Broadleaf Working Group ARU Monitoring 2025 Limited Amplitude Processing,3701,DOC213-HR-C,492668,2025-06-04 05:14:00,2894194,1SPT,2622020,t,UNBI,Unidentified bird,"",Aves,81.93,180.00,1.29,2.75kHz,5.38kHz,5252436,1,Song,1,,f,1,Leonard Patterson,2623,,f,-33.26,-34.14,2,0.020388,0.009857,0.030579,-30.29,-56.84,-62.37,2,0,-0.005554,0.004761,-45.11,-44.16,-47.49,2,0.004412,-0.006592,0.014282,-36.9,-55,-60.45,2,0,-0.006134,0.005981,-44.25,t,https://portal.wildtrax.ca/home/aru-tasks/recording.html?taskId=2622020,https://wildtrax-aru.s3-accelerate.amazonaws.com/7e0ab6a9-0ec2-4bff-ba5f-5c1a2720ddb2/38e781219f084a879b9b463dae2e1edb.jpg,https://wildtrax-aru.s3-accelerate.amazonaws.com/7e0ab6a9-0ec2-4bff-ba5f-5c1a2720ddb2/5c3d6dc689e641868dd12da50d774e55.flac
CANFOR,Interior Broadleaf Working Group ARU Monitoring 2025 Limited Amplitude Processing,3701,DOC213-HR-C,492668,2025-06-04 05:14:00,2894194,1SPT,2622020,t,UNBI,Unidentified bird,"",Aves,109.85,180.00,1.49,1.26kHz,5.43kHz,5252441,2,Song,1,,f,2,Leonard Patterson,2623,,f,-33.26,-34.18,2,0.020474,0.009552,0.029694,-30.55,-60.09,-62.04,2,-0.000001,-0.008148,0.003784,-41.78,-44.64,-47.75,2,0.00439,-0.004822,0.016876,-35.45,-56.94,-61.54,2,0,-0.004333,0.004517,-46.9,t,https://portal.wildtrax.ca/home/aru-tasks/recording.html?taskId=2622020,https://wildtrax-aru.s3-accelerate.amazonaws.com/7e0ab6a9-0ec2-4bff-ba5f-5c1a2720ddb2/8e338a4eb40142c7ba12b133121cb257.jpg,https://wildtrax-aru.s3-accelerate.amazonaws.com/7e0ab6a9-0ec2-4bff-ba5f-5c1a2720ddb2/c281812c3e654ef6af6a49653a8771e1.flac
CANFOR,Interior Broadleaf Working Group ARU Monitoring 2025 Limited Amplitude Processing,3701,DOC213-HR-C,492668,2025-06-04 05:14:00,2894194,1SPT,2622020,t,SWTH,Swainson's Thrush,CATHARUS USTULATUS,Aves,138.50,180.00,0.64,1.46kHz,3.06kHz,5252437,2,Song,1,,f,2,Leonard Patterson,2623,,f,-33.24,-34.28,2,0.020407,0.008362,0.030884,-30.21,-61.71,-65.06,2,-0.000001,-0.005707,0.003296,-44.87,-43.68,-46.71,2,0.004388,-0.005707,0.017578,-35.1,-60.97,-65.4,2,0,-0.002716,0.002899,-50.75,t,https://portal.wildtrax.ca/home/aru-tasks/recording.html?taskId=2622020,https://wildtrax-aru.s3-accelerate.amazonaws.com/7e0ab6a9-0ec2-4bff-ba5f-5c1a2720ddb2/4f403e27bcd646c283e2beff91442668.jpg,https://wildtrax-aru.s3-accelerate.amazonaws.com/7e0ab6a9-0ec2-4bff-ba5f-5c1a2720ddb2/65e113b45b2842f9b61e5e54895732e3.flac
CANFOR,Interior Broadleaf Working Group ARU Monitoring 2025 Limited Amplitude Processing,3701,DOC213-HR-C,492668,2025-06-04 05:14:00,2894194,1SPT,2622020,t,SWTH,Swainson's Thrush,CATHARUS USTULATUS,Aves,152.55,180.00,0.85,0.87kHz,3.60kHz,5252438,3,Song,1,,f,1,Leonard Patterson,2623,,f,-33.23,-34.18,2,0.02037,0.010803,0.030792,-30.23,-60.43,-63.11,2,-0.000002,-0.007751,0.003448,-42.21,-44.2,-47.54,2,0.004256,-0.00412,0.014069,-37.03,-61.15,-62.97,2,0,-0.003113,0.003052,-50.14,t,https://portal.wildtrax.ca/home/aru-tasks/recording.html?taskId=2622020,https://wildtrax-aru.s3-accelerate.amazonaws.com/7e0ab6a9-0ec2-4bff-ba5f-5c1a2720ddb2/c124ab28165447abb75dbc57d600d987.jpg,https://wildtrax-aru.s3-accelerate.amazonaws.com/7e0ab6a9-0ec2-4bff-ba5f-5c1a2720ddb2/5c86349aa05749948780508a85293883.flac
CANFOR,Interior Broadleaf Working Group ARU Monitoring 2025 Limited Amplitude Processing,3701,DOC213-HR-C,492668,2025-06-07 05:12:00,2894197,1SPT,2622023,t,YRWA,Yellow-rumped Warbler,SETOPHAGA CORONATA,Aves,0.00,180.00,0.88,2.65kHz,5.07kHz,5253032,1,Song,1,,f,2,Leonard Patterson,2623,,f,-33.15,-34.35,2,0.020259,0,0.029144,-30.71,-63.1,-65.01,2,0,-0.004059,0.004333,-47.26,-44.06,-47.72,2,0.004536,-0.004364,0.013306,-37.52,-61.1,-63.54,4,0,-0.005005,0.004395,-46.01,t,https://portal.wildtrax.ca/home/aru-tasks/recording.html?taskId=2622023,https://wildtrax-aru.s3-accelerate.amazonaws.com/eaf303d8-cb52-4083-9234-1c338416db55/9bed0742ce29498a88cc3eb541910a66.jpg,https://wildtrax-aru.s3-accelerate.amazonaws.com/eaf303d8-cb52-4083-9234-1c338416db55/cebef8813e784ce69f185742da51ff3f.flac
CANFOR,Interior Broadleaf Working Group ARU Monitoring 2025 Limited Amplitude Processing,3701,DOC213-HR-C,492668,2025-06-07 05:12:00,2894197,1SPT,2622023,t,HAWO,Hairy Woodpecker,DRYOBATES VILLOSUS,Aves,1.81,180.00,0.56,0.35kHz,11.02kHz,5253033,1,Call,1,,f,2,Leonard Patterson,2623,,f,-33.47,-34.14,2,0.020189,0.000916,0.037659,-28.48,-48.64,-58.97,2,-0.000017,-0.017883,0.018219,-34.79,-40.85,-46.42,2,0.004497,-0.030853,0.034424,-29.26,-42.27,-57.42,2,-0.000003,-0.030426,0.03479,-29.17,t,https://portal.wildtrax.ca/home/aru-tasks/recording.html?taskId=2622023,https://wildtrax-aru.s3-accelerate.amazonaws.com/eaf303d8-cb52-4083-9234-1c338416db55/16a40c6a4ad446d1af8d6945a50bf85b.jpg,https://wildtrax-aru.s3-accelerate.amazonaws.com/eaf303d8-cb52-4083-9234-1c338416db55/24fcebeb84ed4a2bbe8d95bfc0a619c0.flac
CANFOR,Interior Broadleaf Working Group ARU Monitoring 2025 Limited Amplitude Processing,3701,DOC213-HR-C,492668,2025-06-07 05:12:00,2894197,1SPT,2622023,t,OCWA,Orange-crowned Warbler,LEIOTHLYPIS CELATA,Aves,45.01,180.00,1.16,4.04kHz,6.25kHz,5253039,1,Song,1,,f,2,Leonard Patterson,2623,,f,-33.38,-34.08,2,0.020376,0.013153,0.028809,-30.81,-63.87,-66.68,2,0,-0.003113,0.002533,-50.14,-44.92,-47.15,2,0.004523,-0.003967,0.013184,-37.6,-62.62,-65.46,2,0,-0.002625,0.002594,-51.62,t,https://portal.wildtrax.ca/home/aru-tasks/recording.html?taskId=2622023,https://wildtrax-aru.s3-accelerate.amazonaws.com/eaf303d8-cb52-4083-9234-1c338416db55/e4aa15f688b8451186cbc45cd7da4ee5.jpg,https://wildtrax-aru.s3-accelerate.amazonaws.com/eaf303d8-cb52-4083-9234-1c338416db55/1505a79807b3408b8039c6fe42c1cb73.flac
CANFOR,Interior Broadleaf Working Group ARU Monitoring 2025 Limited Amplitude Processing,3701,DOC213-HR-C,492668,2025-06-07 05:12:00,2894197,1SPT,2622023,t,RCKI,Ruby-crowned Kinglet,CORTHYLIO CALENDULA,Aves,71.30,180.00,1.34,2.03kHz,3.57kHz,5253042,1,Song,1,,f,2,Leonard Patterson,2623,,f,-33.32,-34.28,2,0.020272,0.010864,0.02887,-30.79,-64.36,-67.53,2,0,-0.003662,0.002808,-48.73,-44.2,-48.03,2,0.004306,-0.005341,0.013519,-37.38,-61.66,-66.09,3,0,-0.002441,0.002533,-51.93,t,https://portal.wildtrax.ca/home/aru-tasks/recording.html?taskId=2622023,https://wildtrax-aru.s3-accelerate.amazonaws.com/eaf303d8-cb52-4083-9234-1c338416db55/33eac93d5cd54fd6a6d50f5581820a88.jpg,https://wildtrax-aru.s3-accelerate.amazonaws.com/eaf303d8-cb52-4083-9234-1c338416db55/3cdb04c162ca4bff8bb19542c5f5a8dc.flac
CANFOR,Interior Broadleaf Working Group ARU Monitoring 2025 Limited Amplitude Processing,3701,DOC213-HR-C,492668,2025-06-07 05:12:00,2894197,1SPT,2622023,t,WTSP,White-throated Sparrow,ZONOTRICHIA ALBICOLLIS,Aves,88.84,180.00,1.09,3.26kHz,4.24kHz,5253050,1,Song,1,,f,2,Leonard Patterson,2623,,f,-33.1,-34.41,2,0.020228,0.009583,0.029724,-30.54,-67.74,-69.99,2,0,-0.002045,0.002045,-53.79,-43.54,-47.66,2,0.004273,-0.006622,0.015076,-36.43,-66.55,-69.5,3,0,-0.001648,0.001709,-55.35,t,https://portal.wildtrax.ca/home/aru-tasks/recording.html?taskId=2622023,https://wildtrax-aru.s3-accelerate.amazonaws.com/eaf303d8-cb52-4083-9234-1c338416db55/afd113e3d8704842b48abd09adcfab88.jpg,https://wildtrax-aru.s3-accelerate.amazonaws.com/eaf303d8-cb52-4083-9234-1c338416db55/fbb8609f39294521a0dba2afb2832746.flac
CANFOR,Interior Broadleaf Working Group ARU Monitoring 2025 Limited Amplitude Processing,3701,DOC213-HR-C,492668,2025-06-07 05:12:00,2894197,1SPT,2622023,t,SWTH,Swainson's Thrush,CATHARUS USTULATUS,Aves,106.13,180.00,1.10,1.41kHz,4.81kHz,5253051,1,Song,1,,f,2,Leonard Patterson,2623,,f,-33.09,-34.4,2,0.020228,0.008972,0.031281,-30.09,-61.1,-63.14,3,-0.000001,-0.008667,0.003235,-41.24,-43.45,-47.95,3,0.004323,-0.004883,0.013794,-37.21,-59.35,-62.36,2,0,-0.004028,0.004028,-47.9,t,https://portal.wildtrax.ca/home/aru-tasks/recording.html?taskId=2622023,https://wildtrax-aru.s3-accelerate.amazonaws.com/eaf303d8-cb52-4083-9234-1c338416db55/51f87f9fc7664fbaa1a107a232bd95be.jpg,https://wildtrax-aru.s3-accelerate.amazonaws.com/eaf303d8-cb52-4083-9234-1c338416db55/aaf73b553e184ec6bb4445f2f8087474.flac
CANFOR,Interior Broadleaf Working Group ARU Monitoring 2025 Limited Amplitude Processing,3701,DOC213-HR-C,492668,2025-06-07 05:12:00,2894197,1SPT,2622023,t,DUFL,Dusky Flycatcher,EMPIDONAX OBERHOLSERI,Aves,124.62,180.00,0.58,2.03kHz,6.41kHz,5253058,1,Song,1,,f,1,Leonard Patterson,2623,,f,-33.38,-34.07,2,0.020501,0.011261,0.029755,-30.53,-61.76,-63.25,2,-0.000001,-0.006622,0.002991,-43.58,-44.83,-47.69,2,0.004394,-0.004608,0.013458,-37.42,-60.67,-62.11,2,-0.000001,-0.003418,0.00354,-49.02,t,https://portal.wildtrax.ca/home/aru-tasks/recording.html?taskId=2622023,https://wildtrax-aru.s3-accelerate.amazonaws.com/eaf303d8-cb52-4083-9234-1c338416db55/efdb01d4c35d4664856aab41a5851590.jpg,https://wildtrax-aru.s3-accelerate.amazonaws.com/eaf303d8-cb52-4083-9234-1c338416db55/b84b04408e5545a99969499f3f734014.flac
CANFOR,Interior Broadleaf Working Group ARU Monitoring 2025 Limited Amplitude Processing,3701,DOC213-HR-C,492668,2025-06-07 05:12:00,2894197,1SPT,2622023,t,OSFL,Olive-sided Flycatcher,CONTOPUS COOPERI,Aves,140.48,180.00,1.05,1.85kHz,3.91kHz,5253062,1,Song,1,,f,2,Leonard Patterson,2623,,t,-33.44,-34.2,2,0.020161,0.010986,0.028412,-30.93,-63.45,-65.63,2,0,-0.004089,0.002686,-47.77,-44.98,-47.76,3,0.00422,-0.006073,0.012573,-38.01,-62.69,-64.98,2,0,-0.002502,0.002441,-52.03,t,https://portal.wildtrax.ca/home/aru-tasks/recording.html?taskId=2622023,https://wildtrax-aru.s3-accelerate.amazonaws.com/eaf303d8-cb52-4083-9234-1c338416db55/e8a951e1eb7f4245b00d3aed32d339b4.jpg,https://wildtrax-aru.s3-accelerate.amazonaws.com/eaf303d8-cb52-4083-9234-1c338416db55/b86021ac6e534557a648d4b2b73007f4.flac
CANFOR,Interior Broadleaf Working Group ARU Monitoring 2025 Limited Amplitude Processing,3701,DOC213-HR-C,492668,2025-06-10 05:11:00,2894199,1SPT,2622026,t,UNPA,Unidentified Passerine,"",Aves,12.93,180.00,1.01,3.44kHz,4.99kHz,5253824,1,Song,1,,f,2,Leonard Patterson,2623,,f,-33.31,-34.39,2,0.020319,0.010071,0.029602,-30.57,-65.95,-68.84,2,0,-0.00235,0.002197,-52.58,-44.14,-47.49,2,0.004518,-0.005737,0.013672,-37.28,-64.43,-69.26,2,0,-0.002228,0.002289,-52.81,t,https://portal.wildtrax.ca/home/aru-tasks/recording.html?taskId=2622026,https://wildtrax-aru.s3-accelerate.amazonaws.com/2b338599-615d-40bd-a8d6-c681a2dbad69/4a27e83e08f4485584bbf152b385ff98.jpg,https://wildtrax-aru.s3-accelerate.amazonaws.com/2b338599-615d-40bd-a8d6-c681a2dbad69/7272cbdd4fa14b48b81c44f659d25797.flac
CANFOR,Interior Broadleaf Working Group ARU Monitoring 2025 Limited Amplitude Processing,3701,DOC213-HR-C,492668,2025-06-10 05:11:00,2894199,1SPT,2622026,t,DUFL,Dusky Flycatcher,EMPIDONAX OBERHOLSERI,Aves,17.25,180.00,0.28,2.34kHz,5.89kHz,5253812,1,Song,1,,f,2,Leonard Patterson,2623,,f,-33.74,-34.03,2,0.020242,0.009644,0.031525,-30.03,-60.88,-61.94,3,-0.000002,-0.006866,0.006561,-43.27,-45.65,-46.78,2,0.004541,-0.005676,0.0177,-35.04,-57.7,-59.31,2,-0.000001,-0.011322,0.010834,-38.92,t,https://portal.wildtrax.ca/home/aru-tasks/recording.html?taskId=2622026,https://wildtrax-aru.s3-accelerate.amazonaws.com/2b338599-615d-40bd-a8d6-c681a2dbad69/60f1b3f0eef54cf8a92cb4dae8942657.jpg,https://wildtrax-aru.s3-accelerate.amazonaws.com/2b338599-615d-40bd-a8d6-c681a2dbad69/4c6719d572b3461f877f8efd2bbdd38c.flac
CANFOR,Interior Broadleaf Working Group ARU Monitoring 2025 Limited Amplitude Processing,3701,DOC213-HR-C,492668,2025-06-10 05:11:00,2894199,1SPT,2622026,t,WAVI,Warbling Vireo,VIREO GILVUS,Aves,41.79,180.00,1.88,1.77kHz,6.30kHz,5253809,1,Song,1,,f,2,Leonard Patterson,2623,,f,-33.13,-34.43,3,0.020426,0.010315,0.031372,-30.07,-57.58,-63.85,2,-0.000001,-0.007507,0.005859,-42.49,-43.37,-48,2,0.004484,-0.005981,0.016724,-35.53,-56.66,-63.6,2,0,-0.005005,0.00528,-45.55,t,https://portal.wildtrax.ca/home/aru-tasks/recording.html?taskId=2622026,https://wildtrax-aru.s3-accelerate.amazonaws.com/2b338599-615d-40bd-a8d6-c681a2dbad69/3a90516256134a5dafc109caa6b8eaf5.jpg,https://wildtrax-aru.s3-accelerate.amazonaws.com/2b338599-615d-40bd-a8d6-c681a2dbad69/6961fa692501486c8926a795484fc8c7.flac
CANFOR,Interior Broadleaf Working Group ARU Monitoring 2025 Limited Amplitude Processing,3701,DOC213-HR-C,492668,2025-06-10 05:11:00,2894199,1SPT,2622026,t,WTSP,White-throated Sparrow,ZONOTRICHIA ALBICOLLIS,Aves,55.05,180.00,3.91,2.65kHz,4.86kHz,5253805,1,Song,1,,f,2,Leonard Patterson,2623,,f,-33.21,-34.62,2,0.020227,0.005554,0.03302,-29.62,-51.96,-66.74,2,0,-0.006653,0.006287,-43.54,-42.54,-47.3,2,0.004479,-0.009766,0.019836,-34.05,-48.21,-65.96,2,0,-0.009369,0.009247,-40.57,t,https://portal.wildtrax.ca/home/aru-tasks/recording.html?taskId=2622026,https://wildtrax-aru.s3-accelerate.amazonaws.com/2b338599-615d-40bd-a8d6-c681a2dbad69/9b4680e99910436f88f75909015f52be.jpg,https://wildtrax-aru.s3-accelerate.amazonaws.com/2b338599-615d-40bd-a8d6-c681a2dbad69/4f7322ead0bb43dd90cdc5d662f5d7e6.flac
CANFOR,Interior Broadleaf Working Group ARU Monitoring 2025 Limited Amplitude Processing,3701,DOC213-HR-C,492668,2025-06-10 05:11:00,2894199,1SPT,2622026,t,WTSP,White-throated Sparrow,ZONOTRICHIA ALBICOLLIS,Aves,81.98,180.00,1.76,2.54kHz,3.83kHz,5253829,2,Song,1,,f,2,Leonard Patterson,2623,,f,-33.32,-34.55,2,0.020183,0.010742,0.030334,-30.36,-68.22,-70.09,2,0,-0.00296,0.002594,-50.57,-44.26,-48.11,2,0.004433,-0.004364,0.015259,-36.33,-67.38,-70.22,3,0,-0.001495,0.001495,-56.51,t,https://portal.wildtrax.ca/home/aru-tasks/recording.html?taskId=2622026,https://wildtrax-aru.s3-accelerate.amazonaws.com/2b338599-615d-40bd-a8d6-c681a2dbad69/b443579428304fe7b3415a7b144944f7.jpg,https://wildtrax-aru.s3-accelerate.amazonaws.com/2b338599-615d-40bd-a8d6-c681a2dbad69/abc875462609454aa2f19e6f8feb8510.flac
CANFOR,Interior Broadleaf Working Group ARU Monitoring 2025 Limited Amplitude Processing,3701,DOC213-HR-C,492668,2025-06-10 05:11:00,2894199,1SPT,2622026,t,WTSP,White-throated Sparrow,ZONOTRICHIA ALBICOLLIS,Aves,106.54,180.00,1.96,2.29kHz,3.62kHz,5253831,3,Song,1,,f,2,Leonard Patterson,2623,,f,-33.27,-34.34,2,0.020346,0.008942,0.030182,-30.41,-64.3,-69.7,2,0,-0.003265,0.002716,-49.72,-44.18,-47.39,2,0.004422,-0.006744,0.013885,-37.15,-62.08,-69.78,2,0,-0.002167,0.002075,-53.28,t,https://portal.wildtrax.ca/home/aru-tasks/recording.html?taskId=2622026,https://wildtrax-aru.s3-accelerate.amazonaws.com/2b338599-615d-40bd-a8d6-c681a2dbad69/27fce779c3bf4a1882224438b9f2f871.jpg,https://wildtrax-aru.s3-accelerate.amazonaws.com/2b338599-615d-40bd-a8d6-c681a2dbad69/01143318d26040cc82afa177f66cdb0c.flac
CANFOR,Interior Broadleaf Working Group ARU Monitoring 2025 Limited Amplitude Processing,3701,DOC213-HR-C,492668,2025-06-10 05:11:00,2894199,1SPT,2622026,t,BCCH,Black-capped Chickadee,POECILE ATRICAPILLUS,Aves,125.26,180.00,1.44,2.52kHz,4.78kHz,5253839,1,Song,1,,f,1,Leonard Patterson,2623,,f,-33.24,-34.45,2,0.0203,0.010071,0.031372,-30.07,-62.74,-66.17,4,0,-0.003326,0.002197,-49.56,-43.37,-47.88,2,0.004443,-0.005005,0.01593,-35.96,-63.86,-66.06,2,0,-0.002472,0.002319,-52.14,t,https://portal.wildtrax.ca/home/aru-tasks/recording.html?taskId=2622026,https://wildtrax-aru.s3-accelerate.amazonaws.com/2b338599-615d-40bd-a8d6-c681a2dbad69/f1b5d2cc49ca4e7984855149b6789390.jpg,https://wildtrax-aru.s3-accelerate.amazonaws.com/2b338599-615d-40bd-a8d6-c681a2dbad69/6151045d712343fb9b89e28df34b44e6.flac
CANFOR,Interior Broadleaf Working Group ARU Monitoring 2025 Limited Amplitude Processing,3701,DOC213-LR-C,492651,2025-06-04 05:14:00,2894200,1SPT,2622025,t,OCWA,Orange-crowned Warbler,LEIOTHLYPIS CELATA,Aves,21.39,180.00,1.55,3.24kHz,7.10kHz,5253195,1,Song,1,,f,2,Leonard Patterson,2623,,f,-33.19,-34.44,2,0.020184,-0.01886,0.05014,-26,-60.28,-63.79,2,0,-0.007324,0.008331,-41.59,-37.99,-42.46,2,0.009217,-0.001434,0.022034,-33.14,-57.06,-62.7,3,0,-0.005249,0.005554,-45.11,t,https://portal.wildtrax.ca/home/aru-tasks/recording.html?taskId=2622025,https://wildtrax-aru.s3-accelerate.amazonaws.com/eb70cb45-96ad-4234-acba-efa27a377c3f/5a81e6adf225448684d5c7f35507351e.jpg,https://wildtrax-aru.s3-accelerate.amazonaws.com/eb70cb45-96ad-4234-acba-efa27a377c3f/92c94e9668334789a39b3c707c9785d9.flac
CANFOR,Interior Broadleaf Working Group ARU Monitoring 2025 Limited Amplitude Processing,3701,DOC213-LR-C,492651,2025-06-04 05:14:00,2894200,1SPT,2622025,t,CHSP,Chipping Sparrow,SPIZELLA PASSERINA,Aves,34.88,180.00,3.24,3.47kHz,7.13kHz,5253180,1,Song,1,,f,2,Leonard Patterson,2623,,f,-32.52,-34.95,2,0.020179,0.00119,0.039246,-28.12,-46.52,-62.54,2,0,-0.015503,0.014862,-36.19,-36.72,-41.81,2,0.009145,-0.031799,0.050934,-25.86,-39.91,-59.39,2,0,-0.038818,0.039795,-28,t,https://portal.wildtrax.ca/home/aru-tasks/recording.html?taskId=2622025,https://wildtrax-aru.s3-accelerate.amazonaws.com/eb70cb45-96ad-4234-acba-efa27a377c3f/e0cf7dbcac1a4135a86e221cdcc90252.jpg,https://wildtrax-aru.s3-accelerate.amazonaws.com/eb70cb45-96ad-4234-acba-efa27a377c3f/6456211667c34f2d9ac3cf3206c7b55c.flac
CANFOR,Interior Broadleaf Working Group ARU Monitoring 2025 Limited Amplitude Processing,3701,DOC213-LR-C,492651,2025-06-04 05:14:00,2894200,1SPT,2622025,t,DUFL,Dusky Flycatcher,EMPIDONAX OBERHOLSERI,Aves,57.66,180.00,3.56,1.80kHz,7.00kHz,5253182,1,Song,1,,f,1,Leonard Patterson,2623,,f,-33.21,-34.47,2,0.020078,0.006287,0.036652,-28.72,-48.85,-62.97,2,0,-0.012909,0.012909,-37.78,-36.52,-44.15,2,0.009238,-0.006653,0.026672,-31.48,-49.69,-62.53,2,0,-0.012512,0.012939,-37.76,t,https://portal.wildtrax.ca/home/aru-tasks/recording.html?taskId=2622025,https://wildtrax-aru.s3-accelerate.amazonaws.com/eb70cb45-96ad-4234-acba-efa27a377c3f/c8d603311a084d42a762fdff8c9f6d70.jpg,https://wildtrax-aru.s3-accelerate.amazonaws.com/eb70cb45-96ad-4234-acba-efa27a377c3f/5ccb32eb81fb48eea95fcbdb74127c4f.flac
CANFOR,Interior Broadleaf Working Group ARU Monitoring 2025 Limited Amplitude Processing,3701,DOC213-LR-C,492651,2025-06-04 05:14:00,2894200,1SPT,2622025,t,NOWA,Northern Waterthrush,PARKESIA NOVEBORACENSIS,Aves,85.34,180.00,1.35,2.95kHz,5.38kHz,5253779,1,Song,1,,f,2,Leonard Patterson,2623,,f,-33.46,-34.28,2,0.020101,0.011963,0.028015,-31.05,-64.97,-66.4,3,0,-0.003845,0.00293,-48.3,-39.13,-42.16,2,0.009157,-0.001495,0.019562,-34.17,-63.42,-66.24,2,0,-0.002563,0.002655,-51.52,t,https://portal.wildtrax.ca/home/aru-tasks/recording.html?taskId=2622025,https://wildtrax-aru.s3-accelerate.amazonaws.com/eb70cb45-96ad-4234-acba-efa27a377c3f/5567de75c1a54ed588831b35396b60d2.jpg,https://wildtrax-aru.s3-accelerate.amazonaws.com/eb70cb45-96ad-4234-acba-efa27a377c3f/798ce54d151f4a3492238899bef5068e.flac
CANFOR,Interior Broadleaf Working Group ARU Monitoring 2025 Limited Amplitude Processing,3701,DOC213-LR-C,492651,2025-06-04 05:14:00,2894200,1SPT,2622025,t,SWTH,Swainson's Thrush,CATHARUS USTULATUS,Aves,90.99,180.00,0.41,1.51kHz,3.57kHz,5253781,1,Song,1,,f,2,Leonard Patterson,2623,,f,-33.68,-34.08,2,0.020162,0.013428,0.028076,-31.03,-64.03,-65.12,2,-0.000002,-0.004852,0.00235,-46.28,-40.09,-41.2,2,0.009027,0.000549,0.019043,-34.41,-59.98,-64.06,2,-0.000001,-0.003082,0.00293,-50.22,t,https://portal.wildtrax.ca/home/aru-tasks/recording.html?taskId=2622025,https://wildtrax-aru.s3-accelerate.amazonaws.com/eb70cb45-96ad-4234-acba-efa27a377c3f/ccebb4413cd94f2da4e14f36921d6036.jpg,https://wildtrax-aru.s3-accelerate.amazonaws.com/eb70cb45-96ad-4234-acba-efa27a377c3f/6a0bc44cb0804503baf2c39d5a92a1d2.flac
CANFOR,Interior Broadleaf Working Group ARU Monitoring 2025 Limited Amplitude Processing,3701,DOC213-LR-C,492651,2025-06-04 05:14:00,2894200,1SPT,2622025,t,WTSP,White-throated Sparrow,ZONOTRICHIA ALBICOLLIS,Aves,108.69,180.00,1.99,2.57kHz,4.37kHz,5253185,1,Song,1,,f,1,Leonard Patterson,2623,,f,-33.08,-34.38,2,0.020166,0.009003,0.032104,-29.87,-52.47,-65.01,2,0,-0.005859,0.005829,-44.64,-38.34,-41.95,2,0.009044,-0.005219,0.024445,-32.24,-54.07,-63.68,2,0,-0.005676,0.005951,-44.51,t,https://portal.wildtrax.ca/home/aru-tasks/recording.html?taskId=2622025,https://wildtrax-aru.s3-accelerate.amazonaws.com/eb70cb45-96ad-4234-acba-efa27a377c3f/28ceda65eb84442f90eacacb794fa4cb.jpg,https://wildtrax-aru.s3-accelerate.amazonaws.com/eb70cb45-96ad-4234-acba-efa27a377c3f/1417d75ce7a845ea8bc7a77ca9338333.flac
CANFOR,Interior Broadleaf Working Group ARU Monitoring 2025 Limited Amplitude Processing,3701,DOC213-LR-C,492651,2025-06-04 05:14:00,2894200,1SPT,2622025,t,HETH,Hermit Thrush,CATHARUS GUTTATUS,Aves,154.83,180.00,1.51,1.10kHz,3.68kHz,5253187,1,Song,1,,f,2,Leonard Patterson,2623,,f,-27.95,-34.3,2,0.020241,-0.099976,0.139954,-17.08,-60.71,-65.01,3,-0.000001,-0.008026,0.003052,-41.91,-26.96,-41.66,2,0.009048,-0.186768,0.204071,-13.8,-48.25,-63.3,2,0,-0.009033,0.008911,-40.88,t,https://portal.wildtrax.ca/home/aru-tasks/recording.html?taskId=2622025,https://wildtrax-aru.s3-accelerate.amazonaws.com/eb70cb45-96ad-4234-acba-efa27a377c3f/fc87e8817f444b9e93e037b4ea4fb74e.jpg,https://wildtrax-aru.s3-accelerate.amazonaws.com/eb70cb45-96ad-4234-acba-efa27a377c3f/ae165cdc319148e8a494c71cde1df2cf.flac
CANFOR,Interior Broadleaf Working Group ARU Monitoring 2025 Limited Amplitude Processing,3701,DOC213-LR-C,492651,2025-06-04 05:14:00,2894200,1SPT,2622025,t,SWSP,Swamp Sparrow,MELOSPIZA GEORGIANA,Aves,170.38,180.00,1.96,2.31kHz,6.23kHz,5253194,1,Song,1,,f,2,Leonard Patterson,2623,,f,-32.94,-34.31,2,0.020065,-0.00943,0.050415,-25.95,-42.15,-58.44,2,0,-0.025909,0.026642,-31.49,-34.19,-41.53,2,0.008995,-0.032684,0.068512,-23.28,-37.88,-55.08,2,0,-0.047302,0.045319,-26.5,t,https://portal.wildtrax.ca/home/aru-tasks/recording.html?taskId=2622025,https://wildtrax-aru.s3-accelerate.amazonaws.com/eb70cb45-96ad-4234-acba-efa27a377c3f/47420c60461f4ea680fb60705f57ca9a.jpg,https://wildtrax-aru.s3-accelerate.amazonaws.com/eb70cb45-96ad-4234-acba-efa27a377c3f/a7de9e51c3c1418a969680643bb9ce25.flac
CANFOR,Interior Broadleaf Working Group ARU Monitoring 2025 Limited Amplitude Processing,3701,DOC213-LR-C,492651,2025-06-07 05:12:00,2894198,1SPT,2622024,t,NOWA,Northern Waterthrush,PARKESIA NOVEBORACENSIS,Aves,24.91,180.00,1.73,1.77kHz,4.86kHz,5253096,1,Song,1,,f,2,Leonard Patterson,2623,,f,-33.21,-34.27,3,0.020312,0.011292,0.031189,-30.12,-63.74,-65.29,2,0,-0.006104,0.003082,-44.29,-38.51,-42.21,2,0.009188,-0.001678,0.020538,-33.75,-62.26,-64.72,2,0,-0.003204,0.002594,-49.89,t,https://portal.wildtrax.ca/home/aru-tasks/recording.html?taskId=2622024,https://wildtrax-aru.s3-accelerate.amazonaws.com/d9836ecb-f112-43a9-8a3e-531b9444b3be/504c396ecde74b9f902917f8bbc21062.jpg,https://wildtrax-aru.s3-accelerate.amazonaws.com/d9836ecb-f112-43a9-8a3e-531b9444b3be/42c0ece8ca1d47c99ff35aa427066dda.flac
CANFOR,Interior Broadleaf Working Group ARU Monitoring 2025 Limited Amplitude Processing,3701,DOC213-LR-C,492651,2025-06-07 05:12:00,2894198,1SPT,2622024,t,PISI,Pine Siskin,SPINUS PINUS,Aves,41.53,180.00,0.34,3.70kHz,6.79kHz,5253110,1,Song,1,,f,2,Leonard Patterson,2623,,f,-33.46,-34.34,2,0.020086,0.010773,0.028809,-30.81,-58.32,-62.22,2,-0.000001,-0.004608,0.004547,-46.73,-38.89,-41.74,2,0.009171,-0.001587,0.021118,-33.51,-57.63,-61.75,2,0,-0.00415,0.004028,-47.64,t,https://portal.wildtrax.ca/home/aru-tasks/recording.html?taskId=2622024,https://wildtrax-aru.s3-accelerate.amazonaws.com/d9836ecb-f112-43a9-8a3e-531b9444b3be/d133862b08964aaabb0e9352200949f2.jpg,https://wildtrax-aru.s3-accelerate.amazonaws.com/d9836ecb-f112-43a9-8a3e-531b9444b3be/f987d33ec3544e858c1b82b81e5d6ec4.flac
CANFOR,Interior Broadleaf Working Group ARU Monitoring 2025 Limited Amplitude Processing,3701,DOC213-LR-C,492651,2025-06-07 05:12:00,2894198,1SPT,2622024,t,CHSP,Chipping Sparrow,SPIZELLA PASSERINA,Aves,52.76,180.00,2.90,4.78kHz,6.95kHz,5253112,1,Song,1,,f,1,Leonard Patterson,2623,,f,-33.22,-34.61,2,0.020162,0.01123,0.031952,-29.91,-63.84,-67.2,2,0,-0.002869,0.002808,-50.85,-37.97,-43.41,2,0.009216,-0.002625,0.022003,-33.15,-63.87,-67.03,2,0,-0.002533,0.002594,-51.72,t,https://portal.wildtrax.ca/home/aru-tasks/recording.html?taskId=2622024,https://wildtrax-aru.s3-accelerate.amazonaws.com/d9836ecb-f112-43a9-8a3e-531b9444b3be/c1c1d87df78d4c0fae036bcc90806d56.jpg,https://wildtrax-aru.s3-accelerate.amazonaws.com/d9836ecb-f112-43a9-8a3e-531b9444b3be/ca66fc51f1f24aa98fbfa0902567d6a5.flac
CANFOR,Interior Broadleaf Working Group ARU Monitoring 2025 Limited Amplitude Processing,3701,DOC213-LR-C,492651,2025-06-07 05:12:00,2894198,1SPT,2622024,t,WTSP,White-throated Sparrow,ZONOTRICHIA ALBICOLLIS,Aves,63.94,180.00,3.36,2.62kHz,4.37kHz,5253117,1,Song,1,,f,2,Leonard Patterson,2623,,f,-33.12,-34.72,3,0.020156,0.009857,0.031799,-29.95,-63.64,-67.31,2,0,-0.003082,0.002563,-50.22,-37.3,-42.95,2,0.009172,-0.005585,0.023102,-32.73,-62.77,-66.75,2,0,-0.00235,0.002472,-52.14,t,https://portal.wildtrax.ca/home/aru-tasks/recording.html?taskId=2622024,https://wildtrax-aru.s3-accelerate.amazonaws.com/d9836ecb-f112-43a9-8a3e-531b9444b3be/37d76bc83e0d4f67b24bc8ee387c89a7.jpg,https://wildtrax-aru.s3-accelerate.amazonaws.com/d9836ecb-f112-43a9-8a3e-531b9444b3be/15cdc97892be49ceb2a94dca79736c1f.flac
CANFOR,Interior Broadleaf Working Group ARU Monitoring 2025 Limited Amplitude Processing,3701,DOC213-LR-C,492651,2025-06-07 05:12:00,2894198,1SPT,2622024,t,LISP,Lincoln's Sparrow,MELOSPIZA LINCOLNII,Aves,97.42,180.00,2.89,1.15kHz,6.61kHz,5253089,1,Song,1,,f,2,Leonard Patterson,2623,,f,-32.7,-35.24,2,0.020096,0.006042,0.031921,-29.92,-54.81,-61.97,2,0,-0.010651,0.006439,-39.45,-36.49,-43.54,2,0.009131,-0.00824,0.027924,-31.08,-53,-61.86,2,0,-0.008942,0.00943,-40.51,t,https://portal.wildtrax.ca/home/aru-tasks/recording.html?taskId=2622024,https://wildtrax-aru.s3-accelerate.amazonaws.com/d9836ecb-f112-43a9-8a3e-531b9444b3be/0124ee49bd9b4b6ca4bcba448195d30f.jpg,https://wildtrax-aru.s3-accelerate.amazonaws.com/d9836ecb-f112-43a9-8a3e-531b9444b3be/893adcc3ef5c4a4fb540ba5fc793d282.flac
CANFOR,Interior Broadleaf Working Group ARU Monitoring 2025 Limited Amplitude Processing,3701,DOC213-LR-C,492651,2025-06-07 05:12:00,2894198,1SPT,2622024,t,UNBI,Unidentified bird,"",Aves,121.71,180.00,8.43,1.98kHz,4.40kHz,5253139,1,Song,1,,f,2,Leonard Patterson,2623,,f,-32.92,-34.79,2,0.020174,0.007538,0.032135,-29.86,-62.66,-66.49,2,0,-0.006012,0.003235,-44.42,-37.4,-42.76,2,0.009149,-0.00647,0.025635,-31.82,-58.09,-66.24,2,0,-0.005585,0.00528,-45.06,t,https://portal.wildtrax.ca/home/aru-tasks/recording.html?taskId=2622024,https://wildtrax-aru.s3-accelerate.amazonaws.com/d9836ecb-f112-43a9-8a3e-531b9444b3be/9e15f46750bb42c88ffb806e08b3a902.jpg,https://wildtrax-aru.s3-accelerate.amazonaws.com/d9836ecb-f112-43a9-8a3e-531b9444b3be/19ce2a838ddf48f384169d27a2b83e88.flac
CANFOR,Interior Broadleaf Working Group ARU Monitoring 2025 Limited Amplitude Processing,3701,DOC213-LR-C,492651,2025-06-07 05:12:00,2894198,1SPT,2622024,t,WTSP,White-throated Sparrow,ZONOTRICHIA ALBICOLLIS,Aves,149.83,180.00,0.63,3.57kHz,4.09kHz,5253156,2,Song,1,,f,2,Leonard Patterson,2623,,f,-33.21,-34.45,2,0.019987,0.009796,0.031342,-30.08,-70.58,-74.34,3,0,-0.001007,0.000977,-59.94,-37.97,-41.14,2,0.009249,-0.006165,0.02243,-32.98,-68.09,-72.25,2,0,-0.001099,0.001099,-59.18,t,https://portal.wildtrax.ca/home/aru-tasks/recording.html?taskId=2622024,https://wildtrax-aru.s3-accelerate.amazonaws.com/d9836ecb-f112-43a9-8a3e-531b9444b3be/8d246eb44607437390eca3f80a780ed8.jpg,https://wildtrax-aru.s3-accelerate.amazonaws.com/d9836ecb-f112-43a9-8a3e-531b9444b3be/76392e3731824e40a7f4de5284df6feb.flac
CANFOR,Interior Broadleaf Working Group ARU Monitoring 2025 Limited Amplitude Processing,3701,DOC213-LR-C,492651,2025-06-07 05:12:00,2894198,1SPT,2622024,t,DUFL,Dusky Flycatcher,EMPIDONAX OBERHOLSERI,Aves,151.60,180.00,3.33,2.98kHz,6.59kHz,5253136,1,Song,1,,f,2,Leonard Patterson,2623,,f,-33.11,-34.7,2,0.020131,0.006592,0.033051,-29.62,-53.63,-65.06,4,0,-0.008301,0.00824,-41.62,-37.54,-42,2,0.009272,-0.008728,0.024811,-32.11,-50.38,-64.72,2,0,-0.013367,0.013306,-37.48,t,https://portal.wildtrax.ca/home/aru-tasks/recording.html?taskId=2622024,https://wildtrax-aru.s3-accelerate.amazonaws.com/d9836ecb-f112-43a9-8a3e-531b9444b3be/c42b7c1d84ab4c2abda0d83a0fb01303.jpg,https://wildtrax-aru.s3-accelerate.amazonaws.com/d9836ecb-f112-43a9-8a3e-531b9444b3be/14d31eb5d8bf496288cc816d2f023339.flac
CANFOR,Interior Broadleaf Working Group ARU Monitoring 2025 Limited Amplitude Processing,3701,DOC213-LR-C,492651,2025-06-10 05:11:00,2894204,1SPT,2622030,t,DUFL,Dusky Flycatcher,EMPIDONAX OBERHOLSERI,Aves,6.89,180.00,2.48,1.64kHz,7.77kHz,5254651,1,Song,1,,f,2,Leonard Patterson,2623,,f,-33.07,-34.48,2,0.020272,-0.004578,0.047424,-26.48,-44.55,-62.5,2,0,-0.022003,0.022095,-33.11,-35.14,-42.52,2,0.009399,-0.048157,0.070953,-22.98,-36.57,-62.03,2,0,-0.054352,0.05423,-25.3,t,https://portal.wildtrax.ca/home/aru-tasks/recording.html?taskId=2622030,https://wildtrax-aru.s3-accelerate.amazonaws.com/3464ac87-d0e2-44e9-b291-06dc2ca38e90/cc56aa507ed647c288d8e9d666591bff.jpg,https://wildtrax-aru.s3-accelerate.amazonaws.com/3464ac87-d0e2-44e9-b291-06dc2ca38e90/fdcad4d123f74c5fab02fa570c14bd72.flac
CANFOR,Interior Broadleaf Working Group ARU Monitoring 2025 Limited Amplitude Processing,3701,DOC213-LR-C,492651,2025-06-10 05:11:00,2894204,1SPT,2622030,t,SWTH,Swainson's Thrush,CATHARUS USTULATUS,Aves,21.92,180.00,1.06,1.44kHz,3.44kHz,5254681,1,Song,1,,f,2,Leonard Patterson,2623,,f,-33.13,-34.25,2,0.020217,0.005615,0.034485,-29.25,-62.78,-66.62,2,-0.000001,-0.005798,0.003021,-44.73,-38.43,-41.84,2,0.00927,-0.005005,0.025024,-32.03,-61.66,-66.39,3,0,-0.004364,0.002899,-47.2,t,https://portal.wildtrax.ca/home/aru-tasks/recording.html?taskId=2622030,https://wildtrax-aru.s3-accelerate.amazonaws.com/3464ac87-d0e2-44e9-b291-06dc2ca38e90/13975ca9705b469487206197cd1ccc98.jpg,https://wildtrax-aru.s3-accelerate.amazonaws.com/3464ac87-d0e2-44e9-b291-06dc2ca38e90/702daa628cf54fdb86b5201476161179.flac
CANFOR,Interior Broadleaf Working Group ARU Monitoring 2025 Limited Amplitude Processing,3701,DOC213-LR-C,492651,2025-06-10 05:11:00,2894204,1SPT,2622030,t,DEJU,Dark-eyed Junco,JUNCO HYEMALIS,Aves,32.50,180.00,1.23,3.96kHz,5.86kHz,5254663,1,Song,1,,f,2,Leonard Patterson,2623,,f,-33.12,-34.58,2,0.020314,0.010345,0.031555,-30.02,-60.07,-65.99,2,0,-0.003082,0.003265,-49.72,-37,-42.19,2,0.009543,-0.00531,0.024933,-32.06,-56.38,-64.72,2,0,-0.004852,0.005157,-45.75,t,https://portal.wildtrax.ca/home/aru-tasks/recording.html?taskId=2622030,https://wildtrax-aru.s3-accelerate.amazonaws.com/3464ac87-d0e2-44e9-b291-06dc2ca38e90/fe853eda388741ebae298f7b9fa364fb.jpg,https://wildtrax-aru.s3-accelerate.amazonaws.com/3464ac87-d0e2-44e9-b291-06dc2ca38e90/9c0022ef9b05433394a246bdba7d397e.flac
CANFOR,Interior Broadleaf Working Group ARU Monitoring 2025 Limited Amplitude Processing,3701,DOC213-LR-C,492651,2025-06-10 05:11:00,2894204,1SPT,2622030,t,WETA,Western Tanager,PIRANGA LUDOVICIANA,Aves,38.26,180.00,2.24,1.49kHz,3.34kHz,5254661,1,Song,1,,t,2,Leonard Patterson,2623,2623,f,-32.77,-34.95,2,0.020136,-0.001129,0.040192,-27.92,-64.41,-67.38,2,0,-0.005341,0.002686,-45.45,-36.52,-42.12,2,0.009516,-0.035828,0.057281,-24.84,-61.22,-67.3,2,0,-0.003082,0.002838,-50.22,t,https://portal.wildtrax.ca/home/aru-tasks/recording.html?taskId=2622030,https://wildtrax-aru.s3-accelerate.amazonaws.com/3464ac87-d0e2-44e9-b291-06dc2ca38e90/d4889c262d574dcda9804a348e8db2dc.jpg,https://wildtrax-aru.s3-accelerate.amazonaws.com/3464ac87-d0e2-44e9-b291-06dc2ca38e90/137d18ba3c6e475a8535e50d9ab17278.flac
CANFOR,Interior Broadleaf Working Group ARU Monitoring 2025 Limited Amplitude Processing,3701,DOC213-LR-C,492651,2025-06-10 05:11:00,2894204,1SPT,2622030,t,WTSP,White-throated Sparrow,ZONOTRICHIA ALBICOLLIS,Aves,53.33,180.00,2.46,2.41kHz,4.27kHz,5256177,1,Song,1,,f,1,Leonard Patterson,2623,,f,-32.52,-35.25,2,0.020123,0.001007,0.038727,-28.24,-50.04,-63.61,2,0,-0.007507,0.007385,-42.49,-36.36,-42.12,2,0.009431,-0.009491,0.029877,-30.49,-49.75,-62.79,2,0,-0.008087,0.008362,-41.55,t,https://portal.wildtrax.ca/home/aru-tasks/recording.html?taskId=2622030,https://wildtrax-aru.s3-accelerate.amazonaws.com/3464ac87-d0e2-44e9-b291-06dc2ca38e90/bb3291458b0f4fbea99c47fe41f014a3.jpg,https://wildtrax-aru.s3-accelerate.amazonaws.com/3464ac87-d0e2-44e9-b291-06dc2ca38e90/17e7365a7ae142699b15eb8b1bf7ed11.flac
CANFOR,Interior Broadleaf Working Group ARU Monitoring 2025 Limited Amplitude Processing,3701,DOC213-LR-C,492651,2025-06-10 05:11:00,2894204,1SPT,2622030,t,LISP,Lincoln's Sparrow,MELOSPIZA LINCOLNII,Aves,56.14,180.00,0.95,1.54kHz,4.99kHz,5254666,1,Song,1,,f,1,Leonard Patterson,2623,,f,-32.86,-34.67,2,0.020337,0.007507,0.03244,-29.78,-55.75,-60.11,2,-0.000001,-0.005859,0.005585,-44.64,-34.34,-43.51,2,0.009717,-0.010559,0.031677,-29.99,-54.69,-58.5,2,0,-0.006134,0.006165,-44.2,t,https://portal.wildtrax.ca/home/aru-tasks/recording.html?taskId=2622030,https://wildtrax-aru.s3-accelerate.amazonaws.com/3464ac87-d0e2-44e9-b291-06dc2ca38e90/25d85d7c789147daa709ee5521765ee0.jpg,https://wildtrax-aru.s3-accelerate.amazonaws.com/3464ac87-d0e2-44e9-b291-06dc2ca38e90/49cd633f95034c8295db6ff43b4e1edc.flac
CANFOR,Interior Broadleaf Working Group ARU Monitoring 2025 Limited Amplitude Processing,3701,DOC213-LR-C,492651,2025-06-10 05:11:00,2894204,1SPT,2622030,t,UNBI,Unidentified bird,"",Aves,85.66,180.00,0.91,2.21kHz,3.70kHz,5256185,1,Song,1,,f,2,Leonard Patterson,2623,,f,-29.3,-36.4,2,0.020113,0.002258,0.050293,-25.97,-66.79,-68.46,2,0,-0.00412,0.003387,-47.7,-31.77,-42.25,2,0.009395,-0.02594,0.046692,-26.62,-63.88,-67.87,4,0,-0.002014,0.001923,-53.92,t,https://portal.wildtrax.ca/home/aru-tasks/recording.html?taskId=2622030,https://wildtrax-aru.s3-accelerate.amazonaws.com/3464ac87-d0e2-44e9-b291-06dc2ca38e90/b813809632b44a7b80c3fea97ca84901.jpg,https://wildtrax-aru.s3-accelerate.amazonaws.com/3464ac87-d0e2-44e9-b291-06dc2ca38e90/5d4488dd6cad4ca0ad4293bdd409831b.flac
CANFOR,Interior Broadleaf Working Group ARU Monitoring 2025 Limited Amplitude Processing,3701,DOC213-LR-C,492651,2025-06-10 05:11:00,2894204,1SPT,2622030,t,RUGR,Ruffed Grouse,BONASA UMBELLUS,Aves,97.81,180.00,6.43,0.04kHz,0.82kHz,5256186,1,Non-vocal,1,,f,2,Leonard Patterson,2623,,f,-30.68,-37.73,2,0.020033,-0.01944,0.065399,-23.69,-33.89,-41.09,4,-0.013852,-0.033203,0.009949,-29.58,-32.25,-41.45,2,0.009385,-0.066559,0.087341,-21.18,-35.44,-45.62,3,-0.00649,-0.033661,0.035339,-29.03,t,https://portal.wildtrax.ca/home/aru-tasks/recording.html?taskId=2622030,https://wildtrax-aru.s3-accelerate.amazonaws.com/3464ac87-d0e2-44e9-b291-06dc2ca38e90/710e071092ec41df814d0acfb0e3f573.jpg,https://wildtrax-aru.s3-accelerate.amazonaws.com/3464ac87-d0e2-44e9-b291-06dc2ca38e90/c4ecf80807db44bb9795dba2c993e0f5.flac
CANFOR,Interior Broadleaf Working Group ARU Monitoring 2025 Limited Amplitude Processing,3701,DOC213-LR-C,492651,2025-06-10 05:11:00,2894204,1SPT,2622030,t,AMRO,American Robin,TURDUS MIGRATORIUS,Aves,123.34,180.00,2.24,1.51kHz,3.06kHz,5256187,1,Song,1,,f,2,Leonard Patterson,2623,,f,-32.1,-35.14,2,0.020286,-0.01416,0.05304,-25.51,-60.46,-68.18,2,0,-0.004486,0.002625,-46.96,-33.32,-43.06,2,0.009438,-0.062347,0.078705,-22.08,-58.22,-67.49,2,0,-0.003204,0.003021,-49.89,t,https://portal.wildtrax.ca/home/aru-tasks/recording.html?taskId=2622030,https://wildtrax-aru.s3-accelerate.amazonaws.com/3464ac87-d0e2-44e9-b291-06dc2ca38e90/c2b05f1bce5f4fb48d66794afaea76aa.jpg,https://wildtrax-aru.s3-accelerate.amazonaws.com/3464ac87-d0e2-44e9-b291-06dc2ca38e90/148ec29b9bb24be3af8c98c30e582830.flac
CANFOR,Interior Broadleaf Working Group ARU Monitoring 2025 Limited Amplitude Processing,3701,DOC213-LR-C,492651,2025-06-10 05:11:00,2894204,1SPT,2622030,t,DEJU,Dark-eyed Junco,JUNCO HYEMALIS,Aves,140.73,180.00,2.10,3.06kHz,5.89kHz,5254654,2,Song,1,,f,1,Leonard Patterson,2623,,f,-32.58,-35.68,2,0.019951,0.005371,0.035675,-28.95,-50.77,-63.44,2,0,-0.008148,0.008179,-41.75,-36.53,-42.88,2,0.009491,-0.007812,0.029449,-30.62,-54.02,-63.77,2,0,-0.006226,0.006134,-44.12,t,https://portal.wildtrax.ca/home/aru-tasks/recording.html?taskId=2622030,https://wildtrax-aru.s3-accelerate.amazonaws.com/3464ac87-d0e2-44e9-b291-06dc2ca38e90/2983773caf7d4fa5b92524109396b7ac.jpg,https://wildtrax-aru.s3-accelerate.amazonaws.com/3464ac87-d0e2-44e9-b291-06dc2ca38e90/eedc6484174945f782cd12ca5673cc76.flac
CANFOR,Interior Broadleaf Working Group ARU Monitoring 2025 Limited Amplitude Processing,3701,DOC213-NT-C,492673,2024-06-07 05:10:00,2757383,1SPT,3174360,t,DUFL,Dusky Flycatcher,EMPIDONAX OBERHOLSERI,Aves,24.79,180.00,0.33,2.62kHz,5.45kHz,5591302,1,Song,1,,f,1,Leonard Patterson,2623,,f,-27.2,-27.5,2,0.043488,0.033569,0.05249,-25.6,-62.39,-64.51,2,-0.000003,-0.009857,0.00647,-40.12,-34.3,-34.92,2,0.018841,0.008392,0.02713,-31.33,-62.52,-64.02,2,-0.000001,-0.004883,0.002991,-46.23,t,https://portal.wildtrax.ca/home/aru-tasks/recording.html?taskId=3174360,https://wildtrax-aru.s3-accelerate.amazonaws.com/e783ad92-5f59-4bc1-9c38-277169e4d867/46567adc92fa4780b4336933e242fc18.jpg,https://wildtrax-aru.s3-accelerate.amazonaws.com/e783ad92-5f59-4bc1-9c38-277169e4d867/fb06ad86d82542689e4411cdc4015ed4.flac
CANFOR,Interior Broadleaf Working Group ARU Monitoring 2025 Limited Amplitude Processing,3701,DOC213-NT-C,492673,2025-06-04 05:14:00,2894202,1SPT,2622028,t,WTSP,White-throated Sparrow,ZONOTRICHIA ALBICOLLIS,Aves,5.34,180.00,2.54,3.19kHz,3.96kHz,5254296,1,Song,1,,f,2,Leonard Patterson,2623,,f,-40.5,-44.13,2,-0.007142,-0.018066,0.003265,-34.86,-62.14,-68.81,5,0,-0.00238,0.002502,-52.03,-43.26,-50.41,2,0.002223,-0.016083,0.016357,-35.73,-60.62,-68.53,3,0,-0.002228,0.002258,-52.92,t,https://portal.wildtrax.ca/home/aru-tasks/recording.html?taskId=2622028,https://wildtrax-aru.s3-accelerate.amazonaws.com/b92dcf14-547c-46c4-96de-f58300e96278/1beb1a7b48894b27a022ec5cae4489cd.jpg,https://wildtrax-aru.s3-accelerate.amazonaws.com/b92dcf14-547c-46c4-96de-f58300e96278/e343b5bc90354cd08206aa36460b0843.flac
CANFOR,Interior Broadleaf Working Group ARU Monitoring 2025 Limited Amplitude Processing,3701,DOC213-NT-C,492673,2025-06-04 05:14:00,2894202,1SPT,2622028,t,AMRO,American Robin,TURDUS MIGRATORIUS,Aves,9.65,180.00,1.46,1.38kHz,2.98kHz,5254223,1,Song,1,,f,1,Leonard Patterson,2623,,f,-40.82,-43.23,2,-0.00718,-0.020844,0.009155,-33.62,-58.27,-67.11,2,0,-0.003876,0.003998,-47.96,-43.07,-48.3,2,0.002315,-0.014313,0.021576,-33.32,-58.08,-65.86,2,0,-0.003418,0.003662,-48.73,t,https://portal.wildtrax.ca/home/aru-tasks/recording.html?taskId=2622028,https://wildtrax-aru.s3-accelerate.amazonaws.com/b92dcf14-547c-46c4-96de-f58300e96278/a3c6f216c8424816831373ad4c927293.jpg,https://wildtrax-aru.s3-accelerate.amazonaws.com/b92dcf14-547c-46c4-96de-f58300e96278/adadd2e3c527442d94278e41cbacb5d3.flac
CANFOR,Interior Broadleaf Working Group ARU Monitoring 2025 Limited Amplitude Processing,3701,DOC213-NT-C,492673,2025-06-04 05:14:00,2894202,1SPT,2622028,t,DUFL,Dusky Flycatcher,EMPIDONAX OBERHOLSERI,Aves,9.83,180.00,0.30,3.24kHz,6.69kHz,5254224,1,Song,1,,f,2,Leonard Patterson,2623,,f,-41.6,-42.17,2,-0.007199,-0.018219,0.007172,-34.79,-51.82,-54.75,2,0,-0.010895,0.010712,-39.26,-44.25,-46.57,2,0.002196,-0.012512,0.021576,-33.32,-48.74,-52.01,2,0,-0.011841,0.012054,-38.38,t,https://portal.wildtrax.ca/home/aru-tasks/recording.html?taskId=2622028,https://wildtrax-aru.s3-accelerate.amazonaws.com/b92dcf14-547c-46c4-96de-f58300e96278/eb293a20feee4cf0bba12c2545ec122c.jpg,https://wildtrax-aru.s3-accelerate.amazonaws.com/b92dcf14-547c-46c4-96de-f58300e96278/4c08202be15a417d94cab8f4a286bae4.flac
CANFOR,Interior Broadleaf Working Group ARU Monitoring 2025 Limited Amplitude Processing,3701,DOC213-NT-C,492673,2025-06-04 05:14:00,2894202,1SPT,2622028,t,AMRE,American Redstart,SETOPHAGA RUTICILLA,Aves,19.91,180.00,0.83,4.27kHz,7.72kHz,5254250,1,Song,1,,f,1,Leonard Patterson,2623,,f,-40.94,-43.86,2,-0.007216,-0.015594,0.001312,-36.14,-58.36,-63.72,2,0,-0.003998,0.004272,-47.39,-43.15,-49.34,2,0.001996,-0.010345,0.018097,-34.85,-62.35,-64.2,2,0,-0.003113,0.002899,-50.14,t,https://portal.wildtrax.ca/home/aru-tasks/recording.html?taskId=2622028,https://wildtrax-aru.s3-accelerate.amazonaws.com/b92dcf14-547c-46c4-96de-f58300e96278/0c6442ff082740eb9864aa8c250d3c89.jpg,https://wildtrax-aru.s3-accelerate.amazonaws.com/b92dcf14-547c-46c4-96de-f58300e96278/affd400173cf4d67ae4a0863d0552443.flac
CANFOR,Interior Broadleaf Working Group ARU Monitoring 2025 Limited Amplitude Processing,3701,DOC213-NT-C,492673,2025-06-04 05:14:00,2894202,1SPT,2622028,t,LISP,Lincoln's Sparrow,MELOSPIZA LINCOLNII,Aves,20.82,180.00,0.76,1.59kHz,2.93kHz,5254226,1,Song,1,,f,2,Leonard Patterson,2623,,f,-41.59,-43.2,2,-0.007235,-0.016693,0.001495,-35.55,-56.43,-60.84,2,0,-0.004913,0.0047,-46.17,-43.85,-49.71,2,0.002242,-0.016083,0.01709,-35.35,-59.03,-63.63,3,0,-0.003082,0.003326,-49.56,t,https://portal.wildtrax.ca/home/aru-tasks/recording.html?taskId=2622028,https://wildtrax-aru.s3-accelerate.amazonaws.com/b92dcf14-547c-46c4-96de-f58300e96278/1fbd85690e3545e9b6acd520d20fb4c5.jpg,https://wildtrax-aru.s3-accelerate.amazonaws.com/b92dcf14-547c-46c4-96de-f58300e96278/bdc9fe2b2def4c3f94d6d68401474aeb.flac
CANFOR,Interior Broadleaf Working Group ARU Monitoring 2025 Limited Amplitude Processing,3701,DOC213-NT-C,492673,2025-06-04 05:14:00,2894202,1SPT,2622028,t,WETA,Western Tanager,PIRANGA LUDOVICIANA,Aves,24.46,180.00,1.74,1.75kHz,3.39kHz,5254246,1,Song,1,,f,1,Leonard Patterson,2623,,f,-40.85,-43.91,2,-0.007198,-0.017731,0.002197,-35.03,-53.23,-66.01,2,0,-0.006073,0.00589,-44.33,-43.45,-50.18,2,0.002251,-0.012695,0.01944,-34.23,-55.31,-65.38,3,0,-0.0047,0.004761,-46.45,t,https://portal.wildtrax.ca/home/aru-tasks/recording.html?taskId=2622028,https://wildtrax-aru.s3-accelerate.amazonaws.com/b92dcf14-547c-46c4-96de-f58300e96278/9efb7d60ed7947bebe6eb30c3007a6fc.jpg,https://wildtrax-aru.s3-accelerate.amazonaws.com/b92dcf14-547c-46c4-96de-f58300e96278/a2aa4c67228f474ca7fa97c9a27068aa.flac
CANFOR,Interior Broadleaf Working Group ARU Monitoring 2025 Limited Amplitude Processing,3701,DOC213-NT-C,492673,2025-06-04 05:14:00,2894202,1SPT,2622028,t,DUFL,Dusky Flycatcher,EMPIDONAX OBERHOLSERI,Aves,29.81,180.00,0.18,4.32kHz,5.71kHz,5254310,2,Song,1,,f,1,Leonard Patterson,2623,,f,-42.45,-42.45,2,-0.006973,-0.017487,0.003448,-35.15,-61.35,-61.35,2,0,-0.003967,0.004028,-47.9,-47.69,-47.69,2,0.002833,-0.006714,0.012482,-38.07,-61.55,-61.55,2,0,-0.003784,0.003723,-48.44,t,https://portal.wildtrax.ca/home/aru-tasks/recording.html?taskId=2622028,https://wildtrax-aru.s3-accelerate.amazonaws.com/b92dcf14-547c-46c4-96de-f58300e96278/c7a8f409ad374038ba810156f72dca2d.jpg,https://wildtrax-aru.s3-accelerate.amazonaws.com/b92dcf14-547c-46c4-96de-f58300e96278/390ddd6edeee4ee3ad439f41c5f5d35b.flac
CANFOR,Interior Broadleaf Working Group ARU Monitoring 2025 Limited Amplitude Processing,3701,DOC213-NT-C,492673,2025-06-04 05:14:00,2894202,1SPT,2622028,t,OCWA,Orange-crowned Warbler,LEIOTHLYPIS CELATA,Aves,60.53,180.00,1.10,3.86kHz,7.41kHz,5254240,1,Song,1,,f,2,Leonard Patterson,2623,,f,-41.61,-43.47,2,-0.00724,-0.016296,0.001923,-35.76,-61.28,-63.47,2,0,-0.003082,0.002716,-50.22,-44.34,-50.52,2,0.002293,-0.012512,0.016693,-35.55,-61.77,-63.99,2,0,-0.003357,0.003113,-49.48,t,https://portal.wildtrax.ca/home/aru-tasks/recording.html?taskId=2622028,https://wildtrax-aru.s3-accelerate.amazonaws.com/b92dcf14-547c-46c4-96de-f58300e96278/442b11f4097f4401ae46e26d0282d1a9.jpg,https://wildtrax-aru.s3-accelerate.amazonaws.com/b92dcf14-547c-46c4-96de-f58300e96278/bff22df51de24ef5989caa535d4a6982.flac
CANFOR,Interior Broadleaf Working Group ARU Monitoring 2025 Limited Amplitude Processing,3701,DOC213-NT-C,492673,2025-06-04 05:14:00,2894202,1SPT,2622028,t,OCWA,Orange-crowned Warbler,LEIOTHLYPIS CELATA,Aves,63.34,180.00,0.61,4.42kHz,6.53kHz,5254241,2,Song,1,,f,1,Leonard Patterson,2623,,f,-41.41,-42.97,2,-0.007301,-0.016144,0.003876,-35.84,-64.87,-66.26,2,0,-0.002319,0.002258,-52.69,-44.57,-49.85,2,0.002423,-0.010529,0.020782,-33.65,-64.9,-65.87,3,0,-0.001923,0.001953,-54.19,t,https://portal.wildtrax.ca/home/aru-tasks/recording.html?taskId=2622028,https://wildtrax-aru.s3-accelerate.amazonaws.com/b92dcf14-547c-46c4-96de-f58300e96278/14b53679e09148489c0da4d0c92a706b.jpg,https://wildtrax-aru.s3-accelerate.amazonaws.com/b92dcf14-547c-46c4-96de-f58300e96278/e8b0b690d769460ab79ac5dd1eff1461.flac
CANFOR,Interior Broadleaf Working Group ARU Monitoring 2025 Limited Amplitude Processing,3701,DOC213-NT-C,492673,2025-06-04 05:14:00,2894202,1SPT,2622028,t,WTSP,White-throated Sparrow,ZONOTRICHIA ALBICOLLIS,Aves,70.71,180.00,1.49,3.19kHz,4.53kHz,5254272,2,Song,1,,f,1,Leonard Patterson,2623,,f,-41.08,-43.69,2,-0.00721,-0.01651,0.002777,-35.65,-55.29,-67.26,2,0,-0.003937,0.004028,-47.9,-43.27,-49.91,2,0.002096,-0.014435,0.016724,-35.53,-58.64,-67.36,3,0,-0.002899,0.002899,-50.75,t,https://portal.wildtrax.ca/home/aru-tasks/recording.html?taskId=2622028,https://wildtrax-aru.s3-accelerate.amazonaws.com/b92dcf14-547c-46c4-96de-f58300e96278/9012fc03c424415899748359a973db8f.jpg,https://wildtrax-aru.s3-accelerate.amazonaws.com/b92dcf14-547c-46c4-96de-f58300e96278/9c3c064864ec4c819b6d2c3e3a66b89d.flac
CANFOR,Interior Broadleaf Working Group ARU Monitoring 2025 Limited Amplitude Processing,3701,DOC213-NT-C,492673,2025-06-04 05:14:00,2894202,1SPT,2622028,t,AMRE,American Redstart,SETOPHAGA RUTICILLA,Aves,78.98,180.00,0.84,3.81kHz,7.15kHz,5254273,2,Song,1,,f,2,Leonard Patterson,2623,,f,-41.6,-43.72,2,-0.007167,-0.016846,0.001862,-35.47,-62.04,-64.09,2,0,-0.002563,0.002747,-51.22,-42.12,-48.86,2,0.002165,-0.014648,0.019531,-34.19,-61.62,-63.93,2,0,-0.002625,0.002777,-51.13,t,https://portal.wildtrax.ca/home/aru-tasks/recording.html?taskId=2622028,https://wildtrax-aru.s3-accelerate.amazonaws.com/b92dcf14-547c-46c4-96de-f58300e96278/3f2f6a3d2ad2482c9ee7069ec36314d4.jpg,https://wildtrax-aru.s3-accelerate.amazonaws.com/b92dcf14-547c-46c4-96de-f58300e96278/0c4c5c1f4bd0491a8b3a9964d7b6bc96.flac
CANFOR,Interior Broadleaf Working Group ARU Monitoring 2025 Limited Amplitude Processing,3701,DOC213-NT-C,492673,2025-06-04 05:14:00,2894202,1SPT,2622028,t,LISP,Lincoln's Sparrow,MELOSPIZA LINCOLNII,Aves,83.52,180.00,1.05,2.16kHz,4.68kHz,5254316,2,Song,1,,f,1,Leonard Patterson,2623,,f,-41.5,-43.39,2,-0.007299,-0.016052,0.00116,-35.89,-61.89,-64.46,4,0,-0.002869,0.003021,-50.4,-43.29,-49.93,2,0.00213,-0.011749,0.018372,-34.72,-62.1,-64.19,2,0,-0.002808,0.002777,-51.03,t,https://portal.wildtrax.ca/home/aru-tasks/recording.html?taskId=2622028,https://wildtrax-aru.s3-accelerate.amazonaws.com/b92dcf14-547c-46c4-96de-f58300e96278/d55aa24d280a486bb4034a4c7735b931.jpg,https://wildtrax-aru.s3-accelerate.amazonaws.com/b92dcf14-547c-46c4-96de-f58300e96278/b556d687a138470695caacad108eb043.flac
CANFOR,Interior Broadleaf Working Group ARU Monitoring 2025 Limited Amplitude Processing,3701,DOC213-NT-C,492673,2025-06-04 05:14:00,2894202,1SPT,2622028,t,OCWA,Orange-crowned Warbler,LEIOTHLYPIS CELATA,Aves,86.41,180.00,1.44,3.52kHz,7.13kHz,5254236,3,Song,1,,f,2,Leonard Patterson,2623,,f,-40.74,-43.46,2,-0.007332,-0.020874,0.004242,-33.61,-51.77,-61.39,2,0,-0.008636,0.008667,-41.24,-43.71,-49.22,2,0.002167,-0.020477,0.019623,-33.77,-48.64,-60.97,2,0,-0.011749,0.01181,-38.55,t,https://portal.wildtrax.ca/home/aru-tasks/recording.html?taskId=2622028,https://wildtrax-aru.s3-accelerate.amazonaws.com/b92dcf14-547c-46c4-96de-f58300e96278/218f870b7a094f6fa9027ed36487382a.jpg,https://wildtrax-aru.s3-accelerate.amazonaws.com/b92dcf14-547c-46c4-96de-f58300e96278/6e1cb5799b7f482aaaf2112834151da7.flac
CANFOR,Interior Broadleaf Working Group ARU Monitoring 2025 Limited Amplitude Processing,3701,DOC213-NT-C,492673,2025-06-04 05:14:00,2894202,1SPT,2622028,t,NOWA,Northern Waterthrush,PARKESIA NOVEBORACENSIS,Aves,96.79,180.00,1.36,1.33kHz,5.30kHz,5254252,1,Song,1,,f,1,Leonard Patterson,2623,,f,-40.62,-44.01,2,-0.007276,-0.019287,0.001862,-34.29,-56.14,-60.53,2,0,-0.00528,0.005829,-44.69,-43.3,-49.44,2,0.002161,-0.014923,0.016663,-35.57,-57.88,-60.6,2,0,-0.004974,0.004791,-46.07,t,https://portal.wildtrax.ca/home/aru-tasks/recording.html?taskId=2622028,https://wildtrax-aru.s3-accelerate.amazonaws.com/b92dcf14-547c-46c4-96de-f58300e96278/eec7e9d1829a4199b0f2e777b5956d9b.jpg,https://wildtrax-aru.s3-accelerate.amazonaws.com/b92dcf14-547c-46c4-96de-f58300e96278/439d6b3a2a764f0fae70f3711e99d455.flac
CANFOR,Interior Broadleaf Working Group ARU Monitoring 2025 Limited Amplitude Processing,3701,DOC213-NT-C,492673,2025-06-04 05:14:00,2894202,1SPT,2622028,t,OSFL,Olive-sided Flycatcher,CONTOPUS COOPERI,Aves,125.55,180.00,0.88,2.26kHz,4.22kHz,5254279,1,Song,1,,f,1,Leonard Patterson,2623,,f,-40.72,-44.38,2,-0.007124,-0.016937,0.002625,-35.42,-62.05,-65.31,2,0,-0.002869,0.002838,-50.85,-44.32,-48.99,2,0.002036,-0.013184,0.016205,-35.81,-62.21,-64.93,2,0,-0.002716,0.002838,-50.94,t,https://portal.wildtrax.ca/home/aru-tasks/recording.html?taskId=2622028,https://wildtrax-aru.s3-accelerate.amazonaws.com/b92dcf14-547c-46c4-96de-f58300e96278/c7fc400bf3da4df597ffc73ac846a774.jpg,https://wildtrax-aru.s3-accelerate.amazonaws.com/b92dcf14-547c-46c4-96de-f58300e96278/98475693bfa6404a8e07a8c732538f2c.flac
CANFOR,Interior Broadleaf Working Group ARU Monitoring 2025 Limited Amplitude Processing,3701,DOC213-NT-C,492673,2025-06-04 05:14:00,2894202,1SPT,2622028,t,WTSP,White-throated Sparrow,ZONOTRICHIA ALBICOLLIS,Aves,129.67,180.00,0.98,3.29kHz,3.75kHz,5254304,3,Song,1,,f,2,Leonard Patterson,2623,,f,-41.03,-43.9,2,-0.007263,-0.018646,0.004639,-34.59,-60.81,-65.88,2,0,-0.004456,0.004395,-47.02,-42.63,-48.47,2,0.002255,-0.014648,0.018951,-34.45,-62.23,-68.65,5,0,-0.001892,0.001831,-54.46,t,https://portal.wildtrax.ca/home/aru-tasks/recording.html?taskId=2622028,https://wildtrax-aru.s3-accelerate.amazonaws.com/b92dcf14-547c-46c4-96de-f58300e96278/f4f94a7b0cbb44ad9202af0305be32f7.jpg,https://wildtrax-aru.s3-accelerate.amazonaws.com/b92dcf14-547c-46c4-96de-f58300e96278/596fa65c78ae418bbe8b1434e529d838.flac
CANFOR,Interior Broadleaf Working Group ARU Monitoring 2025 Limited Amplitude Processing,3701,DOC213-NT-C,492673,2025-06-04 05:14:00,2894202,1SPT,2622028,t,WAVI,Warbling Vireo,VIREO GILVUS,Aves,134.48,180.00,2.10,1.38kHz,5.92kHz,5254229,1,Song,1,,f,1,Leonard Patterson,2623,,f,-40.94,-43.13,2,-0.007363,-0.021423,0.005554,-33.38,-48.16,-60.08,2,0,-0.010071,0.010468,-39.6,-42.95,-49.93,2,0.002168,-0.012909,0.019928,-34.01,-52.37,-59.92,2,0,-0.007355,0.007141,-42.67,t,https://portal.wildtrax.ca/home/aru-tasks/recording.html?taskId=2622028,https://wildtrax-aru.s3-accelerate.amazonaws.com/b92dcf14-547c-46c4-96de-f58300e96278/e6aeac3c386840aa96ed3c4622d08c34.jpg,https://wildtrax-aru.s3-accelerate.amazonaws.com/b92dcf14-547c-46c4-96de-f58300e96278/61905a47c0c64b70b932600322652a5b.flac
CANFOR,Interior Broadleaf Working Group ARU Monitoring 2025 Limited Amplitude Processing,3701,DOC213-NT-C,492673,2025-06-04 05:14:00,2894202,1SPT,2622028,t,RUGR,Ruffed Grouse,BONASA UMBELLUS,Aves,144.19,180.00,4.16,0.05kHz,0.66kHz,5254325,1,Non-vocal,1,,f,2,Leonard Patterson,2623,,f,-38.98,-44.24,2,-0.007265,-0.027649,0.013397,-31.17,-42.2,-47.68,5,0.005024,-0.005829,0.015991,-35.92,-41.09,-49.82,2,0.002163,-0.02179,0.024597,-32.18,-44.33,-53.61,4,-0.001495,-0.015167,0.013367,-36.38,t,https://portal.wildtrax.ca/home/aru-tasks/recording.html?taskId=2622028,https://wildtrax-aru.s3-accelerate.amazonaws.com/b92dcf14-547c-46c4-96de-f58300e96278/8f5c3f8f80784f049dd82367bd5cb076.jpg,https://wildtrax-aru.s3-accelerate.amazonaws.com/b92dcf14-547c-46c4-96de-f58300e96278/fd19a31a57d543c48b652d84558c672a.flac
CANFOR,Interior Broadleaf Working Group ARU Monitoring 2025 Limited Amplitude Processing,3701,DOC213-NT-C,492673,2025-06-04 05:14:00,2894202,1SPT,2622028,t,SWTH,Swainson's Thrush,CATHARUS USTULATUS,Aves,165.63,180.00,0.73,1.49kHz,3.70kHz,5254281,1,Song,1,,f,1,Leonard Patterson,2623,,f,-41.22,-43.38,2,-0.007173,-0.017365,0.002197,-35.21,-58.62,-64.14,2,0.000001,-0.004578,0.004059,-46.79,-42.62,-49.87,2,0.002106,-0.012299,0.017487,-35.15,-59.1,-63.66,2,0,-0.003876,0.004028,-47.9,t,https://portal.wildtrax.ca/home/aru-tasks/recording.html?taskId=2622028,https://wildtrax-aru.s3-accelerate.amazonaws.com/b92dcf14-547c-46c4-96de-f58300e96278/f4f525892e6d42aa9d33894913564c87.jpg,https://wildtrax-aru.s3-accelerate.amazonaws.com/b92dcf14-547c-46c4-96de-f58300e96278/e0d38664de7a48b4aef3d0379126b24d.flac
CANFOR,Interior Broadleaf Working Group ARU Monitoring 2025 Limited Amplitude Processing,3701,DOC213-NT-C,492673,2025-06-07 05:12:00,2894203,1SPT,2622029,t,SWTH,Swainson's Thrush,CATHARUS USTULATUS,Aves,14.50,180.00,0.61,1.87kHz,4.04kHz,5254591,1,Song,1,,f,2,Leonard Patterson,2623,,f,-41.43,-44.48,2,-0.007148,-0.0159,0.002502,-35.97,-64.58,-65.9,2,0,-0.002502,0.002136,-52.03,-46.16,-51.98,2,0.002369,-0.006439,0.01239,-38.14,-64.75,-66.5,2,0,-0.001862,0.002045,-53.79,t,https://portal.wildtrax.ca/home/aru-tasks/recording.html?taskId=2622029,https://wildtrax-aru.s3-accelerate.amazonaws.com/bd0100d7-9e18-4481-bf7b-1a795aab32e4/038319ea0ab24321b7d1610d2317afe9.jpg,https://wildtrax-aru.s3-accelerate.amazonaws.com/bd0100d7-9e18-4481-bf7b-1a795aab32e4/e70131dddcc24e32ac3734c844c0d0b7.flac
CANFOR,Interior Broadleaf Working Group ARU Monitoring 2025 Limited Amplitude Processing,3701,DOC213-NT-C,492673,2025-06-07 05:12:00,2894203,1SPT,2622029,t,ALFL,Alder Flycatcher,EMPIDONAX ALNORUM,Aves,18.03,180.00,0.48,1.75kHz,4.78kHz,5254590,1,Song,1,,f,1,Leonard Patterson,2623,,f,-42.04,-43.91,2,-0.007215,-0.015564,0.000824,-36.16,-57.88,-60.98,2,0.000001,-0.004242,0.003967,-47.45,-48.26,-51.19,2,0.002192,-0.005829,0.009613,-40.34,-61.86,-63.61,2,0,-0.003571,0.00354,-48.95,t,https://portal.wildtrax.ca/home/aru-tasks/recording.html?taskId=2622029,https://wildtrax-aru.s3-accelerate.amazonaws.com/bd0100d7-9e18-4481-bf7b-1a795aab32e4/30edf6a17a71412c8be79f080d8c820d.jpg,https://wildtrax-aru.s3-accelerate.amazonaws.com/bd0100d7-9e18-4481-bf7b-1a795aab32e4/7f64640af73c4b579adda60d62981dff.flac
CANFOR,Interior Broadleaf Working Group ARU Monitoring 2025 Limited Amplitude Processing,3701,DOC213-NT-C,492673,2025-06-07 05:12:00,2894203,1SPT,2622029,t,WTSP,White-throated Sparrow,ZONOTRICHIA ALBICOLLIS,Aves,21.16,180.00,0.98,2.62kHz,3.86kHz,5254588,1,Song,1,,f,1,Leonard Patterson,2623,,f,-40.37,-44.41,2,-0.007057,-0.016754,0.001709,-35.52,-64.38,-68.2,3,0,-0.002258,0.00238,-52.47,-47.34,-51.87,2,0.002454,-0.006348,0.011841,-38.53,-64.4,-68.22,2,0,-0.002197,0.002136,-53.16,t,https://portal.wildtrax.ca/home/aru-tasks/recording.html?taskId=2622029,https://wildtrax-aru.s3-accelerate.amazonaws.com/bd0100d7-9e18-4481-bf7b-1a795aab32e4/2e9eee34bdf1401abe2c791ce0f5ec85.jpg,https://wildtrax-aru.s3-accelerate.amazonaws.com/bd0100d7-9e18-4481-bf7b-1a795aab32e4/71b74da2785649a7b93a4371874b1723.flac
CANFOR,Interior Broadleaf Working Group ARU Monitoring 2025 Limited Amplitude Processing,3701,DOC213-NT-C,492673,2025-06-07 05:12:00,2894203,1SPT,2622029,t,UNTR,Unidentified Trill,"",Aves,29.99,180.00,1.23,3.19kHz,5.25kHz,5254614,1,Song,1,,f,2,Leonard Patterson,2623,,f,-40.45,-43.69,2,-0.007183,-0.02005,0.004059,-33.96,-64.83,-67.04,4,0,-0.001984,0.002106,-53.53,-46.17,-50.66,3,0.002282,-0.007904,0.012238,-38.25,-64.76,-67.23,2,0,-0.002228,0.00235,-52.58,t,https://portal.wildtrax.ca/home/aru-tasks/recording.html?taskId=2622029,https://wildtrax-aru.s3-accelerate.amazonaws.com/bd0100d7-9e18-4481-bf7b-1a795aab32e4/a19d5c210c4747feb6a8d890e3b86d0d.jpg,https://wildtrax-aru.s3-accelerate.amazonaws.com/bd0100d7-9e18-4481-bf7b-1a795aab32e4/7b43e108fd2e402a9b7a97bf3e3e8f86.flac
CANFOR,Interior Broadleaf Working Group ARU Monitoring 2025 Limited Amplitude Processing,3701,DOC213-NT-C,492673,2025-06-07 05:12:00,2894203,1SPT,2622029,t,RUGR,Ruffed Grouse,BONASA UMBELLUS,Aves,38.03,180.00,4.09,0.10kHz,0.61kHz,5254594,1,Non-vocal,1,,f,2,Leonard Patterson,2623,,f,-38.98,-43.91,2,-0.007274,-0.028168,0.016724,-31,-47.19,-52.2,7,0.002834,-0.003082,0.009003,-40.91,-42.72,-51.52,2,0.002226,-0.016052,0.021027,-33.54,-50.72,-60.12,5,-0.000867,-0.006378,0.00473,-43.91,t,https://portal.wildtrax.ca/home/aru-tasks/recording.html?taskId=2622029,https://wildtrax-aru.s3-accelerate.amazonaws.com/bd0100d7-9e18-4481-bf7b-1a795aab32e4/d865465e19964ec9ae4584ee61546bd1.jpg,https://wildtrax-aru.s3-accelerate.amazonaws.com/bd0100d7-9e18-4481-bf7b-1a795aab32e4/29cf52632e8a4f9a9a4164b49ce87fdb.flac
CANFOR,Interior Broadleaf Working Group ARU Monitoring 2025 Limited Amplitude Processing,3701,DOC213-NT-C,492673,2025-06-07 05:12:00,2894203,1SPT,2622029,t,OSFL,Olive-sided Flycatcher,CONTOPUS COOPERI,Aves,43.79,180.00,0.90,1.95kHz,3.91kHz,5254587,1,Song,1,,f,1,Leonard Patterson,2623,,f,-40.85,-43.63,2,-0.007207,-0.016327,0.003357,-35.74,-59.75,-65.48,3,0,-0.003204,0.003143,-49.89,-46.14,-51.33,2,0.002292,-0.006348,0.012299,-38.2,-62.22,-66.56,2,0,-0.002563,0.00238,-51.82,t,https://portal.wildtrax.ca/home/aru-tasks/recording.html?taskId=2622029,https://wildtrax-aru.s3-accelerate.amazonaws.com/bd0100d7-9e18-4481-bf7b-1a795aab32e4/4e2d9feb203b42d8a425bbd1f79e3138.jpg,https://wildtrax-aru.s3-accelerate.amazonaws.com/bd0100d7-9e18-4481-bf7b-1a795aab32e4/f90bf6d9641e430896dd6b52aa0e4eed.flac
CANFOR,Interior Broadleaf Working Group ARU Monitoring 2025 Limited Amplitude Processing,3701,DOC213-NT-C,492673,2025-06-07 05:12:00,2894203,1SPT,2622029,t,UNBI,Unidentified bird,"",Aves,45.94,180.00,0.96,3.57kHz,5.12kHz,5254619,1,Song,1,,f,2,Leonard Patterson,2623,,f,-41.04,-43.47,2,-0.007184,-0.016235,0.002655,-35.79,-66.27,-68.59,2,0,-0.001831,0.00174,-54.75,-46.67,-52.1,2,0.002385,-0.006378,0.012115,-38.33,-63.87,-68.4,3,0,-0.001984,0.001984,-54.05,t,https://portal.wildtrax.ca/home/aru-tasks/recording.html?taskId=2622029,https://wildtrax-aru.s3-accelerate.amazonaws.com/bd0100d7-9e18-4481-bf7b-1a795aab32e4/2f8d6a2a686c4aefb247ec4f3c53041b.jpg,https://wildtrax-aru.s3-accelerate.amazonaws.com/bd0100d7-9e18-4481-bf7b-1a795aab32e4/27fa1ce19fdb4af6a982341d155722bf.flac
CANFOR,Interior Broadleaf Working Group ARU Monitoring 2025 Limited Amplitude Processing,3701,DOC213-NT-C,492673,2025-06-07 05:12:00,2894203,1SPT,2622029,t,WETA,Western Tanager,PIRANGA LUDOVICIANA,Aves,47.11,180.00,2.33,1.46kHz,3.93kHz,5254573,1,Song,1,,f,2,Leonard Patterson,2623,,f,-40.71,-43.81,2,-0.007261,-0.017548,0.005096,-35.12,-52.61,-65.75,2,0,-0.007507,0.007263,-42.49,-45.65,-52.84,2,0.002328,-0.010895,0.015503,-36.19,-49.34,-65.94,2,0,-0.009552,0.009277,-40.4,t,https://portal.wildtrax.ca/home/aru-tasks/recording.html?taskId=2622029,https://wildtrax-aru.s3-accelerate.amazonaws.com/bd0100d7-9e18-4481-bf7b-1a795aab32e4/90e93e3eb43341d29e981a41782af864.jpg,https://wildtrax-aru.s3-accelerate.amazonaws.com/bd0100d7-9e18-4481-bf7b-1a795aab32e4/1182e50eb1c84a97bdc00abefed56beb.flac
CANFOR,Interior Broadleaf Working Group ARU Monitoring 2025 Limited Amplitude Processing,3701,DOC213-NT-C,492673,2025-06-07 05:12:00,2894203,1SPT,2622029,t,DUFL,Dusky Flycatcher,EMPIDONAX OBERHOLSERI,Aves,51.16,180.00,3.38,2.13kHz,6.87kHz,5254575,1,Song,1,,f,2,Leonard Patterson,2623,,f,-40.86,-44.34,2,-0.007284,-0.033539,0.015106,-29.49,-47.7,-63.57,2,0,-0.022339,0.022339,-33.02,-45.36,-53.16,2,0.002236,-0.014923,0.025513,-31.86,-46.53,-63.96,2,0,-0.019867,0.018311,-34.04,t,https://portal.wildtrax.ca/home/aru-tasks/recording.html?taskId=2622029,https://wildtrax-aru.s3-accelerate.amazonaws.com/bd0100d7-9e18-4481-bf7b-1a795aab32e4/ebc20f7fbbe04794bf96881c53d3278d.jpg,https://wildtrax-aru.s3-accelerate.amazonaws.com/bd0100d7-9e18-4481-bf7b-1a795aab32e4/6e96a3d055044357955400df3caea3c9.flac
CANFOR,Interior Broadleaf Working Group ARU Monitoring 2025 Limited Amplitude Processing,3701,DOC213-NT-C,492673,2025-06-07 05:12:00,2894203,1SPT,2622029,t,OCWA,Orange-crowned Warbler,LEIOTHLYPIS CELATA,Aves,72.65,180.00,1.09,4.37kHz,7.00kHz,5254578,1,Song,1,,f,1,Leonard Patterson,2623,,f,-40.34,-43.55,2,-0.00718,-0.018555,0.005859,-34.63,-59.05,-65.12,2,0,-0.005157,0.005402,-45.35,-44.62,-51.74,2,0.002266,-0.009827,0.01593,-35.96,-59.65,-65.46,2,0,-0.003906,0.003876,-48.16,t,https://portal.wildtrax.ca/home/aru-tasks/recording.html?taskId=2622029,https://wildtrax-aru.s3-accelerate.amazonaws.com/bd0100d7-9e18-4481-bf7b-1a795aab32e4/1b38c55ff9a84fa8b0e2c4add3f735c7.jpg,https://wildtrax-aru.s3-accelerate.amazonaws.com/bd0100d7-9e18-4481-bf7b-1a795aab32e4/97bb0a26bbc94ebbb55ee1cfc0d4d3cb.flac
CANFOR,Interior Broadleaf Working Group ARU Monitoring 2025 Limited Amplitude Processing,3701,DOC213-NT-C,492673,2025-06-07 05:12:00,2894203,1SPT,2622029,t,OCWA,Orange-crowned Warbler,LEIOTHLYPIS CELATA,Aves,74.14,180.00,0.53,4.06kHz,5.66kHz,5254579,2,Song,1,,f,1,Leonard Patterson,2623,,f,-41.33,-43.38,2,-0.007126,-0.019257,0.007507,-34.31,-64.28,-67.14,2,0,-0.002197,0.002167,-53.16,-44.2,-50.26,2,0.002384,-0.010468,0.016022,-35.91,-65.6,-67.43,2,0,-0.001984,0.001892,-54.05,t,https://portal.wildtrax.ca/home/aru-tasks/recording.html?taskId=2622029,https://wildtrax-aru.s3-accelerate.amazonaws.com/bd0100d7-9e18-4481-bf7b-1a795aab32e4/ebe287354f0a44e1bf15e128f755b53b.jpg,https://wildtrax-aru.s3-accelerate.amazonaws.com/bd0100d7-9e18-4481-bf7b-1a795aab32e4/2b7fb0b76d86482c9853229388c1fa8c.flac
CANFOR,Interior Broadleaf Working Group ARU Monitoring 2025 Limited Amplitude Processing,3701,DOC213-NT-C,492673,2025-06-07 05:12:00,2894203,1SPT,2622029,t,AMRO,American Robin,TURDUS MIGRATORIUS,Aves,77.17,180.00,1.91,1.28kHz,2.98kHz,5254582,1,Song,1,,f,1,Leonard Patterson,2623,,f,-40.37,-44.17,2,-0.007151,-0.026337,0.008514,-31.59,-57.72,-67.7,2,0,-0.003632,0.003876,-48.23,-46.05,-51.87,2,0.002247,-0.011139,0.01535,-36.28,-60.29,-67.86,4,0,-0.002716,0.002869,-50.85,t,https://portal.wildtrax.ca/home/aru-tasks/recording.html?taskId=2622029,https://wildtrax-aru.s3-accelerate.amazonaws.com/bd0100d7-9e18-4481-bf7b-1a795aab32e4/c4a908f48a254206bca90245200adbe1.jpg,https://wildtrax-aru.s3-accelerate.amazonaws.com/bd0100d7-9e18-4481-bf7b-1a795aab32e4/37b970fe917d4f1f83a01e2e3228f811.flac
CANFOR,Interior Broadleaf Working Group ARU Monitoring 2025 Limited Amplitude Processing,3701,DOC213-NT-C,492673,2025-06-07 05:12:00,2894203,1SPT,2622029,t,NOWA,Northern Waterthrush,PARKESIA NOVEBORACENSIS,Aves,79.74,180.00,0.41,1.80kHz,4.53kHz,5254585,1,Song,1,,f,1,Leonard Patterson,2623,,f,-41.01,-42.82,2,-0.007108,-0.020935,0.011169,-33.58,-60.69,-63.16,2,0.000002,-0.004974,0.007874,-42.08,-45.42,-49.68,2,0.002405,-0.007507,0.018677,-34.57,-62.87,-64.51,2,0,-0.002747,0.002747,-51.22,t,https://portal.wildtrax.ca/home/aru-tasks/recording.html?taskId=2622029,https://wildtrax-aru.s3-accelerate.amazonaws.com/bd0100d7-9e18-4481-bf7b-1a795aab32e4/ba2f714e52ed47b38e23ed59317b5618.jpg,https://wildtrax-aru.s3-accelerate.amazonaws.com/bd0100d7-9e18-4481-bf7b-1a795aab32e4/4240496100da478ab504f32c8ffd1043.flac
CANFOR,Interior Broadleaf Working Group ARU Monitoring 2025 Limited Amplitude Processing,3701,DOC213-NT-C,492673,2025-06-07 05:12:00,2894203,1SPT,2622029,t,AMRE,American Redstart,SETOPHAGA RUTICILLA,Aves,93.83,180.00,0.81,5.04kHz,7.20kHz,5254583,1,Song,1,,f,1,Leonard Patterson,2623,,f,-40.81,-43.53,2,-0.007286,-0.018372,0.00296,-34.72,-62.24,-67.1,3,0,-0.00235,0.002533,-51.93,-46.41,-51.17,2,0.002352,-0.010681,0.013336,-37.5,-65.62,-67.37,2,0,-0.002228,0.001984,-53.04,t,https://portal.wildtrax.ca/home/aru-tasks/recording.html?taskId=2622029,https://wildtrax-aru.s3-accelerate.amazonaws.com/bd0100d7-9e18-4481-bf7b-1a795aab32e4/fdabf7638ca242009e00792af5158767.jpg,https://wildtrax-aru.s3-accelerate.amazonaws.com/bd0100d7-9e18-4481-bf7b-1a795aab32e4/18405a111f8d4936b773f05125be3202.flac
CANFOR,Interior Broadleaf Working Group ARU Monitoring 2025 Limited Amplitude Processing,3701,DOC213-NT-C,492673,2025-06-07 05:12:00,2894203,1SPT,2622029,t,RBNU,Red-breasted Nuthatch,SITTA CANADENSIS,Aves,132.96,180.00,1.98,1.77kHz,3.57kHz,5254577,1,Song,1,,f,2,Leonard Patterson,2623,,f,-39.92,-43.95,2,-0.007197,-0.023895,0.011993,-32.43,-57.72,-64.08,2,0,-0.004517,0.004608,-46.73,-44.82,-50.8,2,0.002464,-0.011932,0.017487,-35.15,-57.96,-64.59,2,0,-0.003937,0.004089,-47.77,t,https://portal.wildtrax.ca/home/aru-tasks/recording.html?taskId=2622029,https://wildtrax-aru.s3-accelerate.amazonaws.com/bd0100d7-9e18-4481-bf7b-1a795aab32e4/3758576a90184f70abfe31f12a360f1b.jpg,https://wildtrax-aru.s3-accelerate.amazonaws.com/bd0100d7-9e18-4481-bf7b-1a795aab32e4/0cfb34f941fe40619db2c6ee70042b8e.flac
CANFOR,Interior Broadleaf Working Group ARU Monitoring 2025 Limited Amplitude Processing,3701,DOC213-NT-C,492673,2025-06-10 05:11:00,2894201,1SPT,2622027,t,ALFL,Alder Flycatcher,EMPIDONAX ALNORUM,Aves,14.07,180.00,0.45,2.26kHz,5.09kHz,5254203,1,Song,1,,f,1,Leonard Patterson,2623,,f,-41.78,-43.43,2,-0.007064,-0.016174,0.000336,-35.82,-61.79,-63.53,3,0.000001,-0.002808,0.00296,-50.57,-48.12,-52.02,2,0.00234,-0.007935,0.011353,-38.9,-64.3,-65.17,2,0,-0.00238,0.002502,-52.03,t,https://portal.wildtrax.ca/home/aru-tasks/recording.html?taskId=2622027,https://wildtrax-aru.s3-accelerate.amazonaws.com/b7b8409e-54ca-4670-929a-62598a8471e4/fbdfa126fc594e3f8a5d2fca2998c967.jpg,https://wildtrax-aru.s3-accelerate.amazonaws.com/b7b8409e-54ca-4670-929a-62598a8471e4/4ad34e84ca3d4c90afbb98431a5fe59f.flac
CANFOR,Interior Broadleaf Working Group ARU Monitoring 2025 Limited Amplitude Processing,3701,DOC213-NT-C,492673,2025-06-10 05:11:00,2894201,1SPT,2622027,t,SWTH,Swainson's Thrush,CATHARUS USTULATUS,Aves,27.05,180.00,0.45,1.08kHz,2.88kHz,5254204,1,Song,1,,f,1,Leonard Patterson,2623,,f,-40.97,-43.44,2,-0.007039,-0.017548,0.003723,-35.12,-62.86,-65.77,2,0.000002,-0.002228,0.003754,-48.51,-46.42,-49.94,2,0.002299,-0.007599,0.011322,-38.92,-64.57,-66.12,2,0,-0.002258,0.001984,-52.92,t,https://portal.wildtrax.ca/home/aru-tasks/recording.html?taskId=2622027,https://wildtrax-aru.s3-accelerate.amazonaws.com/b7b8409e-54ca-4670-929a-62598a8471e4/cba26a4cabbb47ba84639d4588736804.jpg,https://wildtrax-aru.s3-accelerate.amazonaws.com/b7b8409e-54ca-4670-929a-62598a8471e4/08da208fbbd54993b9fb848830368d29.flac
CANFOR,Interior Broadleaf Working Group ARU Monitoring 2025 Limited Amplitude Processing,3701,DOC213-NT-C,492673,2025-06-10 05:11:00,2894201,1SPT,2622027,t,WAVI,Warbling Vireo,VIREO GILVUS,Aves,53.39,180.00,2.98,1.33kHz,6.74kHz,5254205,1,Song,1,,f,2,Leonard Patterson,2623,,f,-39.84,-44.47,2,-0.007224,-0.020966,0.01004,-33.57,-51.2,-62.54,2,0,-0.008362,0.007812,-41.55,-41.31,-52.48,2,0.002359,-0.0112,0.019379,-34.25,-50.58,-62.57,2,0,-0.010437,0.009521,-39.63,t,https://portal.wildtrax.ca/home/aru-tasks/recording.html?taskId=2622027,https://wildtrax-aru.s3-accelerate.amazonaws.com/b7b8409e-54ca-4670-929a-62598a8471e4/7a8e639fe28347a2a9ac49c9c99b92ff.jpg,https://wildtrax-aru.s3-accelerate.amazonaws.com/b7b8409e-54ca-4670-929a-62598a8471e4/11d993c7790746dead397d845fe3b267.flac
CANFOR,Interior Broadleaf Working Group ARU Monitoring 2025 Limited Amplitude Processing,3701,DOC213-NT-C,492673,2025-06-10 05:11:00,2894201,1SPT,2622027,t,WAVI,Warbling Vireo,VIREO GILVUS,Aves,56.51,180.00,2.84,1.49kHz,6.33kHz,5254206,2,Song,1,,f,1,Leonard Patterson,2623,,f,-40.31,-44.51,2,-0.007247,-0.019592,0.006042,-34.16,-51.24,-62.31,2,0,-0.008545,0.008331,-41.37,-44.14,-52.33,2,0.002524,-0.010712,0.016327,-35.74,-53.91,-62.8,2,0,-0.006714,0.006409,-43.46,t,https://portal.wildtrax.ca/home/aru-tasks/recording.html?taskId=2622027,https://wildtrax-aru.s3-accelerate.amazonaws.com/b7b8409e-54ca-4670-929a-62598a8471e4/b8e6b5bd825a485c95f9a58dad5f9afa.jpg,https://wildtrax-aru.s3-accelerate.amazonaws.com/b7b8409e-54ca-4670-929a-62598a8471e4/eb931258a18f48808e62972a4dff9b4f.flac
CANFOR,Interior Broadleaf Working Group ARU Monitoring 2025 Limited Amplitude Processing,3701,DOC213-NT-C,492673,2025-06-10 05:11:00,2894201,1SPT,2622027,t,RUGR,Ruffed Grouse,BONASA UMBELLUS,Aves,66.76,180.00,7.23,0.02kHz,0.69kHz,5254207,1,Non-vocal,1,,f,2,Leonard Patterson,2623,,f,-38.37,-44.06,2,-0.007221,-0.024872,0.012634,-32.09,-39.65,-45.46,6,0.006261,-0.005859,0.019226,-34.32,-37.8,-51.06,2,0.002427,-0.018463,0.024231,-32.31,-39.07,-54.52,6,-0.002104,-0.018188,0.013397,-34.8,t,https://portal.wildtrax.ca/home/aru-tasks/recording.html?taskId=2622027,https://wildtrax-aru.s3-accelerate.amazonaws.com/b7b8409e-54ca-4670-929a-62598a8471e4/ae70f11047714dcb81f3d246c3a0f603.jpg,https://wildtrax-aru.s3-accelerate.amazonaws.com/b7b8409e-54ca-4670-929a-62598a8471e4/e4c7054881e94d67bba35bccd3fc47bb.flac
CANFOR,Interior Broadleaf Working Group ARU Monitoring 2025 Limited Amplitude Processing,3701,DOC213-NT-C,492673,2025-06-10 05:11:00,2894201,1SPT,2622027,t,UNBI,Unidentified bird,"",Aves,68.94,180.00,0.74,3.32kHz,4.40kHz,5254220,1,Song,1,,f,2,Leonard Patterson,2623,,f,-39.04,-43.5,2,-0.007428,-0.023224,0.00827,-32.68,-63.76,-70.18,2,0,-0.001801,0.001801,-54.89,-38.07,-48.83,2,0.002772,-0.015533,0.024231,-32.31,-64.12,-70.95,2,0,-0.001678,0.001709,-55.35,t,https://portal.wildtrax.ca/home/aru-tasks/recording.html?taskId=2622027,https://wildtrax-aru.s3-accelerate.amazonaws.com/b7b8409e-54ca-4670-929a-62598a8471e4/ee39a1a1cc6d43458d21a3495d80cdd4.jpg,https://wildtrax-aru.s3-accelerate.amazonaws.com/b7b8409e-54ca-4670-929a-62598a8471e4/29c9c21d78ba4c6b83a644ca75177b79.flac
CANFOR,Interior Broadleaf Working Group ARU Monitoring 2025 Limited Amplitude Processing,3701,DOC213-NT-C,492673,2025-06-10 05:11:00,2894201,1SPT,2622027,t,WTSP,White-throated Sparrow,ZONOTRICHIA ALBICOLLIS,Aves,98.14,180.00,2.33,2.36kHz,4.89kHz,5253844,1,Song,1,,f,1,Leonard Patterson,2623,,f,-40.74,-43.93,2,-0.00706,-0.024597,0.006317,-32.18,-56.09,-65.98,2,0,-0.007935,0.008179,-41.75,-44.67,-51.28,2,0.002387,-0.019104,0.01358,-34.38,-56.18,-65.68,2,0,-0.013153,0.011993,-37.62,t,https://portal.wildtrax.ca/home/aru-tasks/recording.html?taskId=2622027,https://wildtrax-aru.s3-accelerate.amazonaws.com/b7b8409e-54ca-4670-929a-62598a8471e4/340f52887b054d8d801a69f8dab6a44b.jpg,https://wildtrax-aru.s3-accelerate.amazonaws.com/b7b8409e-54ca-4670-929a-62598a8471e4/ca55c70f04f543f8aa03bb35dc5378d8.flac
CANFOR,Interior Broadleaf Working Group ARU Monitoring 2025 Limited Amplitude Processing,3701,DOC213-NT-C,492673,2025-06-10 05:11:00,2894201,1SPT,2622027,t,OSFL,Olive-sided Flycatcher,CONTOPUS COOPERI,Aves,111.89,180.00,1.43,1.75kHz,3.91kHz,5253842,1,Song,1,,f,1,Leonard Patterson,2623,,f,-40.22,-43.94,2,-0.007016,-0.021179,0.004883,-33.48,-51.31,-65.94,2,0,-0.006653,0.006592,-43.54,-45.75,-51.38,2,0.002508,-0.010132,0.013,-37.72,-56.22,-67.21,2,0,-0.004761,0.005066,-45.91,t,https://portal.wildtrax.ca/home/aru-tasks/recording.html?taskId=2622027,https://wildtrax-aru.s3-accelerate.amazonaws.com/b7b8409e-54ca-4670-929a-62598a8471e4/48f89d001e4c4c77a474b7528cdb8f9b.jpg,https://wildtrax-aru.s3-accelerate.amazonaws.com/b7b8409e-54ca-4670-929a-62598a8471e4/60b42f59b7044405b75f58617207ead1.flac
CANFOR,Interior Broadleaf Working Group ARU Monitoring 2025 Limited Amplitude Processing,3701,DOC213-NT-C,492673,2025-06-10 05:11:00,2894201,1SPT,2622027,t,WAVI,Warbling Vireo,VIREO GILVUS,Aves,126.58,180.00,2.13,1.59kHz,4.84kHz,5254210,3,Song,1,,f,1,Leonard Patterson,2623,,f,-40.51,-44.29,2,-0.007041,-0.017517,0.003632,-35.13,-58.46,-64.26,4,0,-0.0047,0.004211,-46.56,-37.61,-50.31,2,0.00248,-0.017212,0.027008,-31.37,-59.7,-64.84,2,0,-0.00473,0.004639,-46.5,t,https://portal.wildtrax.ca/home/aru-tasks/recording.html?taskId=2622027,https://wildtrax-aru.s3-accelerate.amazonaws.com/b7b8409e-54ca-4670-929a-62598a8471e4/52b4ce40dcb44c11beb5412052834c2f.jpg,https://wildtrax-aru.s3-accelerate.amazonaws.com/b7b8409e-54ca-4670-929a-62598a8471e4/a03608e7633348afab25d61c0e41aa7a.flac
CANFOR,Interior Broadleaf Working Group ARU Monitoring 2025 Limited Amplitude Processing,3701,DOC213-NT-C,492673,2025-06-10 05:11:00,2894201,1SPT,2622027,t,DUFL,Dusky Flycatcher,EMPIDONAX OBERHOLSERI,Aves,135.03,180.00,0.33,3.24kHz,5.77kHz,5491990,1,Song,1,,f,2,Leonard Patterson,2623,,f,-42.85,-43.45,2,-0.00685,-0.015564,0.001038,-36.16,-64.75,-65.45,2,0,-0.002289,0.002838,-50.94,-41.28,-44.8,2,0.002226,-0.010254,0.017151,-35.31,-62.26,-64.23,2,0,-0.003021,0.002747,-50.4,t,https://portal.wildtrax.ca/home/aru-tasks/recording.html?taskId=2622027,https://wildtrax-aru.s3-accelerate.amazonaws.com/b7b8409e-54ca-4670-929a-62598a8471e4/3be4f73f8020447fb790799a47c50367.jpg,https://wildtrax-aru.s3-accelerate.amazonaws.com/b7b8409e-54ca-4670-929a-62598a8471e4/6ef04f22241e48328b1fd5f73dcfb39d.flac
CANFOR,Interior Broadleaf Working Group ARU Monitoring 2025 Limited Amplitude Processing,3701,DOC213-NT-C,492673,2025-06-10 05:11:00,2894201,1SPT,2622027,t,DUFL,Dusky Flycatcher,EMPIDONAX OBERHOLSERI,Aves,135.52,180.00,0.46,3.09kHz,5.82kHz,5491996,2,Song,1,,f,2,Leonard Patterson,2623,,f,-40.7,-43.27,2,-0.00711,-0.018311,0.00296,-34.75,-63.36,-66,3,0,-0.002319,0.002136,-52.69,-44.17,-49.04,2,0.001929,-0.013672,0.012939,-37.28,-63.1,-65.79,4,0,-0.00235,0.002258,-52.58,t,https://portal.wildtrax.ca/home/aru-tasks/recording.html?taskId=2622027,https://wildtrax-aru.s3-accelerate.amazonaws.com/b7b8409e-54ca-4670-929a-62598a8471e4/ccd43fb5c27f47fa8b2b9471aff69314.jpg,https://wildtrax-aru.s3-accelerate.amazonaws.com/b7b8409e-54ca-4670-929a-62598a8471e4/c0d390b58af44c55a8d0b1455b531182.flac
CANFOR,Interior Broadleaf Working Group ARU Monitoring 2025 Limited Amplitude Processing,3701,DOC266-FR-C,492661,2025-06-04 05:14:00,2894205,1SPT,2622031,t,DEJU,Dark-eyed Junco,JUNCO HYEMALIS,Aves,1.49,180.00,1.33,3.44kHz,5.66kHz,5256028,1,Song,1,,f,1,Leonard Patterson,2623,,f,-27.01,-27.76,2,0.04224,0.027039,0.059631,-24.49,-59.99,-62.61,2,0,-0.007111,0.005707,-42.96,-20.14,-29.55,2,0.0411,-0.064117,0.131683,-17.61,-59.33,-61.82,2,0,-0.007996,0.006531,-41.94,t,https://portal.wildtrax.ca/home/aru-tasks/recording.html?taskId=2622031,https://wildtrax-aru.s3-accelerate.amazonaws.com/9781e5d2-f1bb-444f-9a45-4cbf78fc81db/cb720fbc7b104b3ca99e79904287c839.jpg,https://wildtrax-aru.s3-accelerate.amazonaws.com/9781e5d2-f1bb-444f-9a45-4cbf78fc81db/b08fb5a155e94bf2a9a91b6a916776b8.flac
CANFOR,Interior Broadleaf Working Group ARU Monitoring 2025 Limited Amplitude Processing,3701,DOC266-FR-C,492661,2025-06-04 05:14:00,2894205,1SPT,2622031,t,WTSP,White-throated Sparrow,ZONOTRICHIA ALBICOLLIS,Aves,8.70,180.00,0.88,4.50kHz,5.43kHz,5256024,1,Song,1,,f,1,Leonard Patterson,2623,,f,-19.55,-26.59,2,0.042413,-0.148285,0.228912,-12.81,-25.9,-42.29,3,-0.000001,-0.090393,0.092316,-20.69,-23.52,-28.31,2,0.041165,-0.064545,0.141541,-16.98,-31.46,-46.45,2,0.000001,-0.049133,0.050629,-25.91,t,https://portal.wildtrax.ca/home/aru-tasks/recording.html?taskId=2622031,https://wildtrax-aru.s3-accelerate.amazonaws.com/9781e5d2-f1bb-444f-9a45-4cbf78fc81db/bf7038c6e5b7421590ff4c91a97b019f.jpg,https://wildtrax-aru.s3-accelerate.amazonaws.com/9781e5d2-f1bb-444f-9a45-4cbf78fc81db/eff2b5d4fa5b435e83d76738ab293e8c.flac
CANFOR,Interior Broadleaf Working Group ARU Monitoring 2025 Limited Amplitude Processing,3701,DOC266-FR-C,492661,2025-06-04 05:14:00,2894205,1SPT,2622031,t,AMRO,American Robin,TURDUS MIGRATORIUS,Aves,15.00,180.00,1.55,1.49kHz,3.03kHz,5256026,1,Song,1,,f,2,Leonard Patterson,2623,,f,-26.17,-28.69,2,0.042173,0.008209,0.071838,-22.87,-45.7,-62.36,2,-0.000001,-0.016388,0.016327,-35.71,-25.8,-28.36,2,0.040885,-0.004547,0.096832,-20.28,-34.36,-60.17,2,-0.000001,-0.04303,0.042419,-27.32,t,https://portal.wildtrax.ca/home/aru-tasks/recording.html?taskId=2622031,https://wildtrax-aru.s3-accelerate.amazonaws.com/9781e5d2-f1bb-444f-9a45-4cbf78fc81db/029da44d2b7b436c873efcd14ded2a40.jpg,https://wildtrax-aru.s3-accelerate.amazonaws.com/9781e5d2-f1bb-444f-9a45-4cbf78fc81db/068258c9cf01465dae45fbcb4329b534.flac
CANFOR,Interior Broadleaf Working Group ARU Monitoring 2025 Limited Amplitude Processing,3701,DOC266-FR-C,492661,2025-06-04 05:14:00,2894205,1SPT,2622031,t,TRES,Tree Swallow,TACHYCINETA BICOLOR,Aves,46.56,180.00,0.73,2.29kHz,4.86kHz,5256021,1,Song,1,,f,1,Leonard Patterson,2623,,f,-27.13,-27.8,2,0.042189,0.012451,0.067871,-23.37,-41.89,-60.11,2,-0.000002,-0.022675,0.021881,-32.89,-27.23,-28.05,2,0.041092,0.014404,0.06601,-23.61,-42.66,-58.84,2,-0.000001,-0.020203,0.02066,-33.7,t,https://portal.wildtrax.ca/home/aru-tasks/recording.html?taskId=2622031,https://wildtrax-aru.s3-accelerate.amazonaws.com/9781e5d2-f1bb-444f-9a45-4cbf78fc81db/c3f1cf7e38744737a807bc9bdfd107ab.jpg,https://wildtrax-aru.s3-accelerate.amazonaws.com/9781e5d2-f1bb-444f-9a45-4cbf78fc81db/e7c62707367a4bbdafdfd7c97814925e.flac
CANFOR,Interior Broadleaf Working Group ARU Monitoring 2025 Limited Amplitude Processing,3701,DOC266-FR-C,492661,2025-06-04 05:14:00,2894205,1SPT,2622031,t,WTSP,White-throated Sparrow,ZONOTRICHIA ALBICOLLIS,Aves,48.15,180.00,3.89,2.75kHz,5.27kHz,5256017,2,Song,1,,f,1,Leonard Patterson,2623,,f,-20.95,-27.56,2,0.042233,-0.119415,0.191864,-14.34,-22,-54.81,2,0,-0.154602,0.154724,-16.21,-23.64,-28.09,2,0.040832,-0.052673,0.132782,-17.54,-25.82,-57.58,2,0,-0.091003,0.091217,-20.8,t,https://portal.wildtrax.ca/home/aru-tasks/recording.html?taskId=2622031,https://wildtrax-aru.s3-accelerate.amazonaws.com/9781e5d2-f1bb-444f-9a45-4cbf78fc81db/0725cb4fdb924086878a731be93ea699.jpg,https://wildtrax-aru.s3-accelerate.amazonaws.com/9781e5d2-f1bb-444f-9a45-4cbf78fc81db/9eda9f8a688042f3a041982cb2c082b4.flac
CANFOR,Interior Broadleaf Working Group ARU Monitoring 2025 Limited Amplitude Processing,3701,DOC266-FR-C,492661,2025-06-04 05:14:00,2894205,1SPT,2622031,t,WTSP,White-throated Sparrow,ZONOTRICHIA ALBICOLLIS,Aves,54.54,180.00,2.46,4.22kHz,5.04kHz,5256018,3,Song,1,,f,2,Leonard Patterson,2623,,f,-26.97,-27.75,2,0.042288,0.015686,0.071075,-22.97,-39.78,-59.8,2,0,-0.018646,0.019043,-34.41,-27.23,-27.99,2,0.040854,0.008789,0.081024,-21.83,-38.59,-63.21,2,0,-0.022491,0.023956,-32.41,t,https://portal.wildtrax.ca/home/aru-tasks/recording.html?taskId=2622031,https://wildtrax-aru.s3-accelerate.amazonaws.com/9781e5d2-f1bb-444f-9a45-4cbf78fc81db/55998b91874043f5b5635ee331fccafb.jpg,https://wildtrax-aru.s3-accelerate.amazonaws.com/9781e5d2-f1bb-444f-9a45-4cbf78fc81db/0a32a7c9cdcf47ad9ef7b17d62f99cb9.flac
CANFOR,Interior Broadleaf Working Group ARU Monitoring 2025 Limited Amplitude Processing,3701,DOC266-FR-C,492661,2025-06-04 05:14:00,2894205,1SPT,2622031,t,WTSP,White-throated Sparrow,ZONOTRICHIA ALBICOLLIS,Aves,56.64,180.00,1.56,2.93kHz,3.44kHz,5256019,4,Song,1,,f,2,Leonard Patterson,2623,,f,-27.06,-27.94,2,0.042286,0.019745,0.065979,-23.61,-53.63,-63.81,2,0,-0.006744,0.006714,-43.42,-26.98,-28.22,2,0.040886,0.009949,0.06778,-23.38,-44.93,-58.63,2,0,-0.014465,0.014465,-36.79,t,https://portal.wildtrax.ca/home/aru-tasks/recording.html?taskId=2622031,https://wildtrax-aru.s3-accelerate.amazonaws.com/9781e5d2-f1bb-444f-9a45-4cbf78fc81db/1784acf5b5d5429c8e6bd38f5fb2bd30.jpg,https://wildtrax-aru.s3-accelerate.amazonaws.com/9781e5d2-f1bb-444f-9a45-4cbf78fc81db/b0df0480392a40e9b4602580d53e96d0.flac
CANFOR,Interior Broadleaf Working Group ARU Monitoring 2025 Limited Amplitude Processing,3701,DOC266-FR-C,492661,2025-06-04 05:14:00,2894205,1SPT,2622031,t,SWTH,Swainson's Thrush,CATHARUS USTULATUS,Aves,61.55,180.00,0.64,1.49kHz,2.62kHz,5256034,1,Song,1,,f,2,Leonard Patterson,2623,,f,-25.6,-27.72,2,0.042257,-0.024597,0.106293,-19.47,-61.94,-65.81,2,-0.000002,-0.00824,0.006561,-41.68,-26.44,-27.93,2,0.040948,-0.003235,0.089508,-20.96,-58.78,-65,3,-0.000002,-0.009247,0.006683,-40.68,t,https://portal.wildtrax.ca/home/aru-tasks/recording.html?taskId=2622031,https://wildtrax-aru.s3-accelerate.amazonaws.com/9781e5d2-f1bb-444f-9a45-4cbf78fc81db/455587b9a063463f98e27bcb3a558c8e.jpg,https://wildtrax-aru.s3-accelerate.amazonaws.com/9781e5d2-f1bb-444f-9a45-4cbf78fc81db/6d85ee788331469282611784cca9292a.flac
CANFOR,Interior Broadleaf Working Group ARU Monitoring 2025 Limited Amplitude Processing,3701,DOC266-FR-C,492661,2025-06-04 05:14:00,2894205,1SPT,2622031,t,OCWA,Orange-crowned Warbler,LEIOTHLYPIS CELATA,Aves,61.98,180.00,0.61,4.42kHz,5.71kHz,5256036,1,Song,1,,f,1,Leonard Patterson,2623,,f,-25.3,-27.55,2,0.04202,-0.024597,0.107574,-19.37,-58.76,-62.89,2,0,-0.004272,0.004089,-47.39,-25.91,-27.64,2,0.040591,-0.025421,0.102631,-19.77,-57.13,-60.66,2,0,-0.005371,0.005432,-45.3,t,https://portal.wildtrax.ca/home/aru-tasks/recording.html?taskId=2622031,https://wildtrax-aru.s3-accelerate.amazonaws.com/9781e5d2-f1bb-444f-9a45-4cbf78fc81db/48e2d405fce14773aeb69ae81ed48fc8.jpg,https://wildtrax-aru.s3-accelerate.amazonaws.com/9781e5d2-f1bb-444f-9a45-4cbf78fc81db/0e96c0e52d1847c0b34c0961c54d1053.flac
CANFOR,Interior Broadleaf Working Group ARU Monitoring 2025 Limited Amplitude Processing,3701,DOC266-FR-C,492661,2025-06-04 05:14:00,2894205,1SPT,2622031,t,WTSP,White-throated Sparrow,ZONOTRICHIA ALBICOLLIS,Aves,67.28,180.00,2.04,1.90kHz,4.11kHz,5256041,5,Song,1,,f,2,Leonard Patterson,2623,,f,-26.08,-28.31,2,0.042315,0.012695,0.075012,-22.5,-38.94,-58.75,2,-0.000001,-0.023102,0.023285,-32.66,-26.33,-28.29,2,0.040862,0.002991,0.078461,-22.11,-35.94,-57.97,2,-0.000001,-0.027802,0.027679,-31.12,t,https://portal.wildtrax.ca/home/aru-tasks/recording.html?taskId=2622031,https://wildtrax-aru.s3-accelerate.amazonaws.com/9781e5d2-f1bb-444f-9a45-4cbf78fc81db/2daae4634b0a4b3baed8e8c0feba4518.jpg,https://wildtrax-aru.s3-accelerate.amazonaws.com/9781e5d2-f1bb-444f-9a45-4cbf78fc81db/82cd20e39ce6447c860359d29a58ba99.flac
CANFOR,Interior Broadleaf Working Group ARU Monitoring 2025 Limited Amplitude Processing,3701,DOC266-FR-C,492661,2025-06-04 05:14:00,2894205,1SPT,2622031,t,DUFL,Dusky Flycatcher,EMPIDONAX OBERHOLSERI,Aves,83.51,180.00,1.43,3.80kHz,6.22kHz,5256044,1,Song,1,,f,2,Leonard Patterson,2623,,f,-27,-27.97,2,0.042191,0.022369,0.060577,-24.35,-55.77,-65.29,2,0,-0.007324,0.00589,-42.7,-27.39,-28.15,2,0.040698,0.016907,0.061035,-24.29,-50.88,-65.35,2,0,-0.010651,0.010712,-39.4,t,https://portal.wildtrax.ca/home/aru-tasks/recording.html?taskId=2622031,https://wildtrax-aru.s3-accelerate.amazonaws.com/9781e5d2-f1bb-444f-9a45-4cbf78fc81db/82e2c4c530084a1886dbe351d5af29cc.jpg,https://wildtrax-aru.s3-accelerate.amazonaws.com/9781e5d2-f1bb-444f-9a45-4cbf78fc81db/41d933528c8e436d821e25b06061b245.flac
CANFOR,Interior Broadleaf Working Group ARU Monitoring 2025 Limited Amplitude Processing,3701,DOC266-FR-C,492661,2025-06-04 05:14:00,2894205,1SPT,2622031,t,CEDW,Cedar Waxwing,BOMBYCILLA CEDRORUM,Aves,90.71,180.00,0.65,5.92kHz,7.67kHz,5256045,1,Song,1,,f,2,Leonard Patterson,2623,,f,-27.14,-27.64,2,0.042349,0.02713,0.060638,-24.35,-59.65,-66.65,2,0,-0.003632,0.003601,-48.8,-27.4,-27.88,2,0.040704,0.008423,0.069153,-23.2,-52.56,-64.04,3,0,-0.00531,0.00528,-45.5,t,https://portal.wildtrax.ca/home/aru-tasks/recording.html?taskId=2622031,https://wildtrax-aru.s3-accelerate.amazonaws.com/9781e5d2-f1bb-444f-9a45-4cbf78fc81db/2d1966848e5141c8a380790e614e7418.jpg,https://wildtrax-aru.s3-accelerate.amazonaws.com/9781e5d2-f1bb-444f-9a45-4cbf78fc81db/faafbeb2e73f4831aa76efe100aea3d1.flac
CANFOR,Interior Broadleaf Working Group ARU Monitoring 2025 Limited Amplitude Processing,3701,DOC266-FR-C,492661,2025-06-04 05:14:00,2894205,1SPT,2622031,t,RUGR,Ruffed Grouse,BONASA UMBELLUS,Aves,103.14,180.00,10.03,0.04kHz,0.77kHz,5256047,1,Non-vocal,1,,f,2,Leonard Patterson,2623,,f,-22.56,-28.51,2,0.042134,-0.080261,0.161346,-15.84,-28.54,-31.71,4,-0.029134,-0.077576,0.003906,-22.21,-25.04,-29.12,2,0.040831,-0.065765,0.135834,-17.34,-28.64,-32.34,3,-0.028233,-0.083588,-0.000488,-21.56,t,https://portal.wildtrax.ca/home/aru-tasks/recording.html?taskId=2622031,https://wildtrax-aru.s3-accelerate.amazonaws.com/9781e5d2-f1bb-444f-9a45-4cbf78fc81db/7ea876e5caa94795aa2825e9656aa4d4.jpg,https://wildtrax-aru.s3-accelerate.amazonaws.com/9781e5d2-f1bb-444f-9a45-4cbf78fc81db/7ce83bcb9bfb411caf57280a83d839d6.flac
CANFOR,Interior Broadleaf Working Group ARU Monitoring 2025 Limited Amplitude Processing,3701,DOC266-FR-C,492661,2025-06-04 05:14:00,2894205,1SPT,2622031,t,WAVI,Warbling Vireo,VIREO GILVUS,Aves,107.37,180.00,1.58,1.69kHz,4.11kHz,5256050,1,Song,1,,f,2,Leonard Patterson,2623,,f,-25.71,-28.44,2,0.042034,0.002563,0.111786,-19.03,-55.5,-62.88,2,-0.000001,-0.012543,0.006683,-38.03,-25.5,-28.81,2,0.041011,-0.00119,0.120209,-18.4,-51.13,-62.21,3,-0.000001,-0.011902,0.008026,-38.49,t,https://portal.wildtrax.ca/home/aru-tasks/recording.html?taskId=2622031,https://wildtrax-aru.s3-accelerate.amazonaws.com/9781e5d2-f1bb-444f-9a45-4cbf78fc81db/b6d0194c9dd24b5f94690f3def8622c0.jpg,https://wildtrax-aru.s3-accelerate.amazonaws.com/9781e5d2-f1bb-444f-9a45-4cbf78fc81db/b9cd7f39e5944d90949cef21b0d2de4e.flac
CANFOR,Interior Broadleaf Working Group ARU Monitoring 2025 Limited Amplitude Processing,3701,DOC266-FR-C,492661,2025-06-04 05:14:00,2894205,1SPT,2622031,t,OCWA,Orange-crowned Warbler,LEIOTHLYPIS CELATA,Aves,125.09,180.00,1.00,3.73kHz,5.43kHz,5256052,2,Song,1,,f,1,Leonard Patterson,2623,,f,-27.14,-27.84,2,0.042004,0.028595,0.055542,-25.11,-61.93,-64.8,2,0,-0.005554,0.005219,-45.11,-27.47,-28.2,2,0.040827,0.029846,0.0578,-24.76,-62.26,-65.03,2,0,-0.005402,0.004608,-45.35,t,https://portal.wildtrax.ca/home/aru-tasks/recording.html?taskId=2622031,https://wildtrax-aru.s3-accelerate.amazonaws.com/9781e5d2-f1bb-444f-9a45-4cbf78fc81db/bdb8151301fb4a658a7f1bba3699c2a5.jpg,https://wildtrax-aru.s3-accelerate.amazonaws.com/9781e5d2-f1bb-444f-9a45-4cbf78fc81db/2501193a227e48c4b396099dac07f1b1.flac
CANFOR,Interior Broadleaf Working Group ARU Monitoring 2025 Limited Amplitude Processing,3701,DOC266-FR-C,492661,2025-06-04 05:14:00,2894205,1SPT,2622031,t,OCWA,Orange-crowned Warbler,LEIOTHLYPIS CELATA,Aves,126.89,180.00,0.84,4.37kHz,5.81kHz,5256053,3,Song,1,,f,2,Leonard Patterson,2623,,f,-27.12,-27.84,2,0.042118,0.028656,0.054169,-25.33,-64.49,-66.87,2,0,-0.003906,0.003662,-48.16,-27.47,-28.05,2,0.040802,0.030243,0.052307,-25.63,-62.66,-65.76,2,0,-0.004333,0.00415,-47.26,t,https://portal.wildtrax.ca/home/aru-tasks/recording.html?taskId=2622031,https://wildtrax-aru.s3-accelerate.amazonaws.com/9781e5d2-f1bb-444f-9a45-4cbf78fc81db/e7f8efaed4d04643a0f62e72da212d04.jpg,https://wildtrax-aru.s3-accelerate.amazonaws.com/9781e5d2-f1bb-444f-9a45-4cbf78fc81db/e970fd9ee7b94f05b7bd931a9e30ba2f.flac
CANFOR,Interior Broadleaf Working Group ARU Monitoring 2025 Limited Amplitude Processing,3701,DOC266-FR-C,492661,2025-06-07 05:12:00,2894206,1SPT,2622032,t,WTSP,White-throated Sparrow,ZONOTRICHIA ALBICOLLIS,Aves,8.46,180.00,4.11,2.83kHz,5.61kHz,5256059,1,Song,1,,f,1,Leonard Patterson,2623,,f,-19.99,-27.6,2,0.042424,-0.145813,0.227448,-12.86,-20.88,-56.37,2,0,-0.184906,0.184052,-14.66,-24.46,-28.69,2,0.040631,-0.057434,0.145264,-16.76,-28.06,-59.15,2,0,-0.0849,0.08548,-21.36,t,https://portal.wildtrax.ca/home/aru-tasks/recording.html?taskId=2622032,https://wildtrax-aru.s3-accelerate.amazonaws.com/e2b4a22b-b6d8-43af-a44b-80bb4f05e3c3/3d1c881730834da5841807d9cc473887.jpg,https://wildtrax-aru.s3-accelerate.amazonaws.com/e2b4a22b-b6d8-43af-a44b-80bb4f05e3c3/abf5d12ec10945309b9b9c2aece8b04b.flac
CANFOR,Interior Broadleaf Working Group ARU Monitoring 2025 Limited Amplitude Processing,3701,DOC266-FR-C,492661,2025-06-07 05:12:00,2894206,1SPT,2622032,t,OCWA,Orange-crowned Warbler,LEIOTHLYPIS CELATA,Aves,14.43,180.00,1.13,3.78kHz,6.46kHz,5256077,1,Song,1,,f,2,Leonard Patterson,2623,,f,-26.96,-27.76,2,0.042489,0.017059,0.068207,-23.32,-62.26,-64.1,2,-0.000001,-0.008698,0.006927,-41.21,-24.4,-30.7,2,0.040839,0.00946,0.083496,-21.57,-57.5,-62.43,2,-0.000001,-0.008392,0.006989,-41.52,t,https://portal.wildtrax.ca/home/aru-tasks/recording.html?taskId=2622032,https://wildtrax-aru.s3-accelerate.amazonaws.com/e2b4a22b-b6d8-43af-a44b-80bb4f05e3c3/3be41801a15946dbb9324e6b6aacb65f.jpg,https://wildtrax-aru.s3-accelerate.amazonaws.com/e2b4a22b-b6d8-43af-a44b-80bb4f05e3c3/42affebcceb54cdb808c75f52f8b6aa9.flac
CANFOR,Interior Broadleaf Working Group ARU Monitoring 2025 Limited Amplitude Processing,3701,DOC266-FR-C,492661,2025-06-07 05:12:00,2894206,1SPT,2622032,t,DUFL,Dusky Flycatcher,EMPIDONAX OBERHOLSERI,Aves,19.28,180.00,1.56,2.80kHz,7.54kHz,5256071,1,Song,1,,f,2,Leonard Patterson,2623,,f,-27.08,-27.82,2,0.042528,0.028412,0.057617,-24.79,-53.25,-61.61,2,-0.000001,-0.013763,0.008972,-37.23,-26.2,-29.07,2,0.040875,0.016022,0.066437,-23.55,-46,-61.49,2,-0.000001,-0.013214,0.012482,-37.58,t,https://portal.wildtrax.ca/home/aru-tasks/recording.html?taskId=2622032,https://wildtrax-aru.s3-accelerate.amazonaws.com/e2b4a22b-b6d8-43af-a44b-80bb4f05e3c3/3153fa3d3b6e4b4fbcf4940d4cd22068.jpg,https://wildtrax-aru.s3-accelerate.amazonaws.com/e2b4a22b-b6d8-43af-a44b-80bb4f05e3c3/904dbc356d564d5d84be922b3807d106.flac
CANFOR,Interior Broadleaf Working Group ARU Monitoring 2025 Limited Amplitude Processing,3701,DOC266-FR-C,492661,2025-06-07 05:12:00,2894206,1SPT,2622032,t,UNPA,Unidentified Passerine,"",Aves,27.31,180.00,0.43,2.39kHz,8.00kHz,5256175,1,Call,1,,f,1,Leonard Patterson,2623,,f,-26.97,-27.71,2,0.042408,0.007599,0.074768,-22.53,-42.1,-55.28,2,-0.000004,-0.033203,0.032623,-29.58,-27.2,-28.81,2,0.040044,0.004211,0.068542,-23.28,-43.46,-56,2,-0.000004,-0.03006,0.029755,-30.44,t,https://portal.wildtrax.ca/home/aru-tasks/recording.html?taskId=2622032,https://wildtrax-aru.s3-accelerate.amazonaws.com/e2b4a22b-b6d8-43af-a44b-80bb4f05e3c3/4d3a987804d843f9bbcfcb59532f3938.jpg,https://wildtrax-aru.s3-accelerate.amazonaws.com/e2b4a22b-b6d8-43af-a44b-80bb4f05e3c3/742bbd21ed754ef592cd37b8829c4028.flac
CANFOR,Interior Broadleaf Working Group ARU Monitoring 2025 Limited Amplitude Processing,3701,DOC266-FR-C,492661,2025-06-07 05:12:00,2894206,1SPT,2622032,t,UNTR,Unidentified Trill,"",Aves,36.09,180.00,1.45,6.61kHz,10.27kHz,5256080,1,Song,1,,f,1,Leonard Patterson,2623,,f,-27.13,-27.68,2,0.042507,0.02887,0.058533,-24.65,-57.58,-63.98,2,0,-0.007935,0.008331,-41.59,-27.28,-28.38,2,0.040695,0.026154,0.055084,-25.18,-60.5,-63.33,2,0,-0.005432,0.00528,-45.3,t,https://portal.wildtrax.ca/home/aru-tasks/recording.html?taskId=2622032,https://wildtrax-aru.s3-accelerate.amazonaws.com/e2b4a22b-b6d8-43af-a44b-80bb4f05e3c3/9adedc4ca2cd488789c89bae6f47999d.jpg,https://wildtrax-aru.s3-accelerate.amazonaws.com/e2b4a22b-b6d8-43af-a44b-80bb4f05e3c3/172e5d3502804d1fb372593d22735b4a.flac
CANFOR,Interior Broadleaf Working Group ARU Monitoring 2025 Limited Amplitude Processing,3701,DOC266-FR-C,492661,2025-06-07 05:12:00,2894206,1SPT,2622032,t,AMRO,American Robin,TURDUS MIGRATORIUS,Aves,92.45,180.00,1.61,1.15kHz,4.35kHz,5256143,1,Call,1,,f,1,Leonard Patterson,2623,,f,-25.83,-29.08,2,0.042316,0.013458,0.071014,-22.97,-51.82,-60.94,2,-0.000001,-0.013947,0.008942,-37.11,-21.1,-31.73,2,0.040098,-0.051941,0.152161,-16.35,-53.83,-61.17,2,-0.000002,-0.028351,0.008179,-30.95,t,https://portal.wildtrax.ca/home/aru-tasks/recording.html?taskId=2622032,https://wildtrax-aru.s3-accelerate.amazonaws.com/e2b4a22b-b6d8-43af-a44b-80bb4f05e3c3/1029d2d05b574aa69211a1921b973bb7.jpg,https://wildtrax-aru.s3-accelerate.amazonaws.com/e2b4a22b-b6d8-43af-a44b-80bb4f05e3c3/bec7c1a762e9481e97e130a53e2963a4.flac
CANFOR,Interior Broadleaf Working Group ARU Monitoring 2025 Limited Amplitude Processing,3701,DOC266-FR-C,492661,2025-06-07 05:12:00,2894206,1SPT,2622032,t,CHSP,Chipping Sparrow,SPIZELLA PASSERINA,Aves,112.54,180.00,2.14,3.98kHz,6.97kHz,5256116,1,Song,1,,f,2,Leonard Patterson,2623,,f,-26.86,-27.82,2,0.042388,0.031097,0.056885,-24.9,-56.3,-62.63,2,0,-0.008698,0.006897,-41.21,-26.2,-29.15,2,0.040792,0.017487,0.065277,-23.7,-54.05,-61.86,3,0,-0.006927,0.00705,-43.04,t,https://portal.wildtrax.ca/home/aru-tasks/recording.html?taskId=2622032,https://wildtrax-aru.s3-accelerate.amazonaws.com/e2b4a22b-b6d8-43af-a44b-80bb4f05e3c3/e3a1066e459f4c8db4e421df261a545a.jpg,https://wildtrax-aru.s3-accelerate.amazonaws.com/e2b4a22b-b6d8-43af-a44b-80bb4f05e3c3/2c20c7ef089e447f955c3e52937a6ddf.flac
CANFOR,Interior Broadleaf Working Group ARU Monitoring 2025 Limited Amplitude Processing,3701,DOC266-FR-C,492661,2025-06-07 05:12:00,2894206,1SPT,2622032,t,SWTH,Swainson's Thrush,CATHARUS USTULATUS,Aves,123.62,180.00,0.98,1.13kHz,3.75kHz,5256118,1,Song,1,,f,1,Leonard Patterson,2623,,f,-27.16,-27.69,2,0.042366,0.031647,0.055481,-25.12,-57.27,-62.49,2,-0.000003,-0.013428,0.004059,-37.44,-27.32,-28.25,2,0.040845,0.028107,0.05368,-25.4,-59.9,-62.79,2,-0.000003,-0.015198,0.004303,-36.36,t,https://portal.wildtrax.ca/home/aru-tasks/recording.html?taskId=2622032,https://wildtrax-aru.s3-accelerate.amazonaws.com/e2b4a22b-b6d8-43af-a44b-80bb4f05e3c3/52c44978de2d434ba08a91a655406860.jpg,https://wildtrax-aru.s3-accelerate.amazonaws.com/e2b4a22b-b6d8-43af-a44b-80bb4f05e3c3/cf9ccb8d56e04fbbbd222ecf84a683ef.flac
CANFOR,Interior Broadleaf Working Group ARU Monitoring 2025 Limited Amplitude Processing,3701,DOC266-FR-C,492661,2025-06-07 05:12:00,2894206,1SPT,2622032,t,WTSP,White-throated Sparrow,ZONOTRICHIA ALBICOLLIS,Aves,125.10,180.00,2.86,1.95kHz,4.42kHz,5256062,2,Song,1,,f,2,Leonard Patterson,2623,,f,-27.03,-27.72,2,0.042402,0.011597,0.069672,-23.14,-40,-62.64,2,0,-0.020844,0.020203,-33.62,-24.37,-31.22,2,0.040686,-0.00647,0.090302,-20.89,-36.73,-60.6,2,0,-0.031433,0.031616,-30,t,https://portal.wildtrax.ca/home/aru-tasks/recording.html?taskId=2622032,https://wildtrax-aru.s3-accelerate.amazonaws.com/e2b4a22b-b6d8-43af-a44b-80bb4f05e3c3/fbcfa64d491643ac87439a2d8614ef2f.jpg,https://wildtrax-aru.s3-accelerate.amazonaws.com/e2b4a22b-b6d8-43af-a44b-80bb4f05e3c3/e1a336b6752a4777bc08c46481fe8e1f.flac
CANFOR,Interior Broadleaf Working Group ARU Monitoring 2025 Limited Amplitude Processing,3701,DOC266-FR-C,492661,2025-06-07 05:12:00,2894206,1SPT,2622032,t,CEDW,Cedar Waxwing,BOMBYCILLA CEDRORUM,Aves,143.19,180.00,0.51,6.05kHz,7.64kHz,5256128,1,Song,1,,f,2,Leonard Patterson,2623,,f,-27.19,-27.65,2,0.042399,0.031799,0.053925,-25.36,-64.94,-67.32,2,-0.000001,-0.003387,0.003418,-49.32,-27.62,-28.17,2,0.040592,0.022522,0.056641,-24.94,-60.56,-64.46,2,0,-0.00293,0.002991,-50.48,t,https://portal.wildtrax.ca/home/aru-tasks/recording.html?taskId=2622032,https://wildtrax-aru.s3-accelerate.amazonaws.com/e2b4a22b-b6d8-43af-a44b-80bb4f05e3c3/e4035bc1bd4c4ff8ad55dc9f2de1f7c8.jpg,https://wildtrax-aru.s3-accelerate.amazonaws.com/e2b4a22b-b6d8-43af-a44b-80bb4f05e3c3/cc5791eb91b44e2baebb5a64163c1ffa.flac
CANFOR,Interior Broadleaf Working Group ARU Monitoring 2025 Limited Amplitude Processing,3701,DOC266-FR-C,492661,2025-06-07 05:12:00,2894206,1SPT,2622032,t,CEDW,Cedar Waxwing,BOMBYCILLA CEDRORUM,Aves,143.73,180.00,0.70,5.84kHz,7.59kHz,5256130,2,Song,1,,f,2,Leonard Patterson,2623,,f,-27,-27.71,2,0.042514,0.027374,0.05542,-25.13,-65.37,-67.85,2,0,-0.003723,0.003632,-48.58,-27.24,-28.24,2,0.041102,0.024963,0.059784,-24.47,-63.64,-67.01,2,0,-0.003601,0.003845,-48.3,t,https://portal.wildtrax.ca/home/aru-tasks/recording.html?taskId=2622032,https://wildtrax-aru.s3-accelerate.amazonaws.com/e2b4a22b-b6d8-43af-a44b-80bb4f05e3c3/4e4ff5dbee9b4fd6ae07107b2ffc770a.jpg,https://wildtrax-aru.s3-accelerate.amazonaws.com/e2b4a22b-b6d8-43af-a44b-80bb4f05e3c3/863a4de9502b419897cfe715f60e15de.flac
CANFOR,Interior Broadleaf Working Group ARU Monitoring 2025 Limited Amplitude Processing,3701,DOC266-FR-C,492661,2025-06-07 05:12:00,2894206,1SPT,2622032,t,WTSP,White-throated Sparrow,ZONOTRICHIA ALBICOLLIS,Aves,145.73,180.00,1.81,4.40kHz,5.48kHz,5256064,3,Song,1,,f,2,Leonard Patterson,2623,,f,-27.04,-27.67,2,0.042433,0.019043,0.069153,-23.2,-57.6,-66.12,2,0,-0.003418,0.003387,-49.32,-26.87,-28.33,2,0.04064,0.008728,0.070129,-23.08,-54.55,-64.89,3,0,-0.004395,0.004517,-46.9,t,https://portal.wildtrax.ca/home/aru-tasks/recording.html?taskId=2622032,https://wildtrax-aru.s3-accelerate.amazonaws.com/e2b4a22b-b6d8-43af-a44b-80bb4f05e3c3/460bfdb77e4649719f1197d77c9d1e24.jpg,https://wildtrax-aru.s3-accelerate.amazonaws.com/e2b4a22b-b6d8-43af-a44b-80bb4f05e3c3/e997989f52ea4608a2e21b827e32863c.flac
CANFOR,Interior Broadleaf Working Group ARU Monitoring 2025 Limited Amplitude Processing,3701,DOC266-FR-C,492661,2025-06-07 05:12:00,2894206,1SPT,2622032,t,DEJU,Dark-eyed Junco,JUNCO HYEMALIS,Aves,155.17,180.00,1.41,2.78kHz,5.71kHz,5256135,1,Song,1,,f,2,Leonard Patterson,2623,,f,-27.1,-27.68,2,0.042434,0.026215,0.060577,-24.35,-50.61,-57.2,2,-0.000001,-0.010864,0.01123,-38.99,-26.85,-28.54,2,0.040532,0.017731,0.06427,-23.84,-46.97,-55.34,2,-0.000001,-0.015106,0.015961,-35.94,t,https://portal.wildtrax.ca/home/aru-tasks/recording.html?taskId=2622032,https://wildtrax-aru.s3-accelerate.amazonaws.com/e2b4a22b-b6d8-43af-a44b-80bb4f05e3c3/aae3b569aa11442dae41ad966b6a8d61.jpg,https://wildtrax-aru.s3-accelerate.amazonaws.com/e2b4a22b-b6d8-43af-a44b-80bb4f05e3c3/618d49e22be3479587f9d4f7d246707e.flac
CANFOR,Interior Broadleaf Working Group ARU Monitoring 2025 Limited Amplitude Processing,3701,DOC266-FR-C,492661,2025-06-07 05:12:00,2894206,1SPT,2622032,t,WTSP,White-throated Sparrow,ZONOTRICHIA ALBICOLLIS,Aves,172.27,180.00,1.43,3.32kHz,4.71kHz,5256066,4,Song,1,,f,2,Leonard Patterson,2623,,f,-27.05,-27.68,2,0.042435,0.029358,0.055786,-25.07,-54.09,-64.39,2,0,-0.004761,0.004669,-46.45,-27.27,-28.12,2,0.040768,0.023407,0.059753,-24.47,-47.58,-63.83,2,0,-0.008026,0.008118,-41.81,t,https://portal.wildtrax.ca/home/aru-tasks/recording.html?taskId=2622032,https://wildtrax-aru.s3-accelerate.amazonaws.com/e2b4a22b-b6d8-43af-a44b-80bb4f05e3c3/e435358880a84aa9a8313f5317fd0d76.jpg,https://wildtrax-aru.s3-accelerate.amazonaws.com/e2b4a22b-b6d8-43af-a44b-80bb4f05e3c3/3fe9e0ae64e14bb4acb94444ad6c3fae.flac
CANFOR,Interior Broadleaf Working Group ARU Monitoring 2025 Limited Amplitude Processing,3701,DOC266-FR-C,492661,2025-06-10 05:11:00,2894208,1SPT,2622034,t,OCWA,Orange-crowned Warbler,LEIOTHLYPIS CELATA,Aves,2.53,180.00,1.40,5.07kHz,7.28kHz,5256275,1,Song,1,,f,2,Leonard Patterson,2623,,f,-26.38,-27.31,2,0.042449,-0.044464,0.129913,-17.73,-45.19,-58.33,2,0,-0.018127,0.017731,-34.83,-26.58,-27.59,2,0.040964,-0.027496,0.108948,-19.26,-43.15,-57.52,2,0,-0.023224,0.022827,-32.68,t,https://portal.wildtrax.ca/home/aru-tasks/recording.html?taskId=2622034,https://wildtrax-aru.s3-accelerate.amazonaws.com/5caee14b-1809-4cea-8c20-0a34d642f805/031f8fc885c74852b2942e85d1709d45.jpg,https://wildtrax-aru.s3-accelerate.amazonaws.com/5caee14b-1809-4cea-8c20-0a34d642f805/1d8b355a746549d19ff7c84268b220d9.flac
CANFOR,Interior Broadleaf Working Group ARU Monitoring 2025 Limited Amplitude Processing,3701,DOC266-FR-C,492661,2025-06-10 05:11:00,2894208,1SPT,2622034,t,CHSP,Chipping Sparrow,SPIZELLA PASSERINA,Aves,8.01,180.00,2.09,2.72kHz,5.87kHz,5256252,1,Song,1,,f,2,Leonard Patterson,2623,,f,-25.85,-27.67,2,0.042461,-0.054962,0.139709,-17.1,-31.46,-50.14,2,0,-0.09317,0.093353,-20.6,-26.28,-27.86,2,0.04099,-0.031677,0.114716,-18.81,-32.29,-51.21,2,0,-0.07019,0.070068,-23.07,t,https://portal.wildtrax.ca/home/aru-tasks/recording.html?taskId=2622034,https://wildtrax-aru.s3-accelerate.amazonaws.com/5caee14b-1809-4cea-8c20-0a34d642f805/7163edf5be664f94b4043370bb249b1c.jpg,https://wildtrax-aru.s3-accelerate.amazonaws.com/5caee14b-1809-4cea-8c20-0a34d642f805/45d519eb45924416bf5aef3769242888.flac
CANFOR,Interior Broadleaf Working Group ARU Monitoring 2025 Limited Amplitude Processing,3701,DOC266-FR-C,492661,2025-06-10 05:11:00,2894208,1SPT,2622034,t,RUGR,Ruffed Grouse,BONASA UMBELLUS,Aves,10.38,180.00,9.46,0.10kHz,0.66kHz,5256272,1,Non-vocal,1,,f,2,Leonard Patterson,2623,,f,-25.7,-27.98,2,0.042424,-0.07077,0.161713,-15.83,-34.61,-36.41,8,-0.016524,-0.029938,0.003662,-30.48,-26.23,-28.25,2,0.040936,-0.034973,0.130859,-17.66,-34.61,-36.47,6,-0.015945,-0.029266,0.006317,-30.67,t,https://portal.wildtrax.ca/home/aru-tasks/recording.html?taskId=2622034,https://wildtrax-aru.s3-accelerate.amazonaws.com/5caee14b-1809-4cea-8c20-0a34d642f805/08b65eb6c66d4f96a70b23ed1893ff5e.jpg,https://wildtrax-aru.s3-accelerate.amazonaws.com/5caee14b-1809-4cea-8c20-0a34d642f805/2c3f35db0c8e4b26b19f7095ad265662.flac
CANFOR,Interior Broadleaf Working Group ARU Monitoring 2025 Limited Amplitude Processing,3701,DOC266-FR-C,492661,2025-06-10 05:11:00,2894208,1SPT,2622034,t,DUFL,Dusky Flycatcher,EMPIDONAX OBERHOLSERI,Aves,11.94,180.00,0.29,3.32kHz,7.08kHz,5256263,1,Song,1,,f,2,Leonard Patterson,2623,,f,-27.19,-27.32,2,0.042782,0.013519,0.063507,-23.94,-52.9,-53.91,2,-0.000003,-0.011536,0.007507,-38.76,-27.57,-27.68,2,0.041317,0.010223,0.06366,-23.92,-46.22,-49.05,2,-0.000003,-0.01535,0.014648,-36.28,t,https://portal.wildtrax.ca/home/aru-tasks/recording.html?taskId=2622034,https://wildtrax-aru.s3-accelerate.amazonaws.com/5caee14b-1809-4cea-8c20-0a34d642f805/2bc9955131c44fdab83d436b73ccabcc.jpg,https://wildtrax-aru.s3-accelerate.amazonaws.com/5caee14b-1809-4cea-8c20-0a34d642f805/84ed5262f6c0427b85f245e88b68bd01.flac
CANFOR,Interior Broadleaf Working Group ARU Monitoring 2025 Limited Amplitude Processing,3701,DOC266-FR-C,492661,2025-06-10 05:11:00,2894208,1SPT,2622034,t,BCCH,Black-capped Chickadee,POECILE ATRICAPILLUS,Aves,24.62,180.00,1.54,2.39kHz,4.09kHz,5256279,1,Song,1,,f,2,Leonard Patterson,2623,,f,-27.11,-27.76,2,0.042378,0.027832,0.054474,-25.28,-63.29,-67.43,2,-0.000001,-0.007446,0.00589,-42.56,-27.25,-28.18,2,0.040806,0.02594,0.05719,-24.85,-57.7,-66.54,2,-0.000001,-0.00766,0.006134,-42.32,t,https://portal.wildtrax.ca/home/aru-tasks/recording.html?taskId=2622034,https://wildtrax-aru.s3-accelerate.amazonaws.com/5caee14b-1809-4cea-8c20-0a34d642f805/54f80d28560246258ab7ae0702c1d187.jpg,https://wildtrax-aru.s3-accelerate.amazonaws.com/5caee14b-1809-4cea-8c20-0a34d642f805/097341bf516a4fff8ff028474dfdd220.flac
CANFOR,Interior Broadleaf Working Group ARU Monitoring 2025 Limited Amplitude Processing,3701,DOC266-FR-C,492661,2025-06-10 05:11:00,2894208,1SPT,2622034,t,ALFL,Alder Flycatcher,EMPIDONAX ALNORUM,Aves,26.84,180.00,0.34,2.39kHz,4.45kHz,5256292,1,Song,1,,f,1,Leonard Patterson,2623,,f,-27.39,-27.66,2,0.042102,0.032196,0.052399,-25.61,-63.82,-66.28,2,-0.000002,-0.00827,0.005615,-41.65,-27.6,-27.96,2,0.040678,0.028229,0.051331,-25.79,-63.09,-64.89,2,-0.000003,-0.008392,0.005524,-41.52,t,https://portal.wildtrax.ca/home/aru-tasks/recording.html?taskId=2622034,https://wildtrax-aru.s3-accelerate.amazonaws.com/5caee14b-1809-4cea-8c20-0a34d642f805/ed206295afc94f0a8a05bd6673c1c3b6.jpg,https://wildtrax-aru.s3-accelerate.amazonaws.com/5caee14b-1809-4cea-8c20-0a34d642f805/1868c2a6c9df4385a23b945f798b748b.flac
CANFOR,Interior Broadleaf Working Group ARU Monitoring 2025 Limited Amplitude Processing,3701,DOC266-FR-C,492661,2025-06-10 05:11:00,2894208,1SPT,2622034,t,UNBI,Unidentified bird,"",Aves,27.80,180.00,0.88,1.67kHz,4.04kHz,5256293,1,Song,1,,f,2,Leonard Patterson,2623,,f,-27.2,-27.67,2,0.042361,0.031799,0.050629,-25.91,-62.32,-66.1,2,-0.000002,-0.010773,0.005249,-39.35,-27.4,-28.05,2,0.040924,0.024536,0.054291,-25.31,-61.47,-65.99,2,-0.000002,-0.010803,0.00528,-39.33,t,https://portal.wildtrax.ca/home/aru-tasks/recording.html?taskId=2622034,https://wildtrax-aru.s3-accelerate.amazonaws.com/5caee14b-1809-4cea-8c20-0a34d642f805/cf041f21b13c4ec9a01d1f00e26ebb9e.jpg,https://wildtrax-aru.s3-accelerate.amazonaws.com/5caee14b-1809-4cea-8c20-0a34d642f805/322dddf72b4b4d00a59c11071f4b0d91.flac
CANFOR,Interior Broadleaf Working Group ARU Monitoring 2025 Limited Amplitude Processing,3701,DOC266-FR-C,492661,2025-06-10 05:11:00,2894208,1SPT,2622034,t,OCWA,Orange-crowned Warbler,LEIOTHLYPIS CELATA,Aves,28.69,180.00,0.74,5.43kHz,8.41kHz,5256283,2,Song,1,,f,2,Leonard Patterson,2623,,f,-27.17,-27.72,2,0.042337,0.032196,0.05304,-25.51,-64.35,-66.55,2,0,-0.006073,0.005859,-44.33,-27.4,-28.05,2,0.040903,0.030304,0.051208,-25.81,-61.93,-65.92,2,-0.000001,-0.00589,0.00592,-44.55,t,https://portal.wildtrax.ca/home/aru-tasks/recording.html?taskId=2622034,https://wildtrax-aru.s3-accelerate.amazonaws.com/5caee14b-1809-4cea-8c20-0a34d642f805/dd3831cba4a2472785e1828f6a124710.jpg,https://wildtrax-aru.s3-accelerate.amazonaws.com/5caee14b-1809-4cea-8c20-0a34d642f805/c752ab8974634ce4bf699520f52a0df2.flac
CANFOR,Interior Broadleaf Working Group ARU Monitoring 2025 Limited Amplitude Processing,3701,DOC266-FR-C,492661,2025-06-10 05:11:00,2894208,1SPT,2622034,t,WTSP,White-throated Sparrow,ZONOTRICHIA ALBICOLLIS,Aves,32.69,180.00,3.41,3.14kHz,4.47kHz,5256274,1,Song,1,,f,1,Leonard Patterson,2623,,f,-27.07,-27.75,2,0.042484,0.030975,0.055817,-25.06,-53.87,-67.93,2,0,-0.005402,0.005188,-45.35,-27.31,-28.27,2,0.040921,0.028412,0.055756,-25.07,-58.57,-67.57,2,0,-0.004852,0.004425,-46.28,t,https://portal.wildtrax.ca/home/aru-tasks/recording.html?taskId=2622034,https://wildtrax-aru.s3-accelerate.amazonaws.com/5caee14b-1809-4cea-8c20-0a34d642f805/0d818d5cfa7d4b23a747c06071d5d5e5.jpg,https://wildtrax-aru.s3-accelerate.amazonaws.com/5caee14b-1809-4cea-8c20-0a34d642f805/e3a729f690614c8eada7f2a6838dad2b.flac
CANFOR,Interior Broadleaf Working Group ARU Monitoring 2025 Limited Amplitude Processing,3701,DOC266-FR-C,492661,2025-06-10 05:11:00,2894208,1SPT,2622034,t,SWTH,Swainson's Thrush,CATHARUS USTULATUS,Aves,44.93,180.00,1.33,1.18kHz,3.60kHz,5256300,1,Song,1,,f,1,Leonard Patterson,2623,,f,-27.06,-27.7,2,0.042567,0.013306,0.071381,-22.93,-58.18,-63.29,2,-0.000002,-0.013306,0.003754,-37.52,-27.14,-28,2,0.041112,0.004608,0.078522,-22.1,-59.81,-64.75,2,-0.000002,-0.014709,0.004272,-36.65,t,https://portal.wildtrax.ca/home/aru-tasks/recording.html?taskId=2622034,https://wildtrax-aru.s3-accelerate.amazonaws.com/5caee14b-1809-4cea-8c20-0a34d642f805/c70bbf305de84824b98596c56b86844d.jpg,https://wildtrax-aru.s3-accelerate.amazonaws.com/5caee14b-1809-4cea-8c20-0a34d642f805/583441e7315d481fa88c1661be41d232.flac
CANFOR,Interior Broadleaf Working Group ARU Monitoring 2025 Limited Amplitude Processing,3701,DOC266-FR-C,492661,2025-06-10 05:11:00,2894208,1SPT,2622034,t,WAVI,Warbling Vireo,VIREO GILVUS,Aves,46.48,180.00,1.06,1.77kHz,4.24kHz,5256296,1,Song,1,,f,2,Leonard Patterson,2623,,f,-27.1,-27.71,2,0.042671,0.024414,0.06308,-24,-60.73,-65.25,3,-0.000001,-0.011108,0.005096,-39.09,-27.26,-28.09,2,0.041325,0.010864,0.07373,-22.65,-57.95,-65.15,2,-0.000001,-0.010132,0.005035,-39.89,t,https://portal.wildtrax.ca/home/aru-tasks/recording.html?taskId=2622034,https://wildtrax-aru.s3-accelerate.amazonaws.com/5caee14b-1809-4cea-8c20-0a34d642f805/99e167524742456ea7f2a9e923d9fc13.jpg,https://wildtrax-aru.s3-accelerate.amazonaws.com/5caee14b-1809-4cea-8c20-0a34d642f805/1c90e796b94f402b8b182277768fcb21.flac
CANFOR,Interior Broadleaf Working Group ARU Monitoring 2025 Limited Amplitude Processing,3701,DOC266-FR-C,492661,2025-06-10 05:11:00,2894208,1SPT,2622034,t,SWTH,Swainson's Thrush,CATHARUS USTULATUS,Aves,75.26,180.00,0.73,1.20kHz,3.57kHz,5256304,2,Song,1,,f,2,Leonard Patterson,2623,,f,-27.1,-27.71,2,0.042721,0.028473,0.054565,-25.26,-60.62,-65.69,2,-0.000004,-0.014954,0.004578,-36.51,-27.29,-28.16,2,0.041298,0.026031,0.055603,-25.1,-60.22,-65.33,2,-0.000004,-0.015594,0.004852,-36.14,t,https://portal.wildtrax.ca/home/aru-tasks/recording.html?taskId=2622034,https://wildtrax-aru.s3-accelerate.amazonaws.com/5caee14b-1809-4cea-8c20-0a34d642f805/fbeac72a7a7e4c3482e27cc05a3e39f9.jpg,https://wildtrax-aru.s3-accelerate.amazonaws.com/5caee14b-1809-4cea-8c20-0a34d642f805/713d296fe10c4d02a26ffc5c7b0da353.flac
CANFOR,Interior Broadleaf Working Group ARU Monitoring 2025 Limited Amplitude Processing,3701,DOC266-FR-C,492661,2025-06-10 05:11:00,2894208,1SPT,2622034,t,UNWO,Unidentified Woodpecker,"",Aves,105.44,180.00,2.01,0.12kHz,1.67kHz,5256690,1,Non-vocal,1,,f,2,Leonard Patterson,2623,,f,-27.17,-27.75,2,0.042449,0.031921,0.053528,-25.43,-38.3,-38.89,2,-0.011769,-0.031769,-0.006287,-29.96,-27.4,-28.09,2,0.041042,0.029327,0.054321,-25.3,-38.53,-39.24,2,-0.011378,-0.029541,-0.006134,-30.59,t,https://portal.wildtrax.ca/home/aru-tasks/recording.html?taskId=2622034,https://wildtrax-aru.s3-accelerate.amazonaws.com/5caee14b-1809-4cea-8c20-0a34d642f805/1ab61383612749179894520e9fddb7ef.jpg,https://wildtrax-aru.s3-accelerate.amazonaws.com/5caee14b-1809-4cea-8c20-0a34d642f805/de1cd032ac3e4e4e95cedd2c2f14008d.flac
CANFOR,Interior Broadleaf Working Group ARU Monitoring 2025 Limited Amplitude Processing,3701,DOC266-FR-C,492661,2025-06-10 05:11:00,2894208,1SPT,2622034,t,SWTH,Swainson's Thrush,CATHARUS USTULATUS,Aves,115.41,180.00,0.58,0.64kHz,2.90kHz,5256308,3,Song,1,,f,1,Leonard Patterson,2623,,f,-27.13,-27.6,3,0.042515,0.033142,0.052856,-25.54,-58.86,-65.18,2,-0.000009,-0.016296,0.004547,-35.76,-27.34,-28,2,0.041081,0.031555,0.051514,-25.76,-59.47,-65.21,2,-0.000009,-0.015259,0.003754,-36.33,t,https://portal.wildtrax.ca/home/aru-tasks/recording.html?taskId=2622034,https://wildtrax-aru.s3-accelerate.amazonaws.com/5caee14b-1809-4cea-8c20-0a34d642f805/18775b78a7324d8ba91137bd5e88bc4b.jpg,https://wildtrax-aru.s3-accelerate.amazonaws.com/5caee14b-1809-4cea-8c20-0a34d642f805/be2208c5b7bd48f3a47fa78359e7f903.flac
CANFOR,Interior Broadleaf Working Group ARU Monitoring 2025 Limited Amplitude Processing,3701,DOC266-FR-C,492661,2025-06-10 05:11:00,2894208,1SPT,2622034,t,WTSP,White-throated Sparrow,ZONOTRICHIA ALBICOLLIS,Aves,161.07,180.00,1.95,1.90kHz,4.42kHz,5256343,2,Song,1,,f,2,Leonard Patterson,2623,,f,-27.05,-27.64,2,0.042665,0.031494,0.055145,-25.17,-61.71,-65.62,2,-0.000001,-0.010223,0.005432,-39.81,-27.28,-28.08,2,0.041123,0.02829,0.054199,-25.32,-60.08,-66.01,2,-0.000001,-0.009521,0.005005,-40.43,t,https://portal.wildtrax.ca/home/aru-tasks/recording.html?taskId=2622034,https://wildtrax-aru.s3-accelerate.amazonaws.com/5caee14b-1809-4cea-8c20-0a34d642f805/61d04aca65f6480083b69989ab0a821e.jpg,https://wildtrax-aru.s3-accelerate.amazonaws.com/5caee14b-1809-4cea-8c20-0a34d642f805/43549d798a32400788e1ca97addb1081.flac
CANFOR,Interior Broadleaf Working Group ARU Monitoring 2025 Limited Amplitude Processing,3701,DOC266-FR-C,492661,2025-06-10 05:11:00,2894208,1SPT,2622034,t,WTSP,White-throated Sparrow,ZONOTRICHIA ALBICOLLIS,Aves,167.22,180.00,3.59,3.21kHz,5.32kHz,5256320,3,Song,1,,f,2,Leonard Patterson,2623,,f,-27.07,-27.66,2,0.042618,0.031097,0.054016,-25.35,-55.45,-66.44,2,0,-0.006714,0.005737,-43.46,-27.25,-28.11,2,0.041035,0.028412,0.054108,-25.33,-54.78,-66.19,2,0,-0.006439,0.005524,-43.82,t,https://portal.wildtrax.ca/home/aru-tasks/recording.html?taskId=2622034,https://wildtrax-aru.s3-accelerate.amazonaws.com/5caee14b-1809-4cea-8c20-0a34d642f805/a5943471f35a4e969879a0c13962a46e.jpg,https://wildtrax-aru.s3-accelerate.amazonaws.com/5caee14b-1809-4cea-8c20-0a34d642f805/21b08c6da7f540fd96f235da06cd13ed.flac
CANFOR,Interior Broadleaf Working Group ARU Monitoring 2025 Limited Amplitude Processing,3701,DOC266-FR-C,492661,2025-06-10 05:11:00,2894208,1SPT,2622034,t,DEJU,Dark-eyed Junco,JUNCO HYEMALIS,Aves,174.11,180.00,1.60,3.42kHz,5.38kHz,5256316,1,Song,1,,f,2,Leonard Patterson,2623,,f,-27.14,-27.73,2,0.042551,0.031067,0.053101,-25.5,-60.27,-66.35,2,0,-0.006042,0.005157,-44.38,-27.37,-28.16,2,0.041046,0.028748,0.053558,-25.42,-58.76,-65.91,2,0,-0.005829,0.004974,-44.69,t,https://portal.wildtrax.ca/home/aru-tasks/recording.html?taskId=2622034,https://wildtrax-aru.s3-accelerate.amazonaws.com/5caee14b-1809-4cea-8c20-0a34d642f805/0983a176fcbb4d539124dec2d9e33823.jpg,https://wildtrax-aru.s3-accelerate.amazonaws.com/5caee14b-1809-4cea-8c20-0a34d642f805/ec24a48560944fd59ddb00cd06bc6d3e.flac
CANFOR,Interior Broadleaf Working Group ARU Monitoring 2025 Limited Amplitude Processing,3701,DOC266-HR-C,492664,2025-06-04 05:14:00,2894207,1SPT,2622033,t,AMRO,American Robin,TURDUS MIGRATORIUS,Aves,0.03,180.00,1.66,1.74kHz,4.00kHz,5291768,1,Song,1,,f,2,Leonard Patterson,2623,,f,-34.36,-34.64,2,0.018739,0.010071,0.026489,-31.54,-65.31,-66.77,2,0,-0.004639,0.002655,-46.67,-33.78,-35.05,2,0.019211,0.009033,0.031036,-30.16,-61.21,-66,2,0,-0.005768,0.003632,-44.78,t,https://portal.wildtrax.ca/home/aru-tasks/recording.html?taskId=2622033,https://wildtrax-aru.s3-accelerate.amazonaws.com/c1a0324f-6c23-49db-9298-1ee420dd4425/96c1020ad0724404a429649623a2b6c9.jpg,https://wildtrax-aru.s3-accelerate.amazonaws.com/c1a0324f-6c23-49db-9298-1ee420dd4425/017175ee05254d57918137e0464faae4.flac
CANFOR,Interior Broadleaf Working Group ARU Monitoring 2025 Limited Amplitude Processing,3701,DOC266-HR-C,492664,2025-06-04 05:14:00,2894207,1SPT,2622033,t,DUFL,Dusky Flycatcher,EMPIDONAX OBERHOLSERI,Aves,14.59,180.00,0.35,3.59kHz,6.84kHz,5291765,1,Song,1,,f,2,Leonard Patterson,2623,,f,-34.49,-34.61,2,0.018759,0.011597,0.026581,-31.51,-64.25,-64.88,2,-0.000001,-0.003662,0.002563,-48.73,-34.16,-34.43,2,0.019262,0.007935,0.031158,-30.13,-50.92,-57.97,2,-0.000001,-0.010834,0.010925,-39.23,t,https://portal.wildtrax.ca/home/aru-tasks/recording.html?taskId=2622033,https://wildtrax-aru.s3-accelerate.amazonaws.com/c1a0324f-6c23-49db-9298-1ee420dd4425/ce18ac349b9d440cb4728d92571f936b.jpg,https://wildtrax-aru.s3-accelerate.amazonaws.com/c1a0324f-6c23-49db-9298-1ee420dd4425/c1a154a5e7d94b5593bedc78760aff38.flac
CANFOR,Interior Broadleaf Working Group ARU Monitoring 2025 Limited Amplitude Processing,3701,DOC266-HR-C,492664,2025-06-04 05:14:00,2894207,1SPT,2622033,t,SACR,Sandhill Crane,ANTIGONE CANADENSIS,Aves,27.80,180.00,1.66,0.35kHz,1.48kHz,5291770,1,Song,1,,f,1,Leonard Patterson,2623,,f,-34.28,-34.6,2,0.018807,0.009277,0.02713,-31.33,-62.54,-68.4,2,-0.00001,-0.007355,0.00174,-42.67,-33.54,-34.71,2,0.019325,0.006042,0.033722,-29.44,-62.01,-66.71,2,-0.000011,-0.007263,0.002014,-42.78,t,https://portal.wildtrax.ca/home/aru-tasks/recording.html?taskId=2622033,https://wildtrax-aru.s3-accelerate.amazonaws.com/c1a0324f-6c23-49db-9298-1ee420dd4425/157adbbe470044c6ac5c09b7a527b03e.jpg,https://wildtrax-aru.s3-accelerate.amazonaws.com/c1a0324f-6c23-49db-9298-1ee420dd4425/784f524a2a12489ab01c1ea9177e5db2.flac
CANFOR,Interior Broadleaf Working Group ARU Monitoring 2025 Limited Amplitude Processing,3701,DOC266-HR-C,492664,2025-06-04 05:14:00,2894207,1SPT,2622033,t,SWTH,Swainson's Thrush,CATHARUS USTULATUS,Aves,28.90,180.00,0.86,1.43kHz,3.23kHz,5291769,1,Song,1,,f,2,Leonard Patterson,2623,,f,-34.36,-34.57,2,0.018786,0.009369,0.02652,-31.53,-65.72,-67.63,2,-0.000001,-0.005432,0.003571,-45.3,-33.89,-34.71,2,0.019302,0.010101,0.028961,-30.76,-60.65,-66.43,2,-0.000001,-0.004883,0.003052,-46.23,t,https://portal.wildtrax.ca/home/aru-tasks/recording.html?taskId=2622033,https://wildtrax-aru.s3-accelerate.amazonaws.com/c1a0324f-6c23-49db-9298-1ee420dd4425/55427b34dc15466d9e0459fe066bb7a2.jpg,https://wildtrax-aru.s3-accelerate.amazonaws.com/c1a0324f-6c23-49db-9298-1ee420dd4425/abe30afa413046e9b8c3700b34e6d6ca.flac
CANFOR,Interior Broadleaf Working Group ARU Monitoring 2025 Limited Amplitude Processing,3701,DOC266-HR-C,492664,2025-06-04 05:14:00,2894207,1SPT,2622033,t,SOSA,Solitary Sandpiper,TRINGA SOLITARIA,Aves,35.50,180.00,3.23,3.54kHz,6.17kHz,5291767,1,Song,1,,f,2,Leonard Patterson,2623,,f,-34.26,-34.64,2,0.01876,0.010529,0.027802,-31.12,-64.67,-66.63,2,0,-0.003754,0.002869,-48.51,-33.59,-35,2,0.019218,0.006317,0.03421,-29.32,-50.22,-66,2,0,-0.007843,0.00769,-42.11,t,https://portal.wildtrax.ca/home/aru-tasks/recording.html?taskId=2622033,https://wildtrax-aru.s3-accelerate.amazonaws.com/c1a0324f-6c23-49db-9298-1ee420dd4425/b0a1fe7b08b44dee8d0a1a4ed16208e1.jpg,https://wildtrax-aru.s3-accelerate.amazonaws.com/c1a0324f-6c23-49db-9298-1ee420dd4425/01390e29a8874c638e9e1d1b49336634.flac
CANFOR,Interior Broadleaf Working Group ARU Monitoring 2025 Limited Amplitude Processing,3701,DOC266-HR-C,492664,2025-06-04 05:14:00,2894207,1SPT,2622033,t,SWTH,Swainson's Thrush,CATHARUS USTULATUS,Aves,46.15,180.00,1.15,1.27kHz,5.09kHz,5291766,2,Song,1,,f,2,Leonard Patterson,2623,,f,-34.39,-34.63,2,0.018739,0.01059,0.026276,-31.61,-62.87,-64.19,3,-0.000001,-0.007538,0.002533,-42.46,-33.54,-34.81,2,0.019173,0.004639,0.033142,-29.59,-52.28,-62.84,2,-0.000001,-0.007599,0.005951,-42.39,t,https://portal.wildtrax.ca/home/aru-tasks/recording.html?taskId=2622033,https://wildtrax-aru.s3-accelerate.amazonaws.com/c1a0324f-6c23-49db-9298-1ee420dd4425/4b8add5977204016be1eb9132863b0f2.jpg,https://wildtrax-aru.s3-accelerate.amazonaws.com/c1a0324f-6c23-49db-9298-1ee420dd4425/2ea4b2fd6b86436fa2fb36d734cc6d44.flac
CANFOR,Interior Broadleaf Working Group ARU Monitoring 2025 Limited Amplitude Processing,3701,DOC266-HR-C,492664,2025-06-04 05:14:00,2894207,1SPT,2622033,t,RUGR,Ruffed Grouse,BONASA UMBELLUS,Aves,50.49,180.00,5.81,0.09kHz,0.71kHz,5291785,1,Non-vocal,1,,f,2,Leonard Patterson,2623,,f,-34.32,-34.66,2,0.018768,0.008698,0.0271,-31.34,-41.69,-42.13,4,-0.007979,-0.012909,-0.004059,-37.78,-32.02,-35.56,2,0.019221,-0.00946,0.047729,-26.42,-39.38,-43.1,8,-0.008172,-0.019714,0.002808,-34.1,t,https://portal.wildtrax.ca/home/aru-tasks/recording.html?taskId=2622033,https://wildtrax-aru.s3-accelerate.amazonaws.com/c1a0324f-6c23-49db-9298-1ee420dd4425/3ef92e4f18fd4c3ba4803c079b8ae668.jpg,https://wildtrax-aru.s3-accelerate.amazonaws.com/c1a0324f-6c23-49db-9298-1ee420dd4425/dba6d227eefb48538e7959a6b24bef1a.flac
CANFOR,Interior Broadleaf Working Group ARU Monitoring 2025 Limited Amplitude Processing,3701,DOC266-HR-C,492664,2025-06-04 05:14:00,2894207,1SPT,2622033,t,UNSA,Unidentified Sapsucker,SPHYRAPICUS,Aves,51.68,180.00,0.71,0.61kHz,2.61kHz,5291771,1,Non-vocal,1,,f,1,Leonard Patterson,2623,,f,-34.34,-34.58,2,0.018785,0.010925,0.0271,-31.34,-63.56,-66.46,4,-0.000004,-0.007416,0.00238,-42.6,-32.45,-34.81,2,0.019511,-0.005524,0.047729,-26.42,-62.47,-65.14,2,-0.000006,-0.014771,0.00412,-36.61,t,https://portal.wildtrax.ca/home/aru-tasks/recording.html?taskId=2622033,https://wildtrax-aru.s3-accelerate.amazonaws.com/c1a0324f-6c23-49db-9298-1ee420dd4425/5e51596b74c9407cbc32ac827638dfe3.jpg,https://wildtrax-aru.s3-accelerate.amazonaws.com/c1a0324f-6c23-49db-9298-1ee420dd4425/0acd0dfca2b7475d85d1a03b37140ca7.flac
CANFOR,Interior Broadleaf Working Group ARU Monitoring 2025 Limited Amplitude Processing,3701,DOC266-HR-C,492664,2025-06-04 05:14:00,2894207,1SPT,2622033,t,WTSP,White-throated Sparrow,ZONOTRICHIA ALBICOLLIS,Aves,52.39,180.00,0.86,2.87kHz,3.54kHz,5291789,1,Song,1,,f,2,Leonard Patterson,2623,,f,-34.4,-34.58,2,0.01876,0.009857,0.026947,-31.39,-70.51,-73.52,2,0,-0.00177,0.00174,-55.04,-32.24,-35.29,2,0.019212,-0.006958,0.044556,-27.02,-57.08,-65.45,5,0,-0.003204,0.003204,-49.89,t,https://portal.wildtrax.ca/home/aru-tasks/recording.html?taskId=2622033,https://wildtrax-aru.s3-accelerate.amazonaws.com/c1a0324f-6c23-49db-9298-1ee420dd4425/489378ac7ae44b959695d7ec5462214b.jpg,https://wildtrax-aru.s3-accelerate.amazonaws.com/c1a0324f-6c23-49db-9298-1ee420dd4425/c430212484064ab0b11c1844061dc594.flac
CANFOR,Interior Broadleaf Working Group ARU Monitoring 2025 Limited Amplitude Processing,3701,DOC266-HR-C,492664,2025-06-04 05:14:00,2894207,1SPT,2622033,t,UNTR,Unidentified Trill,"",Aves,64.08,180.00,0.46,4.62kHz,6.01kHz,5291773,1,Song,1,,f,2,Leonard Patterson,2623,,f,-34.36,-34.62,2,0.01879,0.010986,0.026611,-31.5,-67.64,-68.84,2,0,-0.001862,0.001678,-54.6,-34.15,-34.89,2,0.019053,0.009979,0.026794,-31.44,-67.31,-68.86,2,0,-0.002319,0.002258,-52.69,t,https://portal.wildtrax.ca/home/aru-tasks/recording.html?taskId=2622033,https://wildtrax-aru.s3-accelerate.amazonaws.com/c1a0324f-6c23-49db-9298-1ee420dd4425/02ac6818d90a435f980f1ca88d3ee4ac.jpg,https://wildtrax-aru.s3-accelerate.amazonaws.com/c1a0324f-6c23-49db-9298-1ee420dd4425/4522b1c139554a05a9fcd9ae7085b352.flac
CANFOR,Interior Broadleaf Working Group ARU Monitoring 2025 Limited Amplitude Processing,3701,DOC266-HR-C,492664,2025-06-04 05:14:00,2894207,1SPT,2622033,t,WTSP,White-throated Sparrow,ZONOTRICHIA ALBICOLLIS,Aves,75.02,180.00,2.39,3.33kHz,3.95kHz,5291787,2,Song,1,,f,2,Leonard Patterson,2623,,f,-34.33,-34.6,2,0.01877,0.010468,0.028442,-30.92,-71.43,-73.89,2,0,-0.00119,0.001129,-58.49,-32.53,-35.62,2,0.019094,0.001923,0.035217,-29.06,-49.39,-63.37,2,0,-0.006866,0.006836,-43.27,t,https://portal.wildtrax.ca/home/aru-tasks/recording.html?taskId=2622033,https://wildtrax-aru.s3-accelerate.amazonaws.com/c1a0324f-6c23-49db-9298-1ee420dd4425/e92e0b417cc04dbba93545686b2c68ce.jpg,https://wildtrax-aru.s3-accelerate.amazonaws.com/c1a0324f-6c23-49db-9298-1ee420dd4425/d7e9b414695b4ca7848c1b8582a8947f.flac
CANFOR,Interior Broadleaf Working Group ARU Monitoring 2025 Limited Amplitude Processing,3701,DOC266-HR-C,492664,2025-06-04 05:14:00,2894207,1SPT,2622033,t,WTSP,White-throated Sparrow,ZONOTRICHIA ALBICOLLIS,Aves,85.34,180.00,1.69,2.46kHz,3.08kHz,5291786,3,Song,1,,f,2,Leonard Patterson,2623,,f,-34.38,-34.68,2,0.018716,0.009125,0.027985,-31.06,-71.13,-74.14,2,0,-0.001526,0.001434,-56.33,-31.05,-36.25,2,0.019275,-0.002197,0.045776,-26.79,-52.96,-64.72,2,0,-0.005249,0.00528,-45.55,t,https://portal.wildtrax.ca/home/aru-tasks/recording.html?taskId=2622033,https://wildtrax-aru.s3-accelerate.amazonaws.com/c1a0324f-6c23-49db-9298-1ee420dd4425/44f79c6e606e46b3bcca13ae027b9548.jpg,https://wildtrax-aru.s3-accelerate.amazonaws.com/c1a0324f-6c23-49db-9298-1ee420dd4425/ff5c46c60f4b43998445554c9588cf36.flac
CANFOR,Interior Broadleaf Working Group ARU Monitoring 2025 Limited Amplitude Processing,3701,DOC266-HR-C,492664,2025-06-04 05:14:00,2894207,1SPT,2622033,t,WTSP,White-throated Sparrow,ZONOTRICHIA ALBICOLLIS,Aves,129.12,180.00,0.78,3.03kHz,3.70kHz,5291788,4,Song,1,,f,2,Leonard Patterson,2623,,f,-34.4,-34.67,2,0.018674,0.010406,0.026703,-31.47,-71.56,-73.9,2,0,-0.001221,0.001129,-58.27,-33.8,-34.64,2,0.019172,0.009125,0.028473,-30.91,-55.26,-62.96,2,0,-0.003693,0.003754,-48.51,t,https://portal.wildtrax.ca/home/aru-tasks/recording.html?taskId=2622033,https://wildtrax-aru.s3-accelerate.amazonaws.com/c1a0324f-6c23-49db-9298-1ee420dd4425/a0c308c09c044eaa81336dfec4f12c7f.jpg,https://wildtrax-aru.s3-accelerate.amazonaws.com/c1a0324f-6c23-49db-9298-1ee420dd4425/ef2af370ee534781a91c0aa2d1259283.flac
CANFOR,Interior Broadleaf Working Group ARU Monitoring 2025 Limited Amplitude Processing,3701,DOC266-HR-C,492664,2025-06-04 05:14:00,2894207,1SPT,2622033,t,TRES,Tree Swallow,TACHYCINETA BICOLOR,Aves,132.13,180.00,1.06,2.77kHz,6.99kHz,5291764,1,Song,1,,f,2,Leonard Patterson,2623,,f,-34.35,-34.6,2,0.018756,0.009308,0.026917,-31.4,-62.88,-64.03,2,-0.000001,-0.005768,0.003265,-44.78,-32.67,-35.48,2,0.019107,-0.016479,0.059387,-24.53,-38.15,-61.68,2,-0.000001,-0.037109,0.036957,-28.61,t,https://portal.wildtrax.ca/home/aru-tasks/recording.html?taskId=2622033,https://wildtrax-aru.s3-accelerate.amazonaws.com/c1a0324f-6c23-49db-9298-1ee420dd4425/edb6b8bd79f945cfb6452d7c7e7f7495.jpg,https://wildtrax-aru.s3-accelerate.amazonaws.com/c1a0324f-6c23-49db-9298-1ee420dd4425/047ee05cbcf644d0bb6eeee90784875a.flac
CANFOR,Interior Broadleaf Working Group ARU Monitoring 2025 Limited Amplitude Processing,3701,DOC266-HR-C,492664,2025-06-04 05:14:00,2894207,1SPT,2622033,t,OCWA,Orange-crowned Warbler,LEIOTHLYPIS CELATA,Aves,145.81,180.00,2.55,2.82kHz,8.74kHz,5291763,1,Song,1,,f,2,Leonard Patterson,2623,,f,-34.24,-34.65,2,0.0188,0.009613,0.029205,-30.69,-60.96,-62.02,3,0,-0.006592,0.00351,-43.62,-33.25,-35.3,2,0.019114,0.002167,0.036774,-28.69,-46.57,-62.51,2,0,-0.015015,0.015381,-36.26,t,https://portal.wildtrax.ca/home/aru-tasks/recording.html?taskId=2622033,https://wildtrax-aru.s3-accelerate.amazonaws.com/c1a0324f-6c23-49db-9298-1ee420dd4425/fe38c2dc59e246d1939b8b25c2622e7e.jpg,https://wildtrax-aru.s3-accelerate.amazonaws.com/c1a0324f-6c23-49db-9298-1ee420dd4425/88708eb6aae04cfaa744f2c76d52450a.flac
CANFOR,Interior Broadleaf Working Group ARU Monitoring 2025 Limited Amplitude Processing,3701,DOC266-HR-C,492664,2025-06-04 05:14:00,2894207,1SPT,2622033,t,OCWA,Orange-crowned Warbler,LEIOTHLYPIS CELATA,Aves,177.19,180.00,0.89,3.13kHz,4.93kHz,5291784,2,Song,1,,f,2,Leonard Patterson,2623,,f,-34.37,-34.6,2,0.018804,0.010254,0.026917,-31.4,-66.52,-68.18,2,0,-0.002686,0.002258,-51.42,-33.01,-35.41,2,0.01898,0.006226,0.03244,-29.78,-54.59,-58.27,2,0,-0.005676,0.005737,-44.83,t,https://portal.wildtrax.ca/home/aru-tasks/recording.html?taskId=2622033,https://wildtrax-aru.s3-accelerate.amazonaws.com/c1a0324f-6c23-49db-9298-1ee420dd4425/e21b9c186adc4e4abffda76fde95373a.jpg,https://wildtrax-aru.s3-accelerate.amazonaws.com/c1a0324f-6c23-49db-9298-1ee420dd4425/72b2bee283a44bd780e6898ebc0b8cd1.flac
CANFOR,Interior Broadleaf Working Group ARU Monitoring 2025 Limited Amplitude Processing,3701,DOC266-HR-C,492664,2025-06-07 05:12:00,2894209,1SPT,2622035,t,OCWA,Orange-crowned Warbler,LEIOTHLYPIS CELATA,Aves,15.80,180.00,1.69,2.20kHz,7.20kHz,5315438,1,Song,1,,f,2,Leonard Patterson,2623,,f,-34.14,-34.62,2,0.018996,0.011047,0.026703,-31.47,-62.1,-63.16,3,0,-0.007172,0.003021,-42.89,-32.29,-35.98,2,0.019197,0.000854,0.038116,-28.38,-51.12,-61.51,2,0,-0.009918,0.009888,-40.07,t,https://portal.wildtrax.ca/home/aru-tasks/recording.html?taskId=2622035,https://wildtrax-aru.s3-accelerate.amazonaws.com/a29e19f1-f519-4dac-b704-94acce5f6afc/d9872b4ca7ed413f84065e65a9c7f0fb.jpg,https://wildtrax-aru.s3-accelerate.amazonaws.com/a29e19f1-f519-4dac-b704-94acce5f6afc/5d288c4b080b4c339603c03460e7dd81.flac
CANFOR,Interior Broadleaf Working Group ARU Monitoring 2025 Limited Amplitude Processing,3701,DOC266-HR-C,492664,2025-06-07 05:12:00,2894209,1SPT,2622035,t,CHSP,Chipping Sparrow,SPIZELLA PASSERINA,Aves,33.84,180.00,4.05,2.92kHz,6.22kHz,5315441,1,Song,1,,f,2,Leonard Patterson,2623,,f,-34.21,-34.67,2,0.018819,0.009735,0.02771,-31.15,-63.96,-65.27,2,0,-0.004761,0.002808,-46.45,-33.46,-34.92,2,0.019254,0.004517,0.033539,-29.49,-53.09,-63.89,2,0,-0.007935,0.007355,-42.01,t,https://portal.wildtrax.ca/home/aru-tasks/recording.html?taskId=2622035,https://wildtrax-aru.s3-accelerate.amazonaws.com/a29e19f1-f519-4dac-b704-94acce5f6afc/03b5d952cc3546c994ab13a64e1146a6.jpg,https://wildtrax-aru.s3-accelerate.amazonaws.com/a29e19f1-f519-4dac-b704-94acce5f6afc/f8f4da627f4b41a28eaf9977a0279a84.flac
CANFOR,Interior Broadleaf Working Group ARU Monitoring 2025 Limited Amplitude Processing,3701,DOC266-HR-C,492664,2025-06-07 05:12:00,2894209,1SPT,2622035,t,HETH,Hermit Thrush,CATHARUS GUTTATUS,Aves,44.89,180.00,1.21,1.74kHz,4.00kHz,5315500,1,Song,1,,f,2,Leonard Patterson,2623,,f,-34.25,-34.59,2,0.018902,0.011292,0.027618,-31.18,-65.35,-66.99,3,-0.000001,-0.004791,0.00296,-46.39,-33.01,-35.64,2,0.019384,0.007538,0.030548,-30.3,-62.13,-65.9,2,-0.000001,-0.005341,0.002991,-45.45,t,https://portal.wildtrax.ca/home/aru-tasks/recording.html?taskId=2622035,https://wildtrax-aru.s3-accelerate.amazonaws.com/a29e19f1-f519-4dac-b704-94acce5f6afc/4ec6d432ca51401e80f850493f687141.jpg,https://wildtrax-aru.s3-accelerate.amazonaws.com/a29e19f1-f519-4dac-b704-94acce5f6afc/2799cb235b044445a322656cf48a5cbd.flac
CANFOR,Interior Broadleaf Working Group ARU Monitoring 2025 Limited Amplitude Processing,3701,DOC266-HR-C,492664,2025-06-07 05:12:00,2894209,1SPT,2622035,t,WTSP,White-throated Sparrow,ZONOTRICHIA ALBICOLLIS,Aves,84.12,180.00,1.69,2.46kHz,3.08kHz,5315563,1,Song,1,,f,2,Leonard Patterson,2623,,f,-34.27,-34.61,2,0.018873,0.01001,0.027924,-31.08,-71.43,-74.64,2,0,-0.001404,0.001312,-57.05,-32.61,-35.46,2,0.019308,0.001617,0.036316,-28.8,-50.57,-61.12,3,0,-0.005585,0.005463,-45.06,t,https://portal.wildtrax.ca/home/aru-tasks/recording.html?taskId=2622035,https://wildtrax-aru.s3-accelerate.amazonaws.com/a29e19f1-f519-4dac-b704-94acce5f6afc/20776d9567e94f589450d1445b0ea361.jpg,https://wildtrax-aru.s3-accelerate.amazonaws.com/a29e19f1-f519-4dac-b704-94acce5f6afc/58876e19817c4df598d9d43a5d0c29ae.flac
CANFOR,Interior Broadleaf Working Group ARU Monitoring 2025 Limited Amplitude Processing,3701,DOC266-HR-C,492664,2025-06-07 05:12:00,2894209,1SPT,2622035,t,WTSP,White-throated Sparrow,ZONOTRICHIA ALBICOLLIS,Aves,95.41,180.00,1.70,2.41kHz,3.18kHz,5315575,2,Song,1,,f,2,Leonard Patterson,2623,,f,-34.22,-34.58,2,0.018913,0.010956,0.02713,-31.33,-70.19,-72.63,2,0,-0.00177,0.00174,-55.04,-30.4,-36.9,2,0.019471,-0.016022,0.056061,-25.03,-52.28,-65.11,2,0,-0.004791,0.004883,-46.23,t,https://portal.wildtrax.ca/home/aru-tasks/recording.html?taskId=2622035,https://wildtrax-aru.s3-accelerate.amazonaws.com/a29e19f1-f519-4dac-b704-94acce5f6afc/52e1e805510143c994a6c1235a909bfa.jpg,https://wildtrax-aru.s3-accelerate.amazonaws.com/a29e19f1-f519-4dac-b704-94acce5f6afc/af3eaaf21dc24c0aa1f49d87be4f9102.flac
CANFOR,Interior Broadleaf Working Group ARU Monitoring 2025 Limited Amplitude Processing,3701,DOC266-HR-C,492664,2025-06-07 05:12:00,2894209,1SPT,2622035,t,DUFL,Dusky Flycatcher,EMPIDONAX OBERHOLSERI,Aves,112.01,180.00,2.61,2.67kHz,6.58kHz,5315449,1,Song,1,,f,2,Leonard Patterson,2623,,f,-34.28,-34.62,2,0.018833,0.010773,0.027679,-31.16,-63.02,-64.29,2,0,-0.005219,0.002991,-45.65,-33.3,-34.85,2,0.019511,0.006927,0.031494,-30.04,-52.76,-64.02,2,0,-0.007965,0.00827,-41.65,t,https://portal.wildtrax.ca/home/aru-tasks/recording.html?taskId=2622035,https://wildtrax-aru.s3-accelerate.amazonaws.com/a29e19f1-f519-4dac-b704-94acce5f6afc/5556d9a8dfd84cfa85722bbba7a837e8.jpg,https://wildtrax-aru.s3-accelerate.amazonaws.com/a29e19f1-f519-4dac-b704-94acce5f6afc/6ea3dd69bca04b0ea962d1f7d544c2bb.flac
CANFOR,Interior Broadleaf Working Group ARU Monitoring 2025 Limited Amplitude Processing,3701,DOC266-HR-C,492664,2025-06-07 05:12:00,2894209,1SPT,2622035,t,SWTH,Swainson's Thrush,CATHARUS USTULATUS,Aves,138.70,180.00,1.05,1.64kHz,4.26kHz,5315463,1,Song,1,,f,2,Leonard Patterson,2623,,f,-34.26,-34.55,2,0.018884,0.011017,0.0271,-31.34,-64.65,-66.12,2,-0.000001,-0.005371,0.002197,-45.4,-33.19,-35.15,2,0.019393,0.007019,0.033264,-29.56,-61.77,-64.55,3,-0.000001,-0.005524,0.002777,-45.16,t,https://portal.wildtrax.ca/home/aru-tasks/recording.html?taskId=2622035,https://wildtrax-aru.s3-accelerate.amazonaws.com/a29e19f1-f519-4dac-b704-94acce5f6afc/3c4bbc9511fa4ba19c8a458f8ce5de87.jpg,https://wildtrax-aru.s3-accelerate.amazonaws.com/a29e19f1-f519-4dac-b704-94acce5f6afc/ac5bf5ed58a14029887085193d7654ec.flac
CANFOR,Interior Broadleaf Working Group ARU Monitoring 2025 Limited Amplitude Processing,3701,DOC266-HR-C,492664,2025-06-07 05:12:00,2894209,1SPT,2622035,t,RCKI,Ruby-crowned Kinglet,CORTHYLIO CALENDULA,Aves,150.86,180.00,1.35,1.74kHz,4.67kHz,5315540,1,Song,1,,f,2,Leonard Patterson,2623,,f,-34.27,-34.54,2,0.018902,0.009796,0.028992,-30.75,-64.51,-65.84,2,-0.000001,-0.005615,0.002472,-45.01,-32.89,-35.34,2,0.01935,0.005585,0.034637,-29.21,-59.93,-63.41,2,-0.000001,-0.006958,0.003113,-43.15,t,https://portal.wildtrax.ca/home/aru-tasks/recording.html?taskId=2622035,https://wildtrax-aru.s3-accelerate.amazonaws.com/a29e19f1-f519-4dac-b704-94acce5f6afc/a3116e557d6a4c1c919b2b12e4154195.jpg,https://wildtrax-aru.s3-accelerate.amazonaws.com/a29e19f1-f519-4dac-b704-94acce5f6afc/6d111a0bbc194dcaa9fcbfa4c2fda033.flac
CANFOR,Interior Broadleaf Working Group ARU Monitoring 2025 Limited Amplitude Processing,3701,DOC266-HR-C,492664,2025-06-07 05:12:00,2894209,1SPT,2622035,t,SWTH,Swainson's Thrush,CATHARUS USTULATUS,Aves,153.54,180.00,0.81,0.91kHz,4.67kHz,5315482,2,Song,1,,f,2,Leonard Patterson,2623,,f,-34.3,-34.62,2,0.018893,0.010834,0.027924,-31.08,-62.32,-64.35,2,-0.000002,-0.008911,0.002594,-41,-33.1,-34.89,2,0.01952,0.004425,0.032593,-29.74,-51.52,-59.87,2,-0.000002,-0.00885,0.008392,-41.06,t,https://portal.wildtrax.ca/home/aru-tasks/recording.html?taskId=2622035,https://wildtrax-aru.s3-accelerate.amazonaws.com/a29e19f1-f519-4dac-b704-94acce5f6afc/a2491bc34c8b4e66ab2c30c2b5d0abad.jpg,https://wildtrax-aru.s3-accelerate.amazonaws.com/a29e19f1-f519-4dac-b704-94acce5f6afc/de8a12451ad64d1d9b83952f1c4f0b03.flac
CANFOR,Interior Broadleaf Working Group ARU Monitoring 2025 Limited Amplitude Processing,3701,DOC266-HR-C,492664,2025-06-10 05:11:00,2894210,1SPT,2622036,t,DUFL,Dusky Flycatcher,EMPIDONAX OBERHOLSERI,Aves,8.64,180.00,5.36,1.74kHz,7.61kHz,5315626,1,Song,1,,f,2,Leonard Patterson,2623,,f,-34.2,-34.64,2,0.018899,0.011139,0.027008,-31.37,-61.41,-62.54,3,0,-0.008057,0.003723,-41.88,-32.98,-34.59,2,0.019521,0.002808,0.039429,-28.08,-46.42,-63.31,3,0,-0.012726,0.012726,-37.91,t,https://portal.wildtrax.ca/home/aru-tasks/recording.html?taskId=2622036,https://wildtrax-aru.s3-accelerate.amazonaws.com/bc4edc3c-42d6-44d9-a60c-92d397e1b971/f47f92cad25747839a0c8c95db90d3f0.jpg,https://wildtrax-aru.s3-accelerate.amazonaws.com/bc4edc3c-42d6-44d9-a60c-92d397e1b971/f99d5f869e5a4634a83aa75cc58dd4cb.flac
CANFOR,Interior Broadleaf Working Group ARU Monitoring 2025 Limited Amplitude Processing,3701,DOC266-HR-C,492664,2025-06-10 05:11:00,2894210,1SPT,2622036,t,OCWA,Orange-crowned Warbler,LEIOTHLYPIS CELATA,Aves,15.45,180.00,2.01,2.41kHz,6.17kHz,5315609,1,Song,1,,f,2,Leonard Patterson,2623,,f,-34.29,-34.57,2,0.018908,0.011292,0.026886,-31.41,-63.28,-64.69,3,0,-0.005219,0.003021,-45.65,-32.46,-34.87,2,0.019352,-0.008179,0.058777,-24.62,-43.67,-64.05,2,0,-0.021667,0.021271,-33.28,t,https://portal.wildtrax.ca/home/aru-tasks/recording.html?taskId=2622036,https://wildtrax-aru.s3-accelerate.amazonaws.com/bc4edc3c-42d6-44d9-a60c-92d397e1b971/522bfc5b45d945bfa2db44ad75637c1c.jpg,https://wildtrax-aru.s3-accelerate.amazonaws.com/bc4edc3c-42d6-44d9-a60c-92d397e1b971/d50e0b6a2e76459cb4418f95fa12919c.flac
CANFOR,Interior Broadleaf Working Group ARU Monitoring 2025 Limited Amplitude Processing,3701,DOC266-HR-C,492664,2025-06-10 05:11:00,2894210,1SPT,2622036,t,UNSA,Unidentified Sapsucker,SPHYRAPICUS,Aves,31.59,180.00,2.50,0.55kHz,2.00kHz,5315634,1,Non-vocal,1,,f,2,Leonard Patterson,2623,,f,-34.25,-34.62,2,0.018902,0.010254,0.027557,-31.2,-63.87,-68.41,2,-0.000001,-0.006805,0.002197,-43.34,-33.6,-34.78,3,0.01929,0.009949,0.02832,-30.96,-61.73,-67.39,2,-0.000001,-0.007721,0.003937,-42.25,t,https://portal.wildtrax.ca/home/aru-tasks/recording.html?taskId=2622036,https://wildtrax-aru.s3-accelerate.amazonaws.com/bc4edc3c-42d6-44d9-a60c-92d397e1b971/6dbb47ba2e91497ba3dac7460d147dcf.jpg,https://wildtrax-aru.s3-accelerate.amazonaws.com/bc4edc3c-42d6-44d9-a60c-92d397e1b971/ea296b0483754e24b725c8c5a42d4a97.flac
CANFOR,Interior Broadleaf Working Group ARU Monitoring 2025 Limited Amplitude Processing,3701,DOC266-HR-C,492664,2025-06-10 05:11:00,2894210,1SPT,2622036,t,UNWO,Unidentified Woodpecker,"",Aves,48.75,180.00,2.40,0.19kHz,1.84kHz,5315654,1,Non-vocal,1,,f,2,Leonard Patterson,2623,,f,-34.3,-34.6,2,0.018845,0.010925,0.027527,-31.2,-54.72,-56.18,2,-0.0015,-0.009827,0.000519,-40.15,-33.36,-34.67,2,0.019469,0.003387,0.035736,-28.94,-54.14,-56.18,2,-0.00155,-0.010101,0.004181,-39.91,t,https://portal.wildtrax.ca/home/aru-tasks/recording.html?taskId=2622036,https://wildtrax-aru.s3-accelerate.amazonaws.com/bc4edc3c-42d6-44d9-a60c-92d397e1b971/547e424dcb5b4af685ec1169b974851d.jpg,https://wildtrax-aru.s3-accelerate.amazonaws.com/bc4edc3c-42d6-44d9-a60c-92d397e1b971/635ba83a46714bdda761e18db35b2b98.flac
CANFOR,Interior Broadleaf Working Group ARU Monitoring 2025 Limited Amplitude Processing,3701,DOC266-HR-C,492664,2025-06-10 05:11:00,2894210,1SPT,2622036,t,SWTH,Swainson's Thrush,CATHARUS USTULATUS,Aves,65.51,180.00,0.83,1.22kHz,5.03kHz,5315657,1,Song,1,,f,2,Leonard Patterson,2623,,f,-34.31,-34.68,2,0.018759,0.011383,0.026398,-31.57,-62.79,-64.3,2,-0.000001,-0.006836,0.003418,-43.3,-33.6,-34.67,2,0.019362,0.011108,0.027313,-31.27,-61.99,-63.81,2,-0.000002,-0.007355,0.002716,-42.67,t,https://portal.wildtrax.ca/home/aru-tasks/recording.html?taskId=2622036,https://wildtrax-aru.s3-accelerate.amazonaws.com/bc4edc3c-42d6-44d9-a60c-92d397e1b971/ac8a77adb8d142ad8226886b8090fb1f.jpg,https://wildtrax-aru.s3-accelerate.amazonaws.com/bc4edc3c-42d6-44d9-a60c-92d397e1b971/dfece9ef5a7d41a8bbf5f52e62fed332.flac
CANFOR,Interior Broadleaf Working Group ARU Monitoring 2025 Limited Amplitude Processing,3701,DOC266-HR-C,492664,2025-06-10 05:11:00,2894210,1SPT,2622036,t,WTSP,White-throated Sparrow,ZONOTRICHIA ALBICOLLIS,Aves,103.12,180.00,3.49,3.70kHz,4.26kHz,5315676,1,Song,1,,f,2,Leonard Patterson,2623,,f,-34.25,-34.67,2,0.018875,0.011047,0.027618,-31.18,-71.67,-74.88,2,0,-0.000946,0.000946,-60.48,-33.71,-34.68,2,0.019326,0.005859,0.03363,-29.47,-52.24,-72.08,4,0,-0.005432,0.005432,-45.3,t,https://portal.wildtrax.ca/home/aru-tasks/recording.html?taskId=2622036,https://wildtrax-aru.s3-accelerate.amazonaws.com/bc4edc3c-42d6-44d9-a60c-92d397e1b971/8a3f022615244bde9b4ce91ab69975cf.jpg,https://wildtrax-aru.s3-accelerate.amazonaws.com/bc4edc3c-42d6-44d9-a60c-92d397e1b971/f32eaa4fe50240ee8b5fdf5b1178d8a1.flac
CANFOR,Interior Broadleaf Working Group ARU Monitoring 2025 Limited Amplitude Processing,3701,DOC266-HR-C,492664,2025-06-10 05:11:00,2894210,1SPT,2622036,t,RCKI,Ruby-crowned Kinglet,CORTHYLIO CALENDULA,Aves,124.48,180.00,0.69,2.41kHz,3.70kHz,5315662,1,Song,1,,f,2,Leonard Patterson,2623,,f,-34.32,-34.65,2,0.018884,0.011597,0.026123,-31.66,-67.98,-69.58,2,-0.000001,-0.002838,0.002655,-50.94,-33.72,-34.45,2,0.019396,0.010742,0.029846,-30.5,-56.57,-65.15,2,0,-0.003815,0.003876,-48.23,t,https://portal.wildtrax.ca/home/aru-tasks/recording.html?taskId=2622036,https://wildtrax-aru.s3-accelerate.amazonaws.com/bc4edc3c-42d6-44d9-a60c-92d397e1b971/0ab56cca13f34a55be3bb2c29eeb342b.jpg,https://wildtrax-aru.s3-accelerate.amazonaws.com/bc4edc3c-42d6-44d9-a60c-92d397e1b971/80b14b5cb10842598dc3bf3f7c91b867.flac
CANFOR,Interior Broadleaf Working Group ARU Monitoring 2025 Limited Amplitude Processing,3701,DOC266-HR-C,492664,2025-06-10 05:11:00,2894210,1SPT,2622036,t,WTSP,White-throated Sparrow,ZONOTRICHIA ALBICOLLIS,Aves,160.52,180.00,3.46,2.15kHz,3.95kHz,5315665,2,Song,1,,f,2,Leonard Patterson,2623,,f,-34.28,-34.61,2,0.018877,0.010162,0.027313,-31.27,-66.3,-68.5,2,0,-0.004517,0.003387,-46.9,-32.68,-35.34,2,0.019368,-0.004547,0.040253,-27.9,-45.52,-66.01,3,0,-0.010559,0.011047,-39.13,t,https://portal.wildtrax.ca/home/aru-tasks/recording.html?taskId=2622036,https://wildtrax-aru.s3-accelerate.amazonaws.com/bc4edc3c-42d6-44d9-a60c-92d397e1b971/7ab8e78411d34178920cb44775e5f226.jpg,https://wildtrax-aru.s3-accelerate.amazonaws.com/bc4edc3c-42d6-44d9-a60c-92d397e1b971/398f95cf7fa74f8c9ba8872754cc2154.flac
CANFOR,Interior Broadleaf Working Group ARU Monitoring 2025 Limited Amplitude Processing,3701,DOC266-LR-C,492654,2024-06-07 05:10:00,2757391,1SPT,3174361,t,DUFL,Dusky Flycatcher,EMPIDONAX OBERHOLSERI,Aves,8.04,180.00,0.34,4.09kHz,7.44kHz,5591313,1,Song,1,,f,1,Leonard Patterson,2623,,f,-35.49,-35.94,3,0.016085,0.001892,0.031128,-30.14,-47.41,-52.34,2,-0.000001,-0.011566,0.011444,-38.74,-27.65,-27.87,2,0.040647,0.027069,0.052094,-25.66,-51.28,-55.25,2,-0.000001,-0.008453,0.008118,-41.46,t,https://portal.wildtrax.ca/home/aru-tasks/recording.html?taskId=3174361,https://wildtrax-aru.s3-accelerate.amazonaws.com/64c851cb-5682-464a-98c2-ad0b0a59c054/cd4e6806cac3492ba4dd2db9c6907926.jpg,https://wildtrax-aru.s3-accelerate.amazonaws.com/64c851cb-5682-464a-98c2-ad0b0a59c054/30ca87863a7e4ea0922454bb126d67bc.flac
CANFOR,Interior Broadleaf Working Group ARU Monitoring 2025 Limited Amplitude Processing,3701,DOC266-LR-C,492654,2025-06-04 05:14:00,2894211,1SPT,2622037,t,DUFL,Dusky Flycatcher,EMPIDONAX OBERHOLSERI,Aves,5.25,180.00,1.23,1.80kHz,7.82kHz,5256741,1,Song,1,,f,1,Leonard Patterson,2623,,f,-27.76,-29.13,2,0.03781,0.021484,0.062439,-24.09,-47.05,-61.14,3,-0.000001,-0.016357,0.016174,-35.73,-37.92,-40.87,2,0.010353,0.001556,0.020325,-33.84,-55.29,-61.96,2,0,-0.00769,0.006592,-42.28,t,https://portal.wildtrax.ca/home/aru-tasks/recording.html?taskId=2622037,https://wildtrax-aru.s3-accelerate.amazonaws.com/33e25cb5-0063-43a5-99d6-24214bc2df2d/2413fb23bc3f427492e7711494cc6f41.jpg,https://wildtrax-aru.s3-accelerate.amazonaws.com/33e25cb5-0063-43a5-99d6-24214bc2df2d/93267972257e4df59c822c24b0cf0ecc.flac
CANFOR,Interior Broadleaf Working Group ARU Monitoring 2025 Limited Amplitude Processing,3701,DOC266-LR-C,492654,2025-06-04 05:14:00,2894211,1SPT,2622037,t,SWTH,Swainson's Thrush,CATHARUS USTULATUS,Aves,10.06,180.00,0.81,1.08kHz,4.27kHz,5256797,1,Song,1,,f,2,Leonard Patterson,2623,,f,-27.41,-28.85,3,0.038048,0.023132,0.056671,-24.93,-53.5,-58.18,2,-0.000004,-0.0159,0.006561,-35.97,-38.75,-40.37,2,0.010408,-0.000305,0.021454,-33.37,-55.03,-60.2,2,-0.000001,-0.006134,0.005615,-44.25,t,https://portal.wildtrax.ca/home/aru-tasks/recording.html?taskId=2622037,https://wildtrax-aru.s3-accelerate.amazonaws.com/33e25cb5-0063-43a5-99d6-24214bc2df2d/71449bde36ea447e8795622d0b00b7d2.jpg,https://wildtrax-aru.s3-accelerate.amazonaws.com/33e25cb5-0063-43a5-99d6-24214bc2df2d/cd40d6858ae34e72ab7861ad07f98c23.flac
CANFOR,Interior Broadleaf Working Group ARU Monitoring 2025 Limited Amplitude Processing,3701,DOC266-LR-C,492654,2025-06-04 05:14:00,2894211,1SPT,2622037,t,WTSP,White-throated Sparrow,ZONOTRICHIA ALBICOLLIS,Aves,32.22,180.00,0.48,3.75kHz,4.17kHz,5256738,1,Song,1,,f,1,Leonard Patterson,2623,,f,-26.36,-29.74,2,0.037389,0.006897,0.062897,-24.03,-60.64,-63.51,3,0,-0.002533,0.002533,-51.93,-37.95,-41.79,2,0.010611,-0.001282,0.020844,-33.62,-67.77,-69.99,5,0,-0.001282,0.001251,-57.84,t,https://portal.wildtrax.ca/home/aru-tasks/recording.html?taskId=2622037,https://wildtrax-aru.s3-accelerate.amazonaws.com/33e25cb5-0063-43a5-99d6-24214bc2df2d/12f9449e95f34f069e8508530ba31291.jpg,https://wildtrax-aru.s3-accelerate.amazonaws.com/33e25cb5-0063-43a5-99d6-24214bc2df2d/6a1767c91ed7415c85a38539ec11a2a2.flac
CANFOR,Interior Broadleaf Working Group ARU Monitoring 2025 Limited Amplitude Processing,3701,DOC266-LR-C,492654,2025-06-04 05:14:00,2894211,1SPT,2622037,t,WTSP,White-throated Sparrow,ZONOTRICHIA ALBICOLLIS,Aves,33.75,180.00,0.95,3.29kHz,4.27kHz,5256734,2,Song,1,,f,1,Leonard Patterson,2623,,f,-25.82,-29.42,2,0.037979,-0.022797,0.075073,-22.49,-44.3,-58.97,2,0,-0.010437,0.010559,-39.53,-37.02,-41.92,2,0.010474,-0.006042,0.027924,-31.08,-49.2,-63.37,2,0,-0.007111,0.007111,-42.96,t,https://portal.wildtrax.ca/home/aru-tasks/recording.html?taskId=2622037,https://wildtrax-aru.s3-accelerate.amazonaws.com/33e25cb5-0063-43a5-99d6-24214bc2df2d/2adb0dd818da4da289f2874ae1fa4540.jpg,https://wildtrax-aru.s3-accelerate.amazonaws.com/33e25cb5-0063-43a5-99d6-24214bc2df2d/55d37253387f4a538f20c8dbcc395b2d.flac
CANFOR,Interior Broadleaf Working Group ARU Monitoring 2025 Limited Amplitude Processing,3701,DOC266-LR-C,492654,2025-06-04 05:14:00,2894211,1SPT,2622037,t,PISI,Pine Siskin,SPINUS PINUS,Aves,36.54,180.00,0.44,3.34kHz,5.45kHz,5258058,1,Song,1,,f,1,Leonard Patterson,2623,,f,-27.81,-28.78,2,0.038384,0.025269,0.052887,-25.53,-58.25,-64.61,2,-0.000001,-0.005615,0.004486,-45.01,-39.06,-39.94,2,0.010118,0.001068,0.020294,-33.85,-62.84,-66.79,2,0,-0.002197,0.002167,-53.16,t,https://portal.wildtrax.ca/home/aru-tasks/recording.html?taskId=2622037,https://wildtrax-aru.s3-accelerate.amazonaws.com/33e25cb5-0063-43a5-99d6-24214bc2df2d/c263c1c4eb9e4406b93529811bb588cb.jpg,https://wildtrax-aru.s3-accelerate.amazonaws.com/33e25cb5-0063-43a5-99d6-24214bc2df2d/6524c57cc72142e0ad441f067e0622fe.flac
CANFOR,Interior Broadleaf Working Group ARU Monitoring 2025 Limited Amplitude Processing,3701,DOC266-LR-C,492654,2025-06-04 05:14:00,2894211,1SPT,2622037,t,NOWA,Northern Waterthrush,PARKESIA NOVEBORACENSIS,Aves,52.12,180.00,0.79,2.78kHz,4.73kHz,5258059,1,Song,1,,f,2,Leonard Patterson,2623,,f,-28.13,-28.59,2,0.037941,0.025024,0.049561,-26.1,-61.21,-64.43,2,-0.000001,-0.007172,0.005249,-42.89,-39.04,-40.21,3,0.010169,0.000763,0.019623,-34.14,-61.22,-65.84,2,0,-0.004303,0.004547,-46.85,t,https://portal.wildtrax.ca/home/aru-tasks/recording.html?taskId=2622037,https://wildtrax-aru.s3-accelerate.amazonaws.com/33e25cb5-0063-43a5-99d6-24214bc2df2d/83c15537bad2472e837511ece15c6a76.jpg,https://wildtrax-aru.s3-accelerate.amazonaws.com/33e25cb5-0063-43a5-99d6-24214bc2df2d/5eed905e6ce04d24818914650246308e.flac
CANFOR,Interior Broadleaf Working Group ARU Monitoring 2025 Limited Amplitude Processing,3701,DOC266-LR-C,492654,2025-06-04 05:14:00,2894211,1SPT,2622037,t,DUFL,Dusky Flycatcher,EMPIDONAX OBERHOLSERI,Aves,55.63,180.00,0.30,3.55kHz,6.28kHz,5256802,2,Song,1,,f,1,Leonard Patterson,2623,,f,-28.23,-28.38,2,0.038092,0.024811,0.04892,-26.21,-61.1,-62.69,2,-0.000002,-0.007629,0.005676,-42.35,-38.9,-39.37,3,0.010427,0.00174,0.018768,-34.53,-63.25,-64.62,2,0,-0.003204,0.003174,-49.89,t,https://portal.wildtrax.ca/home/aru-tasks/recording.html?taskId=2622037,https://wildtrax-aru.s3-accelerate.amazonaws.com/33e25cb5-0063-43a5-99d6-24214bc2df2d/7d8137d1cb8e4b0889674197282c1d77.jpg,https://wildtrax-aru.s3-accelerate.amazonaws.com/33e25cb5-0063-43a5-99d6-24214bc2df2d/60d3ecfd0e87471eb383de0ec1118fc3.flac
CANFOR,Interior Broadleaf Working Group ARU Monitoring 2025 Limited Amplitude Processing,3701,DOC266-LR-C,492654,2025-06-04 05:14:00,2894211,1SPT,2622037,t,UNSA,Unidentified Sapsucker,SPHYRAPICUS,Aves,69.58,180.00,5.96,0.07kHz,2.18kHz,5256745,1,Non-vocal,1,,f,2,Leonard Patterson,2623,,f,-26.14,-30.42,2,0.038117,0.000305,0.073517,-22.67,-31.64,-35.93,2,-0.020211,-0.040283,-0.000305,-27.9,-33.61,-42.49,2,0.010301,-0.020416,0.035889,-28.9,-39.1,-48.04,2,-0.005462,-0.017639,0.010895,-35.07,t,https://portal.wildtrax.ca/home/aru-tasks/recording.html?taskId=2622037,https://wildtrax-aru.s3-accelerate.amazonaws.com/33e25cb5-0063-43a5-99d6-24214bc2df2d/fd53f1a5213c43eeb4e21cb3b31c9093.jpg,https://wildtrax-aru.s3-accelerate.amazonaws.com/33e25cb5-0063-43a5-99d6-24214bc2df2d/d9c1c75371b041febb24aca9ea68a0a7.flac
CANFOR,Interior Broadleaf Working Group ARU Monitoring 2025 Limited Amplitude Processing,3701,DOC266-LR-C,492654,2025-06-04 05:14:00,2894211,1SPT,2622037,t,OCWA,Orange-crowned Warbler,LEIOTHLYPIS CELATA,Aves,83.29,180.00,1.15,3.81kHz,6.07kHz,5256818,1,Song,1,,f,2,Leonard Patterson,2623,,f,-27.5,-29.47,2,0.038171,0.02182,0.060486,-24.37,-57.43,-62.88,2,0,-0.006897,0.005768,-43.23,-36.97,-42.05,2,0.010316,-0.00415,0.026459,-31.55,-59.36,-65,3,0,-0.00351,0.003754,-48.51,t,https://portal.wildtrax.ca/home/aru-tasks/recording.html?taskId=2622037,https://wildtrax-aru.s3-accelerate.amazonaws.com/33e25cb5-0063-43a5-99d6-24214bc2df2d/441ff94d4287436bb07839c100075c04.jpg,https://wildtrax-aru.s3-accelerate.amazonaws.com/33e25cb5-0063-43a5-99d6-24214bc2df2d/8dc43ec73eb341449bec193cad5140ba.flac
CANFOR,Interior Broadleaf Working Group ARU Monitoring 2025 Limited Amplitude Processing,3701,DOC266-LR-C,492654,2025-06-04 05:14:00,2894211,1SPT,2622037,t,RCKI,Ruby-crowned Kinglet,CORTHYLIO CALENDULA,Aves,84.98,180.00,1.30,1.82kHz,5.22kHz,5256823,1,Song,1,,f,2,Leonard Patterson,2623,,f,-27.37,-29.27,2,0.038288,0.020721,0.05484,-25.22,-57.31,-62.25,2,-0.000001,-0.012756,0.006744,-37.89,-36.4,-41.92,2,0.010168,-0.005127,0.025146,-31.99,-58.08,-63.78,2,0,-0.005768,0.00531,-44.78,t,https://portal.wildtrax.ca/home/aru-tasks/recording.html?taskId=2622037,https://wildtrax-aru.s3-accelerate.amazonaws.com/33e25cb5-0063-43a5-99d6-24214bc2df2d/069aa4d3d1054c88b60972c12b500c03.jpg,https://wildtrax-aru.s3-accelerate.amazonaws.com/33e25cb5-0063-43a5-99d6-24214bc2df2d/ae4aaff48b8a4b54882ee48107074bf6.flac
CANFOR,Interior Broadleaf Working Group ARU Monitoring 2025 Limited Amplitude Processing,3701,DOC266-LR-C,492654,2025-06-04 05:14:00,2894211,1SPT,2622037,t,AMRO,American Robin,TURDUS MIGRATORIUS,Aves,86.56,180.00,1.56,1.49kHz,3.39kHz,5256825,1,Song,1,,f,2,Leonard Patterson,2623,,f,-26.41,-30.18,2,0.037897,0.003723,0.069519,-23.16,-58.23,-64.64,2,-0.000001,-0.011414,0.005554,-38.85,-36.38,-41.33,2,0.010298,-0.002777,0.02533,-31.93,-58.57,-66.05,2,0,-0.004395,0.003601,-47.14,t,https://portal.wildtrax.ca/home/aru-tasks/recording.html?taskId=2622037,https://wildtrax-aru.s3-accelerate.amazonaws.com/33e25cb5-0063-43a5-99d6-24214bc2df2d/51dd3ed966ae4eba9988b44df4df2f62.jpg,https://wildtrax-aru.s3-accelerate.amazonaws.com/33e25cb5-0063-43a5-99d6-24214bc2df2d/aaa643a32b9d43898ec8f1684e22c679.flac
CANFOR,Interior Broadleaf Working Group ARU Monitoring 2025 Limited Amplitude Processing,3701,DOC266-LR-C,492654,2025-06-04 05:14:00,2894211,1SPT,2622037,t,WETA,Western Tanager,PIRANGA LUDOVICIANA,Aves,92.80,180.00,2.09,1.72kHz,3.26kHz,5258060,1,Song,1,,f,2,Leonard Patterson,2623,,f,-27.24,-29.34,2,0.038225,0.021545,0.058319,-24.68,-54.55,-66.34,2,-0.000001,-0.007233,0.005005,-42.81,-37.52,-41.59,2,0.010201,-0.001556,0.022247,-33.05,-55.01,-68.1,2,0,-0.004456,0.004456,-47.02,t,https://portal.wildtrax.ca/home/aru-tasks/recording.html?taskId=2622037,https://wildtrax-aru.s3-accelerate.amazonaws.com/33e25cb5-0063-43a5-99d6-24214bc2df2d/2e316f165bc24fa2929182e9b0b68849.jpg,https://wildtrax-aru.s3-accelerate.amazonaws.com/33e25cb5-0063-43a5-99d6-24214bc2df2d/f32ec32de362432290a6c4ba8f15a859.flac
CANFOR,Interior Broadleaf Working Group ARU Monitoring 2025 Limited Amplitude Processing,3701,DOC266-LR-C,492654,2025-06-04 05:14:00,2894211,1SPT,2622037,t,CHSP,Chipping Sparrow,SPIZELLA PASSERINA,Aves,103.98,180.00,1.51,3.44kHz,6.07kHz,5256747,1,Song,1,,f,1,Leonard Patterson,2623,,f,-27.04,-29.49,2,0.038019,0.009003,0.058472,-24.66,-54,-58.82,2,0,-0.007965,0.007996,-41.94,-36.48,-41.96,2,0.010605,-0.003845,0.037354,-28.55,-58.26,-61.77,3,0,-0.004456,0.004333,-47.02,t,https://portal.wildtrax.ca/home/aru-tasks/recording.html?taskId=2622037,https://wildtrax-aru.s3-accelerate.amazonaws.com/33e25cb5-0063-43a5-99d6-24214bc2df2d/b15cfb202dfb48bcaf410c4eece74d23.jpg,https://wildtrax-aru.s3-accelerate.amazonaws.com/33e25cb5-0063-43a5-99d6-24214bc2df2d/f812b0ce798c42fba31d89a356ea945e.flac
CANFOR,Interior Broadleaf Working Group ARU Monitoring 2025 Limited Amplitude Processing,3701,DOC266-LR-C,492654,2025-06-04 05:14:00,2894211,1SPT,2622037,t,DEJU,Dark-eyed Junco,JUNCO HYEMALIS,Aves,110.94,180.00,0.91,3.14kHz,6.12kHz,5258061,1,Song,1,,f,2,Leonard Patterson,2623,,f,-27.87,-28.97,2,0.038017,0.023956,0.05603,-25.03,-54.94,-58.58,2,-0.000001,-0.009186,0.006653,-40.74,-37.8,-40.71,2,0.010503,-0.00061,0.023926,-32.42,-55.48,-62.17,2,0,-0.005219,0.005493,-45.2,t,https://portal.wildtrax.ca/home/aru-tasks/recording.html?taskId=2622037,https://wildtrax-aru.s3-accelerate.amazonaws.com/33e25cb5-0063-43a5-99d6-24214bc2df2d/84fe909543974fd094056d434083ba13.jpg,https://wildtrax-aru.s3-accelerate.amazonaws.com/33e25cb5-0063-43a5-99d6-24214bc2df2d/e6d082b709eb435988ed9cf39af8398e.flac
CANFOR,Interior Broadleaf Working Group ARU Monitoring 2025 Limited Amplitude Processing,3701,DOC266-LR-C,492654,2025-06-04 05:14:00,2894211,1SPT,2622037,t,ALFL,Alder Flycatcher,EMPIDONAX ALNORUM,Aves,139.67,180.00,0.18,4.11kHz,5.35kHz,5258065,1,Song,1,,f,1,Leonard Patterson,2623,,f,-28.4,-28.4,2,0.037848,0.026306,0.049164,-26.17,-60.88,-60.88,2,-0.000001,-0.004211,0.003754,-47.51,-40.12,-40.12,2,0.009509,0.000183,0.016907,-35.44,-67.48,-67.48,3,-0.000001,-0.001526,0.001526,-56.33,t,https://portal.wildtrax.ca/home/aru-tasks/recording.html?taskId=2622037,https://wildtrax-aru.s3-accelerate.amazonaws.com/33e25cb5-0063-43a5-99d6-24214bc2df2d/4f5393de579d42b0af00531aed8b1f8d.jpg,https://wildtrax-aru.s3-accelerate.amazonaws.com/33e25cb5-0063-43a5-99d6-24214bc2df2d/8725c3d186d34bb985e36f9c50eb42d7.flac
CANFOR,Interior Broadleaf Working Group ARU Monitoring 2025 Limited Amplitude Processing,3701,DOC266-LR-C,492654,2025-06-04 05:14:00,2894211,1SPT,2622037,t,UNYE,Unidentified Yellowlegs,TRINGA,Aves,148.76,180.00,3.03,1.41kHz,2.90kHz,5258067,1,Song,1,,f,1,Leonard Patterson,2623,,f,-27.12,-29.79,2,0.038136,0.010742,0.063965,-23.88,-52.33,-65.58,2,-0.000001,-0.009674,0.005798,-40.29,-35.43,-42.48,2,0.010498,-0.010925,0.030457,-30.33,-60.34,-67.38,2,0,-0.003113,0.002869,-50.14,t,https://portal.wildtrax.ca/home/aru-tasks/recording.html?taskId=2622037,https://wildtrax-aru.s3-accelerate.amazonaws.com/33e25cb5-0063-43a5-99d6-24214bc2df2d/20eb335bcc6d447bae29f908c21cc527.jpg,https://wildtrax-aru.s3-accelerate.amazonaws.com/33e25cb5-0063-43a5-99d6-24214bc2df2d/3d24f35174f44b3fab35d9c8ac6a650a.flac
CANFOR,Interior Broadleaf Working Group ARU Monitoring 2025 Limited Amplitude Processing,3701,DOC266-LR-C,492654,2025-06-04 05:14:00,2894211,1SPT,2622037,t,WTSP,White-throated Sparrow,ZONOTRICHIA ALBICOLLIS,Aves,160.78,180.00,2.03,3.70kHz,4.32kHz,5256764,3,Song,1,,f,1,Leonard Patterson,2623,,f,-26.07,-30.67,2,0.038104,-0.029724,0.080994,-21.83,-48.85,-64.35,2,0,-0.007477,0.007446,-42.53,-24.64,-43.38,2,0.010513,-0.109619,0.073486,-19.2,-47.62,-62.97,3,0,-0.008148,0.008148,-41.78,t,https://portal.wildtrax.ca/home/aru-tasks/recording.html?taskId=2622037,https://wildtrax-aru.s3-accelerate.amazonaws.com/33e25cb5-0063-43a5-99d6-24214bc2df2d/798b8754cf244cbf9d380d955f54d0d0.jpg,https://wildtrax-aru.s3-accelerate.amazonaws.com/33e25cb5-0063-43a5-99d6-24214bc2df2d/86e3a666836d4b63be7147a8f4a2f8d4.flac
CANFOR,Interior Broadleaf Working Group ARU Monitoring 2025 Limited Amplitude Processing,3701,DOC266-LR-C,492654,2025-06-04 05:14:00,2894211,1SPT,2622037,t,HETH,Hermit Thrush,CATHARUS GUTTATUS,Aves,175.41,180.00,1.19,2.16kHz,5.40kHz,5258062,1,Song,1,,f,2,Leonard Patterson,2623,,f,-26.4,-29.67,2,0.037914,-0.002991,0.073059,-22.73,-48.4,-58.38,2,-0.000001,-0.009552,0.008362,-40.4,-36.62,-41.94,2,0.010477,-0.010986,0.026093,-31.67,-49.83,-62.1,2,0,-0.007141,0.007385,-42.63,t,https://portal.wildtrax.ca/home/aru-tasks/recording.html?taskId=2622037,https://wildtrax-aru.s3-accelerate.amazonaws.com/33e25cb5-0063-43a5-99d6-24214bc2df2d/972e1508498a4b4eab71cea77c15c49e.jpg,https://wildtrax-aru.s3-accelerate.amazonaws.com/33e25cb5-0063-43a5-99d6-24214bc2df2d/3be11f4ef0dd4a1a85031c98fa0d2c2b.flac
CANFOR,Interior Broadleaf Working Group ARU Monitoring 2025 Limited Amplitude Processing,3701,DOC266-LR-C,492654,2025-06-07 05:12:00,2894212,1SPT,2622038,t,OCWA,Orange-crowned Warbler,LEIOTHLYPIS CELATA,Aves,4.04,180.00,1.56,2.85kHz,6.97kHz,5258070,1,Song,1,,f,1,Leonard Patterson,2623,,f,-21.69,-30.83,2,0.037328,-0.079041,0.158447,-16,-56.29,-62.22,2,-0.000001,-0.021454,0.009735,-33.37,-29.37,-42.98,2,0.010265,-0.034821,0.059631,-24.49,-59.18,-64.21,2,0,-0.006897,0.004486,-43.23,t,https://portal.wildtrax.ca/home/aru-tasks/recording.html?taskId=2622038,https://wildtrax-aru.s3-accelerate.amazonaws.com/6b30e435-384b-45bc-b3be-c42c4abad8b6/980344968165418c892981031953a0ff.jpg,https://wildtrax-aru.s3-accelerate.amazonaws.com/6b30e435-384b-45bc-b3be-c42c4abad8b6/b4966fee37cf49dfb758e3abacb4ff78.flac
CANFOR,Interior Broadleaf Working Group ARU Monitoring 2025 Limited Amplitude Processing,3701,DOC266-LR-C,492654,2025-06-07 05:12:00,2894212,1SPT,2622038,t,NOWA,Northern Waterthrush,PARKESIA NOVEBORACENSIS,Aves,9.80,180.00,1.00,1.51kHz,4.50kHz,5258119,1,Song,1,,f,1,Leonard Patterson,2623,,f,-26.26,-30.28,2,0.038172,-0.000488,0.071808,-22.88,-59.69,-63.26,2,-0.000002,-0.01532,0.004547,-36.29,-33.86,-42.34,2,0.009895,-0.024414,0.033661,-29.46,-62.15,-64.87,2,-0.000001,-0.00885,0.003296,-41.06,t,https://portal.wildtrax.ca/home/aru-tasks/recording.html?taskId=2622038,https://wildtrax-aru.s3-accelerate.amazonaws.com/6b30e435-384b-45bc-b3be-c42c4abad8b6/6be609f390e3450aab9b7426aaeb8bbb.jpg,https://wildtrax-aru.s3-accelerate.amazonaws.com/6b30e435-384b-45bc-b3be-c42c4abad8b6/454b997c90cc4256a46751175a4246b5.flac
CANFOR,Interior Broadleaf Working Group ARU Monitoring 2025 Limited Amplitude Processing,3701,DOC266-LR-C,492654,2025-06-07 05:12:00,2894212,1SPT,2622038,t,DUFL,Dusky Flycatcher,EMPIDONAX OBERHOLSERI,Aves,34.51,180.00,0.20,2.75kHz,5.38kHz,5258120,1,Song,1,,f,1,Leonard Patterson,2623,,f,-28.35,-28.35,2,0.038064,0.025848,0.047241,-26.51,-60.58,-60.58,2,-0.000004,-0.008728,0.006012,-41.18,-39.4,-39.4,3,0.010425,0.001434,0.017639,-35.07,-62.15,-62.15,2,-0.000001,-0.003754,0.003784,-48.44,t,https://portal.wildtrax.ca/home/aru-tasks/recording.html?taskId=2622038,https://wildtrax-aru.s3-accelerate.amazonaws.com/6b30e435-384b-45bc-b3be-c42c4abad8b6/f4f3be99c37648d6bac1404e5184c560.jpg,https://wildtrax-aru.s3-accelerate.amazonaws.com/6b30e435-384b-45bc-b3be-c42c4abad8b6/5ec180dc90764f67a63903b162a7dfc1.flac
CANFOR,Interior Broadleaf Working Group ARU Monitoring 2025 Limited Amplitude Processing,3701,DOC266-LR-C,492654,2025-06-07 05:12:00,2894212,1SPT,2622038,t,RCKI,Ruby-crowned Kinglet,CORTHYLIO CALENDULA,Aves,46.81,180.00,1.63,1.85kHz,4.42kHz,5258131,1,Song,1,,f,2,Leonard Patterson,2623,,f,-27.46,-28.97,2,0.03806,0.024109,0.053101,-25.5,-60.51,-64.13,2,-0.000001,-0.010986,0.005371,-39.18,-37.66,-41.17,2,0.010466,-0.002716,0.022064,-33.13,-60.78,-65.83,2,0,-0.003204,0.003113,-49.89,t,https://portal.wildtrax.ca/home/aru-tasks/recording.html?taskId=2622038,https://wildtrax-aru.s3-accelerate.amazonaws.com/6b30e435-384b-45bc-b3be-c42c4abad8b6/9235a44b2a1d4c468440b0609ca17a80.jpg,https://wildtrax-aru.s3-accelerate.amazonaws.com/6b30e435-384b-45bc-b3be-c42c4abad8b6/a8d3a748c78b4185a8a169c176ae606a.flac
CANFOR,Interior Broadleaf Working Group ARU Monitoring 2025 Limited Amplitude Processing,3701,DOC266-LR-C,492654,2025-06-07 05:12:00,2894212,1SPT,2622038,t,WTSP,White-throated Sparrow,ZONOTRICHIA ALBICOLLIS,Aves,52.65,180.00,0.94,4.19kHz,4.81kHz,5258151,1,Song,1,,f,2,Leonard Patterson,2623,,f,-28.01,-28.8,2,0.038157,0.024414,0.052063,-25.67,-63.47,-71,3,0,-0.001801,0.001831,-54.75,-38.26,-40.75,2,0.010312,0.000549,0.021179,-33.48,-63.63,-72.37,7,0,-0.001373,0.001434,-56.87,t,https://portal.wildtrax.ca/home/aru-tasks/recording.html?taskId=2622038,https://wildtrax-aru.s3-accelerate.amazonaws.com/6b30e435-384b-45bc-b3be-c42c4abad8b6/12b8afb5b9b44df6917ea3c7eed5278e.jpg,https://wildtrax-aru.s3-accelerate.amazonaws.com/6b30e435-384b-45bc-b3be-c42c4abad8b6/cfe62d981a4d4162be44867fa1afd387.flac
CANFOR,Interior Broadleaf Working Group ARU Monitoring 2025 Limited Amplitude Processing,3701,DOC266-LR-C,492654,2025-06-07 05:12:00,2894212,1SPT,2622038,t,RUGR,Ruffed Grouse,BONASA UMBELLUS,Aves,84.82,180.00,5.61,0.07kHz,1.10kHz,5258137,1,Non-vocal,1,,f,2,Leonard Patterson,2623,,f,-27.61,-29.14,2,0.038152,0.018921,0.055847,-25.06,-33.11,-34.66,2,-0.02023,-0.028748,-0.00885,-30.83,-35.93,-42.7,2,0.010386,-0.005341,0.027954,-31.07,-41.44,-48.26,5,-0.005507,-0.013794,0.001831,-37.21,t,https://portal.wildtrax.ca/home/aru-tasks/recording.html?taskId=2622038,https://wildtrax-aru.s3-accelerate.amazonaws.com/6b30e435-384b-45bc-b3be-c42c4abad8b6/24c07019f2844249841acd9637f2d472.jpg,https://wildtrax-aru.s3-accelerate.amazonaws.com/6b30e435-384b-45bc-b3be-c42c4abad8b6/1c555f2085a94e7785fcc4308641bf31.flac
CANFOR,Interior Broadleaf Working Group ARU Monitoring 2025 Limited Amplitude Processing,3701,DOC266-LR-C,492654,2025-06-07 05:12:00,2894212,1SPT,2622038,t,PISI,Pine Siskin,SPINUS PINUS,Aves,107.58,180.00,0.35,2.62kHz,5.71kHz,5258142,1,Song,1,,f,2,Leonard Patterson,2623,,f,-27.07,-29.28,2,0.036873,0.005188,0.079834,-21.96,-60.92,-62.9,2,-0.000002,-0.009003,0.006195,-40.91,-35.45,-39.99,2,0.010428,-0.005615,0.029327,-30.65,-61.9,-64.36,2,-0.000001,-0.003967,0.00293,-48.03,t,https://portal.wildtrax.ca/home/aru-tasks/recording.html?taskId=2622038,https://wildtrax-aru.s3-accelerate.amazonaws.com/6b30e435-384b-45bc-b3be-c42c4abad8b6/c2f0fb2984844e7f9a2952bc5664b196.jpg,https://wildtrax-aru.s3-accelerate.amazonaws.com/6b30e435-384b-45bc-b3be-c42c4abad8b6/2250b31d9cac48b8a1328a7d275f3716.flac
CANFOR,Interior Broadleaf Working Group ARU Monitoring 2025 Limited Amplitude Processing,3701,DOC266-LR-C,492654,2025-06-07 05:12:00,2894212,1SPT,2622038,t,ALFL,Alder Flycatcher,EMPIDONAX ALNORUM,Aves,127.09,180.00,0.35,2.34kHz,5.07kHz,5258146,1,Song,1,,f,1,Leonard Patterson,2623,,f,-23.74,-28.44,2,0.036783,-0.065887,0.142181,-16.94,-61.02,-62.11,2,-0.000003,-0.016357,0.00885,-35.73,-20.52,-29.79,2,0.012738,-0.174194,0.136963,-15.18,-63.35,-64.03,2,0.000001,-0.003204,0.004608,-46.73,t,https://portal.wildtrax.ca/home/aru-tasks/recording.html?taskId=2622038,https://wildtrax-aru.s3-accelerate.amazonaws.com/6b30e435-384b-45bc-b3be-c42c4abad8b6/82a8fa67f4344ec2aeb9f366c3d1e2a4.jpg,https://wildtrax-aru.s3-accelerate.amazonaws.com/6b30e435-384b-45bc-b3be-c42c4abad8b6/fc309523c57d4c798c7ea85495c08129.flac
CANFOR,Interior Broadleaf Working Group ARU Monitoring 2025 Limited Amplitude Processing,3701,DOC266-LR-C,492654,2025-06-07 05:12:00,2894212,1SPT,2622038,t,SWTH,Swainson's Thrush,CATHARUS USTULATUS,Aves,145.45,180.00,0.96,1.33kHz,4.37kHz,5258072,1,Song,1,,f,2,Leonard Patterson,2623,,f,-24.83,-29.93,2,0.037977,-0.001953,0.093384,-20.59,-54.45,-60.37,2,-0.000001,-0.012146,0.005676,-38.31,-35.83,-42.54,2,0.010283,-0.006714,0.025208,-31.97,-54.22,-62.58,2,0,-0.006195,0.005554,-44.16,t,https://portal.wildtrax.ca/home/aru-tasks/recording.html?taskId=2622038,https://wildtrax-aru.s3-accelerate.amazonaws.com/6b30e435-384b-45bc-b3be-c42c4abad8b6/5631d505a70f422fb689eaa6e1be50e9.jpg,https://wildtrax-aru.s3-accelerate.amazonaws.com/6b30e435-384b-45bc-b3be-c42c4abad8b6/d22239cd4e2e447580b02c50451fa516.flac
CANFOR,Interior Broadleaf Working Group ARU Monitoring 2025 Limited Amplitude Processing,3701,DOC266-LR-C,492654,2025-06-07 05:12:00,2894212,1SPT,2622038,t,DUFL,Dusky Flycatcher,EMPIDONAX OBERHOLSERI,Aves,164.08,180.00,0.46,2.90kHz,7.08kHz,5258073,2,Song,1,,f,1,Leonard Patterson,2623,,f,-28.13,-28.62,2,0.037974,0.025848,0.051147,-25.82,-53.9,-62.35,2,-0.000002,-0.01004,0.006805,-39.97,-39.21,-40.17,3,0.0101,0.001068,0.018097,-34.85,-61.79,-64.29,2,0,-0.003143,0.002991,-50.05,t,https://portal.wildtrax.ca/home/aru-tasks/recording.html?taskId=2622038,https://wildtrax-aru.s3-accelerate.amazonaws.com/6b30e435-384b-45bc-b3be-c42c4abad8b6/8c1943ffaacb4e0c9d736e9bf1bd58b6.jpg,https://wildtrax-aru.s3-accelerate.amazonaws.com/6b30e435-384b-45bc-b3be-c42c4abad8b6/403f8dc3078d489e9d51daef21de7e34.flac
CANFOR,Interior Broadleaf Working Group ARU Monitoring 2025 Limited Amplitude Processing,3701,DOC266-LR-C,492654,2025-06-07 05:12:00,2894212,1SPT,2622038,t,UNSA,Unidentified Sapsucker,SPHYRAPICUS,Aves,172.36,180.00,1.26,0.43kHz,1.51kHz,5258149,1,Non-vocal,1,,f,1,Leonard Patterson,2623,,f,-27.95,-28.66,2,0.038141,0.026093,0.048981,-26.2,-58.98,-65.12,4,-0.000005,-0.01236,0.002655,-38.16,-38.48,-40.99,2,0.010186,0.000641,0.018066,-34.86,-65.56,-67.59,2,-0.000001,-0.00235,0.001862,-52.58,t,https://portal.wildtrax.ca/home/aru-tasks/recording.html?taskId=2622038,https://wildtrax-aru.s3-accelerate.amazonaws.com/6b30e435-384b-45bc-b3be-c42c4abad8b6/587dcf3687a94154bce8eab612e19527.jpg,https://wildtrax-aru.s3-accelerate.amazonaws.com/6b30e435-384b-45bc-b3be-c42c4abad8b6/ab553e7a5ad14c519db48be33b5e9487.flac
CANFOR,Interior Broadleaf Working Group ARU Monitoring 2025 Limited Amplitude Processing,3701,DOC266-LR-C,492654,2025-06-07 05:12:00,2894212,1SPT,2622038,t,CEDW,Cedar Waxwing,BOMBYCILLA CEDRORUM,Aves,177.33,180.00,0.69,6.83kHz,8.47kHz,5492011,1,Song,1,,f,1,Leonard Patterson,2623,,f,-27.98,-29.05,2,0.038254,0.023956,0.050781,-25.89,-54.02,-63.1,2,0,-0.004913,0.004913,-46.17,-38.35,-40.46,2,0.010163,0.00119,0.018433,-34.69,-59.41,-67.49,4,0,-0.002411,0.00235,-52.36,t,https://portal.wildtrax.ca/home/aru-tasks/recording.html?taskId=2622038,https://wildtrax-aru.s3-accelerate.amazonaws.com/6b30e435-384b-45bc-b3be-c42c4abad8b6/a9139aa42fa24e688277d0a96d2f0929.jpg,https://wildtrax-aru.s3-accelerate.amazonaws.com/6b30e435-384b-45bc-b3be-c42c4abad8b6/6d9c1c9554a9410287dc4dd5acee8e72.flac
CANFOR,Interior Broadleaf Working Group ARU Monitoring 2025 Limited Amplitude Processing,3701,DOC266-LR-C,492654,2025-06-07 05:12:00,2894212,1SPT,2622038,t,CEDW,Cedar Waxwing,BOMBYCILLA CEDRORUM,Aves,178.01,180.00,0.35,6.46kHz,8.52kHz,5492018,2,Song,1,,f,1,Leonard Patterson,2623,,f,-28.18,-28.84,2,0.038044,0.024902,0.050018,-26.02,-65.17,-67.49,2,0,-0.002716,0.002838,-50.94,-38.18,-41.34,2,0.010486,0.000946,0.01947,-34.21,-67.46,-68.71,2,0,-0.001465,0.001465,-56.68,t,https://portal.wildtrax.ca/home/aru-tasks/recording.html?taskId=2622038,https://wildtrax-aru.s3-accelerate.amazonaws.com/6b30e435-384b-45bc-b3be-c42c4abad8b6/5286139033c84b3b89e7cdad8fcc20e7.jpg,https://wildtrax-aru.s3-accelerate.amazonaws.com/6b30e435-384b-45bc-b3be-c42c4abad8b6/afa7e1825f1045d4a9c2604c2514f82e.flac
CANFOR,Interior Broadleaf Working Group ARU Monitoring 2025 Limited Amplitude Processing,3701,DOC266-LR-C,492654,2025-06-10 05:11:00,2894213,1SPT,2622039,t,DUFL,Dusky Flycatcher,EMPIDONAX OBERHOLSERI,Aves,0.74,180.00,0.14,2.62kHz,4.89kHz,5258166,1,Song,1,,f,1,Leonard Patterson,2623,,f,-28.38,-28.38,2,0.037788,0.027252,0.051788,-25.72,-58.67,-58.67,2,-0.000006,-0.007324,0.006012,-42.7,-39.35,-39.35,2,0.01032,0.002075,0.020447,-33.79,-61.7,-61.7,2,-0.000001,-0.003479,0.003479,-49.17,t,https://portal.wildtrax.ca/home/aru-tasks/recording.html?taskId=2622039,https://wildtrax-aru.s3-accelerate.amazonaws.com/956a6eba-6d70-4d19-a922-7054e8433fb0/fb8edb5dba074f12aa25e081b7eee291.jpg,https://wildtrax-aru.s3-accelerate.amazonaws.com/956a6eba-6d70-4d19-a922-7054e8433fb0/fc5851a6bd0c453b8f1781354c2ae0f2.flac
CANFOR,Interior Broadleaf Working Group ARU Monitoring 2025 Limited Amplitude Processing,3701,DOC266-LR-C,492654,2025-06-10 05:11:00,2894213,1SPT,2622039,t,ALFL,Alder Flycatcher,EMPIDONAX ALNORUM,Aves,25.07,180.00,0.38,2.47kHz,4.47kHz,5258164,1,Song,1,,f,1,Leonard Patterson,2623,,f,-27.99,-28.57,2,0.038341,0.024658,0.050537,-25.93,-55.39,-59.98,2,-0.000002,-0.010498,0.011139,-39.06,-38.43,-39.78,2,0.010783,0.003387,0.018585,-34.62,-62.98,-65.25,2,0,-0.003754,0.004028,-47.9,t,https://portal.wildtrax.ca/home/aru-tasks/recording.html?taskId=2622039,https://wildtrax-aru.s3-accelerate.amazonaws.com/956a6eba-6d70-4d19-a922-7054e8433fb0/5ba1b803fa5242128fd624423864c27a.jpg,https://wildtrax-aru.s3-accelerate.amazonaws.com/956a6eba-6d70-4d19-a922-7054e8433fb0/236330a95d24409c87664e91d0bc73bd.flac
CANFOR,Interior Broadleaf Working Group ARU Monitoring 2025 Limited Amplitude Processing,3701,DOC266-LR-C,492654,2025-06-10 05:11:00,2894213,1SPT,2622039,t,ALFL,Alder Flycatcher,EMPIDONAX ALNORUM,Aves,26.51,180.00,0.44,2.52kHz,5.25kHz,5258165,2,Song,1,,f,2,Leonard Patterson,2623,,f,-28.08,-28.61,2,0.038324,0.025269,0.051239,-25.81,-53.42,-55.98,2,-0.000002,-0.010681,0.008911,-39.43,-38.75,-40.03,2,0.010681,0.000763,0.020325,-33.84,-57.73,-64.07,2,-0.000001,-0.005096,0.004852,-45.85,t,https://portal.wildtrax.ca/home/aru-tasks/recording.html?taskId=2622039,https://wildtrax-aru.s3-accelerate.amazonaws.com/956a6eba-6d70-4d19-a922-7054e8433fb0/729ad6fbe7f44557a534e2b203616c7b.jpg,https://wildtrax-aru.s3-accelerate.amazonaws.com/956a6eba-6d70-4d19-a922-7054e8433fb0/4b1a2ed6920c4506a6c7e10aa0e0aeb6.flac
CANFOR,Interior Broadleaf Working Group ARU Monitoring 2025 Limited Amplitude Processing,3701,DOC266-LR-C,492654,2025-06-10 05:11:00,2894213,1SPT,2622039,t,PUFI,Purple Finch,HAEMORHOUS PURPUREUS,Aves,29.61,180.00,4.11,1.69kHz,6.02kHz,5258254,1,Song,1,,f,2,Leonard Patterson,2623,,t,-27.89,-28.77,2,0.038232,0.021698,0.052887,-25.53,-51.53,-61.3,2,0,-0.013611,0.008606,-37.32,-38.18,-40.46,2,0.010489,-0.001129,0.02063,-33.71,-51.62,-61.65,2,0,-0.006653,0.006836,-43.3,t,https://portal.wildtrax.ca/home/aru-tasks/recording.html?taskId=2622039,https://wildtrax-aru.s3-accelerate.amazonaws.com/956a6eba-6d70-4d19-a922-7054e8433fb0/d42509110e33488e89a25f86a275d275.jpg,https://wildtrax-aru.s3-accelerate.amazonaws.com/956a6eba-6d70-4d19-a922-7054e8433fb0/07fdad3ebf5f4277ae4507b1a8ab4ab0.flac
CANFOR,Interior Broadleaf Working Group ARU Monitoring 2025 Limited Amplitude Processing,3701,DOC266-LR-C,492654,2025-06-10 05:11:00,2894213,1SPT,2622039,t,WTSP,White-throated Sparrow,ZONOTRICHIA ALBICOLLIS,Aves,47.14,180.00,1.28,2.73kHz,4.22kHz,5258575,1,Song,1,,f,2,Leonard Patterson,2623,,f,-27.67,-28.92,2,0.038399,0.011627,0.055298,-25.15,-59.36,-66.07,2,0,-0.004059,0.003479,-47.83,-37.58,-40.32,2,0.01067,-0.008057,0.022125,-33.1,-59.67,-67.32,3,0,-0.002716,0.002747,-51.22,t,https://portal.wildtrax.ca/home/aru-tasks/recording.html?taskId=2622039,https://wildtrax-aru.s3-accelerate.amazonaws.com/956a6eba-6d70-4d19-a922-7054e8433fb0/016aba746a4b4afabe30bb2544e9adcf.jpg,https://wildtrax-aru.s3-accelerate.amazonaws.com/956a6eba-6d70-4d19-a922-7054e8433fb0/336e904466ab4e889b63fa8595337514.flac
CANFOR,Interior Broadleaf Working Group ARU Monitoring 2025 Limited Amplitude Processing,3701,DOC266-LR-C,492654,2025-06-10 05:11:00,2894213,1SPT,2622039,t,WTSP,White-throated Sparrow,ZONOTRICHIA ALBICOLLIS,Aves,63.30,180.00,2.24,2.37kHz,4.17kHz,5258573,2,Song,1,,f,1,Leonard Patterson,2623,,f,-27.73,-28.86,2,0.038217,0.019562,0.055359,-25.14,-48.32,-64.38,2,0,-0.007599,0.007446,-42.39,-37.68,-40.32,2,0.010604,-0.00296,0.024261,-32.3,-52.75,-66.25,2,0,-0.004974,0.005127,-45.8,t,https://portal.wildtrax.ca/home/aru-tasks/recording.html?taskId=2622039,https://wildtrax-aru.s3-accelerate.amazonaws.com/956a6eba-6d70-4d19-a922-7054e8433fb0/b9399c0d36774bb594e2d14ff0ffd103.jpg,https://wildtrax-aru.s3-accelerate.amazonaws.com/956a6eba-6d70-4d19-a922-7054e8433fb0/4ab3f765d93c448ca42746985e74b10d.flac
CANFOR,Interior Broadleaf Working Group ARU Monitoring 2025 Limited Amplitude Processing,3701,DOC266-LR-C,492654,2025-06-10 05:11:00,2894213,1SPT,2622039,t,WISN,Wilson's Snipe,GALLINAGO DELICATA,Aves,63.63,180.00,2.36,0.25kHz,1.18kHz,5258565,1,Non-vocal,1,,f,1,Leonard Patterson,2623,,f,-27.73,-28.87,2,0.038196,0.019562,0.055359,-25.14,-55.11,-61.5,5,-0.000738,-0.016418,0.001465,-35.69,-37.68,-40.32,2,0.010587,-0.00296,0.024261,-32.3,-64.43,-67.27,3,-0.000205,-0.004486,0.001953,-46.96,t,https://portal.wildtrax.ca/home/aru-tasks/recording.html?taskId=2622039,https://wildtrax-aru.s3-accelerate.amazonaws.com/956a6eba-6d70-4d19-a922-7054e8433fb0/6942c30edaf64f7da548e0526db3d87c.jpg,https://wildtrax-aru.s3-accelerate.amazonaws.com/956a6eba-6d70-4d19-a922-7054e8433fb0/db34239479f64601b4ad611343ca95eb.flac
CANFOR,Interior Broadleaf Working Group ARU Monitoring 2025 Limited Amplitude Processing,3701,DOC266-LR-C,492654,2025-06-10 05:11:00,2894213,1SPT,2622039,t,UNBI,Unidentified bird,"",Aves,67.88,180.00,0.70,2.63kHz,3.91kHz,5258574,1,Song,1,,f,1,Leonard Patterson,2623,,f,-27.98,-28.63,2,0.038316,0.02713,0.052032,-25.67,-55.11,-64.01,2,-0.000001,-0.005554,0.004761,-45.11,-38.34,-39.91,2,0.010712,0.00238,0.020172,-33.9,-61.82,-67.04,2,0,-0.002625,0.002533,-51.62,t,https://portal.wildtrax.ca/home/aru-tasks/recording.html?taskId=2622039,https://wildtrax-aru.s3-accelerate.amazonaws.com/956a6eba-6d70-4d19-a922-7054e8433fb0/1a3d1eb764684be59a3f883f8f538c92.jpg,https://wildtrax-aru.s3-accelerate.amazonaws.com/956a6eba-6d70-4d19-a922-7054e8433fb0/3f4cb719e9ac4dc2bb0c99d64c87aea5.flac
CANFOR,Interior Broadleaf Working Group ARU Monitoring 2025 Limited Amplitude Processing,3701,DOC266-LR-C,492654,2025-06-10 05:11:00,2894213,1SPT,2622039,t,UNSA,Unidentified Sapsucker,SPHYRAPICUS,Aves,73.09,180.00,2.85,0.61kHz,1.75kHz,5258161,1,Non-vocal,1,,f,1,Leonard Patterson,2623,,f,-27.7,-28.73,2,0.03824,0.018097,0.055298,-25.15,-55.45,-66.94,2,-0.000002,-0.011963,0.007812,-38.44,-37.64,-40.3,2,0.010601,-0.002747,0.023102,-32.73,-58.96,-68.66,2,0,-0.004669,0.004791,-46.39,t,https://portal.wildtrax.ca/home/aru-tasks/recording.html?taskId=2622039,https://wildtrax-aru.s3-accelerate.amazonaws.com/956a6eba-6d70-4d19-a922-7054e8433fb0/c1173ded446c42f0bc1d997705effb80.jpg,https://wildtrax-aru.s3-accelerate.amazonaws.com/956a6eba-6d70-4d19-a922-7054e8433fb0/1b9c8e7d376d4e388f902e9d89ca057a.flac
CANFOR,Interior Broadleaf Working Group ARU Monitoring 2025 Limited Amplitude Processing,3701,DOC266-LR-C,492654,2025-06-10 05:11:00,2894213,1SPT,2622039,t,AMRO,American Robin,TURDUS MIGRATORIUS,Aves,74.18,180.00,2.09,1.75kHz,3.70kHz,5258566,1,Song,1,,f,2,Leonard Patterson,2623,,f,-27.73,-28.75,2,0.038275,0.018097,0.055298,-25.15,-58.96,-66.4,2,-0.000001,-0.009155,0.005676,-40.77,-37.95,-40.11,2,0.010675,-0.002747,0.023102,-32.73,-59.89,-68.01,2,0,-0.003082,0.003143,-50.05,t,https://portal.wildtrax.ca/home/aru-tasks/recording.html?taskId=2622039,https://wildtrax-aru.s3-accelerate.amazonaws.com/956a6eba-6d70-4d19-a922-7054e8433fb0/c8ab63ed745f414f8d2f7f5298edef80.jpg,https://wildtrax-aru.s3-accelerate.amazonaws.com/956a6eba-6d70-4d19-a922-7054e8433fb0/2d19292a442c4096b43f0b849b2620c1.flac
CANFOR,Interior Broadleaf Working Group ARU Monitoring 2025 Limited Amplitude Processing,3701,DOC266-LR-C,492654,2025-06-10 05:11:00,2894213,1SPT,2622039,t,CHSP,Chipping Sparrow,SPIZELLA PASSERINA,Aves,74.50,180.00,1.31,4.40kHz,6.20kHz,5258156,1,Song,1,,f,1,Leonard Patterson,2623,,f,-27.73,-28.61,3,0.038273,0.018097,0.053375,-25.45,-62.83,-66.31,2,0,-0.003754,0.003326,-48.51,-37.95,-40,2,0.01066,-0.002747,0.022217,-33.07,-64.73,-67.71,3,0,-0.002258,0.002258,-52.92,t,https://portal.wildtrax.ca/home/aru-tasks/recording.html?taskId=2622039,https://wildtrax-aru.s3-accelerate.amazonaws.com/956a6eba-6d70-4d19-a922-7054e8433fb0/e1e2c7e098a347548a9fd8caa27ec76d.jpg,https://wildtrax-aru.s3-accelerate.amazonaws.com/956a6eba-6d70-4d19-a922-7054e8433fb0/bda1d452e7104ef0bf4e77529b0d535e.flac
CANFOR,Interior Broadleaf Working Group ARU Monitoring 2025 Limited Amplitude Processing,3701,DOC266-LR-C,492654,2025-06-10 05:11:00,2894213,1SPT,2622039,t,RUGR,Ruffed Grouse,BONASA UMBELLUS,Aves,76.06,180.00,7.50,0.10kHz,0.61kHz,5258564,1,Non-vocal,1,,f,2,Leonard Patterson,2623,,f,-27.09,-28.84,2,0.038292,-0.002014,0.067627,-23.4,-35.23,-37.04,6,-0.014915,-0.025574,0.000061,-31.84,-36.18,-40.42,2,0.010633,-0.014252,0.031311,-30.09,-44.22,-48.64,11,-0.004142,-0.011139,0.005005,-39.06,t,https://portal.wildtrax.ca/home/aru-tasks/recording.html?taskId=2622039,https://wildtrax-aru.s3-accelerate.amazonaws.com/956a6eba-6d70-4d19-a922-7054e8433fb0/68a8a64c43fe4cf492c20a2d626e20e1.jpg,https://wildtrax-aru.s3-accelerate.amazonaws.com/956a6eba-6d70-4d19-a922-7054e8433fb0/6aca637a975d4ca09b4d358b3b515236.flac
CANFOR,Interior Broadleaf Working Group ARU Monitoring 2025 Limited Amplitude Processing,3701,DOC266-LR-C,492654,2025-06-10 05:11:00,2894213,1SPT,2622039,t,SWTH,Swainson's Thrush,CATHARUS USTULATUS,Aves,82.92,180.00,0.68,1.38kHz,3.39kHz,5258567,1,Song,1,,f,2,Leonard Patterson,2623,,f,-27.91,-28.72,2,0.038215,0.023743,0.053864,-25.37,-55.62,-61.41,3,-0.000003,-0.010742,0.005402,-39.38,-38.27,-40.28,3,0.010609,-0.00058,0.021515,-33.35,-55.27,-63.82,2,-0.000001,-0.003784,0.003876,-48.23,t,https://portal.wildtrax.ca/home/aru-tasks/recording.html?taskId=2622039,https://wildtrax-aru.s3-accelerate.amazonaws.com/956a6eba-6d70-4d19-a922-7054e8433fb0/e39a6415bd454bfbad4d0d5bf86ea44d.jpg,https://wildtrax-aru.s3-accelerate.amazonaws.com/956a6eba-6d70-4d19-a922-7054e8433fb0/be959f513086482b9796ce0a798c1194.flac
CANFOR,Interior Broadleaf Working Group ARU Monitoring 2025 Limited Amplitude Processing,3701,DOC266-LR-C,492654,2025-06-10 05:11:00,2894213,1SPT,2622039,t,CHSP,Chipping Sparrow,SPIZELLA PASSERINA,Aves,93.45,180.00,1.36,4.04kHz,5.22kHz,5258155,2,Song,1,,f,1,Leonard Patterson,2623,,f,-27.82,-28.65,2,0.038389,0.024323,0.051788,-25.72,-60.4,-65.8,3,0,-0.00351,0.003662,-48.73,-38.32,-40.19,2,0.010614,0.001434,0.019562,-34.17,-65.12,-68.96,2,0,-0.002258,0.002258,-52.92,t,https://portal.wildtrax.ca/home/aru-tasks/recording.html?taskId=2622039,https://wildtrax-aru.s3-accelerate.amazonaws.com/956a6eba-6d70-4d19-a922-7054e8433fb0/bc8221acf64247d097f41c601556a522.jpg,https://wildtrax-aru.s3-accelerate.amazonaws.com/956a6eba-6d70-4d19-a922-7054e8433fb0/c54643f7c78b468f8744db6e3ddc9921.flac
CANFOR,Interior Broadleaf Working Group ARU Monitoring 2025 Limited Amplitude Processing,3701,DOC266-LR-C,492654,2025-06-10 05:11:00,2894213,1SPT,2622039,t,DEJU,Dark-eyed Junco,JUNCO HYEMALIS,Aves,95.01,180.00,1.75,3.16kHz,5.43kHz,5258154,1,Song,1,,t,1,Leonard Patterson,2623,2623,f,-27.83,-28.64,2,0.03831,0.015808,0.060303,-24.39,-46.1,-58.13,2,0,-0.020264,0.020416,-33.8,-37.94,-40.17,2,0.010594,0.000336,0.020142,-33.92,-56.64,-64.61,2,0,-0.007324,0.007507,-42.49,t,https://portal.wildtrax.ca/home/aru-tasks/recording.html?taskId=2622039,https://wildtrax-aru.s3-accelerate.amazonaws.com/956a6eba-6d70-4d19-a922-7054e8433fb0/de5d66cba31c488aac880f73df097003.jpg,https://wildtrax-aru.s3-accelerate.amazonaws.com/956a6eba-6d70-4d19-a922-7054e8433fb0/b4290e1d70154c859b89f3c13c07adf9.flac
CANFOR,Interior Broadleaf Working Group ARU Monitoring 2025 Limited Amplitude Processing,3701,DOC266-LR-C,492654,2025-06-10 05:11:00,2894213,1SPT,2622039,t,DUFL,Dusky Flycatcher,EMPIDONAX OBERHOLSERI,Aves,104.23,180.00,0.21,0.97kHz,7.20kHz,5258162,2,Song,1,,f,1,Leonard Patterson,2623,,f,-28.17,-28.17,2,0.038618,0.013336,0.06015,-24.42,-46.86,-46.86,2,-0.000018,-0.020294,0.017639,-33.85,-39.15,-39.15,2,0.010623,0.000336,0.02002,-33.97,-56.44,-56.44,2,-0.000006,-0.006561,0.006012,-43.66,t,https://portal.wildtrax.ca/home/aru-tasks/recording.html?taskId=2622039,https://wildtrax-aru.s3-accelerate.amazonaws.com/956a6eba-6d70-4d19-a922-7054e8433fb0/7bbfff503f4244a4a16263e28503aa3b.jpg,https://wildtrax-aru.s3-accelerate.amazonaws.com/956a6eba-6d70-4d19-a922-7054e8433fb0/7b3a396b25c645fdb1daac83c7e76839.flac
CANFOR,Interior Broadleaf Working Group ARU Monitoring 2025 Limited Amplitude Processing,3701,DOC266-LR-C,492654,2025-06-10 05:11:00,2894213,1SPT,2622039,t,HETH,Hermit Thrush,CATHARUS GUTTATUS,Aves,112.75,180.00,0.83,1.95kHz,4.37kHz,5258568,1,Song,1,,f,1,Leonard Patterson,2623,,f,-28.02,-28.73,2,0.038297,0.026154,0.05014,-26,-62.12,-65.31,2,-0.000001,-0.011169,0.006744,-39.04,-38.49,-40.42,2,0.010559,0.000793,0.01889,-34.48,-65.27,-67.2,2,0,-0.003479,0.001923,-49.17,t,https://portal.wildtrax.ca/home/aru-tasks/recording.html?taskId=2622039,https://wildtrax-aru.s3-accelerate.amazonaws.com/956a6eba-6d70-4d19-a922-7054e8433fb0/0f413a9c831945768afc16ac3e9a11af.jpg,https://wildtrax-aru.s3-accelerate.amazonaws.com/956a6eba-6d70-4d19-a922-7054e8433fb0/ab24edefcda84678bda8af1c4dad8f56.flac
CANFOR,Interior Broadleaf Working Group ARU Monitoring 2025 Limited Amplitude Processing,3701,DOC266-LR-C,492654,2025-06-10 05:11:00,2894213,1SPT,2622039,t,SWTH,Swainson's Thrush,CATHARUS USTULATUS,Aves,123.47,180.00,1.58,1.38kHz,3.81kHz,5258163,2,Song,1,,f,2,Leonard Patterson,2623,,f,-27.89,-28.59,2,0.038273,0.025299,0.05188,-25.7,-51.44,-64.51,2,-0.000001,-0.011505,0.006653,-38.78,-38.26,-40,2,0.010683,-0.000824,0.021179,-33.48,-52.57,-65.91,2,0,-0.00589,0.005676,-44.6,t,https://portal.wildtrax.ca/home/aru-tasks/recording.html?taskId=2622039,https://wildtrax-aru.s3-accelerate.amazonaws.com/956a6eba-6d70-4d19-a922-7054e8433fb0/cf318159edf84bd892a87e8be2da78d2.jpg,https://wildtrax-aru.s3-accelerate.amazonaws.com/956a6eba-6d70-4d19-a922-7054e8433fb0/53a58001ae5c4ba69767ed32e6e2b2a7.flac
CANFOR,Interior Broadleaf Working Group ARU Monitoring 2025 Limited Amplitude Processing,3701,DOC266-LR-C,492654,2025-06-10 05:11:00,2894213,1SPT,2622039,t,DEJU,Dark-eyed Junco,JUNCO HYEMALIS,Aves,157.45,180.00,1.35,3.45kHz,4.84kHz,5258571,2,Song,1,,f,1,Leonard Patterson,2623,,f,-27.93,-28.71,2,0.03822,0.02594,0.050018,-26.02,-62.83,-66.61,2,0,-0.00473,0.004364,-46.5,-38.34,-40.28,2,0.010726,0.002472,0.019409,-34.24,-67.38,-69.24,2,0,-0.001495,0.001495,-56.51,t,https://portal.wildtrax.ca/home/aru-tasks/recording.html?taskId=2622039,https://wildtrax-aru.s3-accelerate.amazonaws.com/956a6eba-6d70-4d19-a922-7054e8433fb0/1739e73e889e4993b82a3a2703f4c328.jpg,https://wildtrax-aru.s3-accelerate.amazonaws.com/956a6eba-6d70-4d19-a922-7054e8433fb0/fb5b9ce0a0834992a30d8aab0c2a1068.flac
CANFOR,Interior Broadleaf Working Group ARU Monitoring 2025 Limited Amplitude Processing,3701,DOC266-LR-C,492654,2025-06-10 05:11:00,2894213,1SPT,2622039,t,RBNU,Red-breasted Nuthatch,SITTA CANADENSIS,Aves,170.23,180.00,0.34,1.49kHz,3.40kHz,5258569,1,Song,1,,f,2,Leonard Patterson,2623,,f,-28.05,-28.34,2,0.038522,0.024811,0.052979,-25.52,-60.39,-61.77,2,-0.000005,-0.01062,0.004822,-39.48,-38.58,-39.19,2,0.010969,0.00116,0.019409,-34.24,-61.72,-63.45,3,-0.000002,-0.003571,0.002472,-48.95,t,https://portal.wildtrax.ca/home/aru-tasks/recording.html?taskId=2622039,https://wildtrax-aru.s3-accelerate.amazonaws.com/956a6eba-6d70-4d19-a922-7054e8433fb0/f3ab8a110e374ac7ad6f7f16a65dd0b6.jpg,https://wildtrax-aru.s3-accelerate.amazonaws.com/956a6eba-6d70-4d19-a922-7054e8433fb0/f10ebd8faebd44f08fc45aa17c231bf8.flac
CANFOR,Interior Broadleaf Working Group ARU Monitoring 2025 Limited Amplitude Processing,3701,DOC266-LR-C,492654,2025-06-10 05:11:00,2894213,1SPT,2622039,t,CAJA,Canada Jay,PERISOREUS CANADENSIS,Aves,170.68,180.00,0.78,1.91kHz,3.09kHz,5258572,1,Song,1,,f,2,Leonard Patterson,2623,,f,-27.98,-28.67,2,0.038314,0.02359,0.057434,-24.82,-59.53,-67.04,2,-0.000001,-0.005096,0.004059,-45.85,-38.28,-39.87,2,0.010873,-0.000824,0.025391,-31.91,-60.89,-68.7,2,0,-0.003204,0.003143,-49.89,t,https://portal.wildtrax.ca/home/aru-tasks/recording.html?taskId=2622039,https://wildtrax-aru.s3-accelerate.amazonaws.com/956a6eba-6d70-4d19-a922-7054e8433fb0/abc2608b601f40a69f7d0707f8e03b17.jpg,https://wildtrax-aru.s3-accelerate.amazonaws.com/956a6eba-6d70-4d19-a922-7054e8433fb0/b0bd884450874617afcfba2f8cc59f8d.flac
CANFOR,Interior Broadleaf Working Group ARU Monitoring 2025 Limited Amplitude Processing,3701,DOC266-NT-C,492670,2023-06-08 05:10:00,2756201,1SPT,3174357,t,DUFL,Dusky Flycatcher,EMPIDONAX OBERHOLSERI,Aves,141.18,180.00,0.64,3.03kHz,6.79kHz,5591247,1,Song,1,,f,1,Leonard Patterson,2623,,f,-45.65,-45.65,2,0.004359,-0.005585,0.013611,-37.32,-61.72,-61.72,2,0,-0.003265,0.003143,-49.72,-35.58,-35.58,2,0.016283,0.004578,0.028534,-30.89,-59.96,-59.96,2,-0.000001,-0.003845,0.003967,-48.03,t,https://portal.wildtrax.ca/home/aru-tasks/recording.html?taskId=3174357,https://wildtrax-aru.s3-accelerate.amazonaws.com/dae0a0a6-34be-4a24-9f5c-b5cc948b77f8/8459a48fec93440baa7bf17478f6bea0.jpg,https://wildtrax-aru.s3-accelerate.amazonaws.com/dae0a0a6-34be-4a24-9f5c-b5cc948b77f8/213658d9786645c5a9fa67103663dbdf.flac
CANFOR,Interior Broadleaf Working Group ARU Monitoring 2025 Limited Amplitude Processing,3701,DOC266-NT-C,492670,2025-06-04 05:14:00,2894215,1SPT,2622041,t,WAVI,Warbling Vireo,VIREO GILVUS,Aves,4.99,180.00,1.70,1.85kHz,5.67kHz,5258580,1,Song,1,,f,2,Leonard Patterson,2623,,f,-34.31,-35.65,2,0.01772,0.001343,0.033691,-29.45,-54.12,-62.52,2,0,-0.007751,0.008423,-41.49,-30.27,-31.42,2,0.028464,0.005646,0.051178,-25.82,-51.38,-61.36,3,-0.000001,-0.00882,0.007996,-41.09,t,https://portal.wildtrax.ca/home/aru-tasks/recording.html?taskId=2622041,https://wildtrax-aru.s3-accelerate.amazonaws.com/c34e1ecd-222c-4ade-a11c-016325b0cc7b/287598d8e55b4370a2e47aae2f83991e.jpg,https://wildtrax-aru.s3-accelerate.amazonaws.com/c34e1ecd-222c-4ade-a11c-016325b0cc7b/c18f86ad2f394193abe1137f0deed2dd.flac
CANFOR,Interior Broadleaf Working Group ARU Monitoring 2025 Limited Amplitude Processing,3701,DOC266-NT-C,492670,2025-06-04 05:14:00,2894215,1SPT,2622041,t,AMRE,American Redstart,SETOPHAGA RUTICILLA,Aves,16.44,180.00,1.09,3.45kHz,9.27kHz,5258577,1,Song,1,,f,1,Leonard Patterson,2623,,f,-34.47,-35.4,2,0.017539,0.00116,0.032318,-29.81,-48.52,-61.58,2,-0.000001,-0.012451,0.011871,-38.1,-30.36,-31.3,2,0.028346,0.011292,0.044586,-27.02,-49.54,-61.08,2,0,-0.012634,0.012634,-37.97,t,https://portal.wildtrax.ca/home/aru-tasks/recording.html?taskId=2622041,https://wildtrax-aru.s3-accelerate.amazonaws.com/c34e1ecd-222c-4ade-a11c-016325b0cc7b/e83e23c7ad3e46d4b29fd950e48271af.jpg,https://wildtrax-aru.s3-accelerate.amazonaws.com/c34e1ecd-222c-4ade-a11c-016325b0cc7b/560d34435589433095480eb3af8baee8.flac
CANFOR,Interior Broadleaf Working Group ARU Monitoring 2025 Limited Amplitude Processing,3701,DOC266-NT-C,492670,2025-06-04 05:14:00,2894215,1SPT,2622041,t,UNSA,Unidentified Sapsucker,SPHYRAPICUS,Aves,18.63,180.00,2.00,0.57kHz,1.80kHz,5258582,1,Non-vocal,1,,f,2,Leonard Patterson,2623,,f,-34.43,-35.56,2,0.017559,0.0047,0.032776,-29.69,-59.95,-66.97,2,-0.000001,-0.006622,0.005127,-43.58,-30.48,-31.41,2,0.028396,0.013336,0.047058,-26.55,-56.61,-66.24,2,-0.000002,-0.01062,0.008392,-39.48,t,https://portal.wildtrax.ca/home/aru-tasks/recording.html?taskId=2622041,https://wildtrax-aru.s3-accelerate.amazonaws.com/c34e1ecd-222c-4ade-a11c-016325b0cc7b/d0ab6bd452ff469ead4f0aa60a0996d6.jpg,https://wildtrax-aru.s3-accelerate.amazonaws.com/c34e1ecd-222c-4ade-a11c-016325b0cc7b/298f691504a1454a838cc87f66a4bf4b.flac
CANFOR,Interior Broadleaf Working Group ARU Monitoring 2025 Limited Amplitude Processing,3701,DOC266-NT-C,492670,2025-06-04 05:14:00,2894215,1SPT,2622041,t,RCKI,Ruby-crowned Kinglet,CORTHYLIO CALENDULA,Aves,18.73,180.00,2.00,1.91kHz,3.45kHz,5259647,1,Song,1,,f,1,Leonard Patterson,2623,,f,-34.54,-35.56,2,0.017554,0.0047,0.032776,-29.69,-56.41,-66.43,2,0,-0.005524,0.005402,-45.16,-30.5,-31.41,2,0.028407,0.013336,0.047058,-26.55,-55.43,-65.21,2,0,-0.006531,0.005615,-43.7,t,https://portal.wildtrax.ca/home/aru-tasks/recording.html?taskId=2622041,https://wildtrax-aru.s3-accelerate.amazonaws.com/c34e1ecd-222c-4ade-a11c-016325b0cc7b/7f74ea360aae49e9a00978d253976ff7.jpg,https://wildtrax-aru.s3-accelerate.amazonaws.com/c34e1ecd-222c-4ade-a11c-016325b0cc7b/a201d3b4432f4ae18b616c68593d6856.flac
CANFOR,Interior Broadleaf Working Group ARU Monitoring 2025 Limited Amplitude Processing,3701,DOC266-NT-C,492670,2025-06-04 05:14:00,2894215,1SPT,2622041,t,DUFL,Dusky Flycatcher,EMPIDONAX OBERHOLSERI,Aves,20.46,180.00,0.34,4.02kHz,6.18kHz,5259648,1,Song,1,,f,2,Leonard Patterson,2623,,f,-34.84,-35.42,2,0.017483,0.010162,0.026031,-31.69,-65.91,-67.35,2,0,-0.003296,0.003021,-49.64,-30.66,-31.23,2,0.028351,0.01886,0.040894,-27.77,-64.14,-66.56,2,-0.000001,-0.004486,0.003754,-46.96,t,https://portal.wildtrax.ca/home/aru-tasks/recording.html?taskId=2622041,https://wildtrax-aru.s3-accelerate.amazonaws.com/c34e1ecd-222c-4ade-a11c-016325b0cc7b/68eee45722824ecab68deba72c8ef8d3.jpg,https://wildtrax-aru.s3-accelerate.amazonaws.com/c34e1ecd-222c-4ade-a11c-016325b0cc7b/6abe0ef24cb24446bee6f4b7c2955589.flac
CANFOR,Interior Broadleaf Working Group ARU Monitoring 2025 Limited Amplitude Processing,3701,DOC266-NT-C,492670,2025-06-04 05:14:00,2894215,1SPT,2622041,t,SWTH,Swainson's Thrush,CATHARUS USTULATUS,Aves,23.36,180.00,2.01,0.72kHz,8.50kHz,5258578,1,Song,1,,f,1,Leonard Patterson,2623,,f,-32.39,-35.48,2,0.01756,-0.025909,0.064362,-23.83,-35.8,-61.13,2,-0.000001,-0.04538,0.044006,-26.86,-29.88,-31.24,2,0.028412,-0.017059,0.071167,-22.95,-37.18,-60.44,2,-0.000002,-0.045258,0.043854,-26.89,t,https://portal.wildtrax.ca/home/aru-tasks/recording.html?taskId=2622041,https://wildtrax-aru.s3-accelerate.amazonaws.com/c34e1ecd-222c-4ade-a11c-016325b0cc7b/21514be452984b919d10ce1ddc0e2e36.jpg,https://wildtrax-aru.s3-accelerate.amazonaws.com/c34e1ecd-222c-4ade-a11c-016325b0cc7b/6fa63930ba97495bae56c41c5deb569d.flac
CANFOR,Interior Broadleaf Working Group ARU Monitoring 2025 Limited Amplitude Processing,3701,DOC266-NT-C,492670,2025-06-04 05:14:00,2894215,1SPT,2622041,t,WTSP,White-throated Sparrow,ZONOTRICHIA ALBICOLLIS,Aves,26.01,180.00,3.21,3.19kHz,6.23kHz,5258589,1,Song,1,,f,2,Leonard Patterson,2623,,f,-32.76,-35.65,2,0.017512,-0.020996,0.053406,-25.45,-56.97,-65.6,2,0,-0.003998,0.003906,-47.96,-29.88,-31.4,2,0.028414,-0.008301,0.067657,-23.39,-53.33,-65,2,0,-0.00592,0.005127,-44.55,t,https://portal.wildtrax.ca/home/aru-tasks/recording.html?taskId=2622041,https://wildtrax-aru.s3-accelerate.amazonaws.com/c34e1ecd-222c-4ade-a11c-016325b0cc7b/bfda8973d9104f608949e1cda8600fcc.jpg,https://wildtrax-aru.s3-accelerate.amazonaws.com/c34e1ecd-222c-4ade-a11c-016325b0cc7b/89d7b2110e8e4e44b2efe63bad4cbbb0.flac
CANFOR,Interior Broadleaf Working Group ARU Monitoring 2025 Limited Amplitude Processing,3701,DOC266-NT-C,492670,2025-06-04 05:14:00,2894215,1SPT,2622041,t,TRES,Tree Swallow,TACHYCINETA BICOLOR,Aves,49.55,180.00,1.94,2.27kHz,6.64kHz,5258583,1,Song,1,,f,2,Leonard Patterson,2623,,f,-33.82,-35.47,2,0.017644,-0.016479,0.047638,-26.44,-40.27,-60.85,2,0,-0.028961,0.030273,-30.38,-29.84,-31.37,2,0.028408,-0.024567,0.083435,-21.57,-36.53,-59.47,2,0,-0.053497,0.053925,-25.36,t,https://portal.wildtrax.ca/home/aru-tasks/recording.html?taskId=2622041,https://wildtrax-aru.s3-accelerate.amazonaws.com/c34e1ecd-222c-4ade-a11c-016325b0cc7b/4de0c40af99a4c43b37b6151b010f3ce.jpg,https://wildtrax-aru.s3-accelerate.amazonaws.com/c34e1ecd-222c-4ade-a11c-016325b0cc7b/99fff86fa78249f69f385ab66361a1bd.flac
CANFOR,Interior Broadleaf Working Group ARU Monitoring 2025 Limited Amplitude Processing,3701,DOC266-NT-C,492670,2025-06-04 05:14:00,2894215,1SPT,2622041,t,WTSP,White-throated Sparrow,ZONOTRICHIA ALBICOLLIS,Aves,57.03,180.00,0.55,3.09kHz,3.61kHz,5258591,2,Song,1,,f,2,Leonard Patterson,2623,,f,-34.52,-35.41,2,0.017619,0.006775,0.027802,-31.12,-57.6,-62.96,2,0,-0.003143,0.003204,-49.89,-30.51,-31.22,2,0.028305,0.016693,0.039093,-28.16,-57.99,-63.57,2,0,-0.003479,0.00351,-49.1,t,https://portal.wildtrax.ca/home/aru-tasks/recording.html?taskId=2622041,https://wildtrax-aru.s3-accelerate.amazonaws.com/c34e1ecd-222c-4ade-a11c-016325b0cc7b/dd23ffe32bc2463c8691fdb11daa55d6.jpg,https://wildtrax-aru.s3-accelerate.amazonaws.com/c34e1ecd-222c-4ade-a11c-016325b0cc7b/0ca450ae50f34f789a4df39eb6c89d52.flac
CANFOR,Interior Broadleaf Working Group ARU Monitoring 2025 Limited Amplitude Processing,3701,DOC266-NT-C,492670,2025-06-04 05:14:00,2894215,1SPT,2622041,t,RUGR,Ruffed Grouse,BONASA UMBELLUS,Aves,68.73,180.00,7.28,0.00kHz,0.21kHz,5258581,1,Song,1,,f,1,Leonard Patterson,2623,,f,-32.86,-35.5,2,0.017691,-0.022614,0.069824,-23.12,-34.9,-36.12,15,0.016631,0.003357,0.026093,-31.67,-29.99,-31.54,2,0.028335,-0.007538,0.073792,-22.64,-30.92,-32.12,2,0.026637,0.007904,0.03949,-28.07,t,https://portal.wildtrax.ca/home/aru-tasks/recording.html?taskId=2622041,https://wildtrax-aru.s3-accelerate.amazonaws.com/c34e1ecd-222c-4ade-a11c-016325b0cc7b/327b4eb478a8488c8b59f97cd35caf88.jpg,https://wildtrax-aru.s3-accelerate.amazonaws.com/c34e1ecd-222c-4ade-a11c-016325b0cc7b/04b37c0ca6e749cebd6779bf23f58db9.flac
CANFOR,Interior Broadleaf Working Group ARU Monitoring 2025 Limited Amplitude Processing,3701,DOC266-NT-C,492670,2025-06-04 05:14:00,2894215,1SPT,2622041,t,WTSP,White-throated Sparrow,ZONOTRICHIA ALBICOLLIS,Aves,87.60,180.00,0.84,3.61kHz,4.33kHz,5258592,3,Song,1,,f,2,Leonard Patterson,2623,,f,-34.55,-35.31,2,0.017605,0.009369,0.026276,-31.61,-65.06,-69.9,2,0,-0.002197,0.002167,-53.16,-30.37,-31.2,2,0.02829,0.016479,0.039825,-28,-59.01,-68.08,4,0,-0.002411,0.00238,-52.36,t,https://portal.wildtrax.ca/home/aru-tasks/recording.html?taskId=2622041,https://wildtrax-aru.s3-accelerate.amazonaws.com/c34e1ecd-222c-4ade-a11c-016325b0cc7b/8dce5f4b382749ef81676a46f4e601f3.jpg,https://wildtrax-aru.s3-accelerate.amazonaws.com/c34e1ecd-222c-4ade-a11c-016325b0cc7b/ef929ec1c1e9478ebb3bf15c02327665.flac
CANFOR,Interior Broadleaf Working Group ARU Monitoring 2025 Limited Amplitude Processing,3701,DOC266-NT-C,492670,2025-06-04 05:14:00,2894215,1SPT,2622041,t,WTSP,White-throated Sparrow,ZONOTRICHIA ALBICOLLIS,Aves,98.51,180.00,0.89,3.14kHz,3.81kHz,5258588,4,Song,1,,f,1,Leonard Patterson,2623,,f,-34.62,-35.37,2,0.0176,0.00885,0.025879,-31.74,-55.22,-69.72,5,0,-0.003113,0.003052,-50.14,-30.56,-31.28,2,0.028258,0.019379,0.037445,-28.53,-59.91,-68.81,3,0,-0.002136,0.002167,-53.28,t,https://portal.wildtrax.ca/home/aru-tasks/recording.html?taskId=2622041,https://wildtrax-aru.s3-accelerate.amazonaws.com/c34e1ecd-222c-4ade-a11c-016325b0cc7b/ed5f356500434f5ea2f175e9d444c04b.jpg,https://wildtrax-aru.s3-accelerate.amazonaws.com/c34e1ecd-222c-4ade-a11c-016325b0cc7b/cd28fccaacc34a1aaa4afb2ac07c9264.flac
CANFOR,Interior Broadleaf Working Group ARU Monitoring 2025 Limited Amplitude Processing,3701,DOC266-NT-C,492670,2025-06-04 05:14:00,2894215,1SPT,2622041,t,SWTH,Swainson's Thrush,CATHARUS USTULATUS,Aves,100.75,180.00,1.00,0.82kHz,3.45kHz,5258584,2,Song,1,,f,2,Leonard Patterson,2623,,f,-34.6,-35.57,2,0.017518,0.009827,0.026123,-31.66,-61.21,-63.87,3,-0.000002,-0.006409,0.00296,-43.86,-30.47,-31.43,2,0.028262,0.016693,0.038757,-28.23,-56.94,-62.42,2,-0.000003,-0.011658,0.004364,-38.67,t,https://portal.wildtrax.ca/home/aru-tasks/recording.html?taskId=2622041,https://wildtrax-aru.s3-accelerate.amazonaws.com/c34e1ecd-222c-4ade-a11c-016325b0cc7b/c75436116bc74c4ca5ab2fc855ccc590.jpg,https://wildtrax-aru.s3-accelerate.amazonaws.com/c34e1ecd-222c-4ade-a11c-016325b0cc7b/efc347378de54c348b3c24fdd73cdac2.flac
CANFOR,Interior Broadleaf Working Group ARU Monitoring 2025 Limited Amplitude Processing,3701,DOC266-NT-C,492670,2025-06-04 05:14:00,2894215,1SPT,2622041,t,PISI,Pine Siskin,SPINUS PINUS,Aves,112.06,180.00,0.45,3.35kHz,5.67kHz,5258585,1,Song,1,,f,1,Leonard Patterson,2623,,f,-34.57,-35.43,3,0.01753,0.006531,0.029144,-30.71,-52.9,-60.35,2,-0.000001,-0.006073,0.006012,-44.33,-30.5,-31.36,2,0.028191,0.014221,0.042816,-27.37,-50.49,-57.84,3,-0.000001,-0.007568,0.008423,-41.49,t,https://portal.wildtrax.ca/home/aru-tasks/recording.html?taskId=2622041,https://wildtrax-aru.s3-accelerate.amazonaws.com/c34e1ecd-222c-4ade-a11c-016325b0cc7b/9392e2841040454f81aa13791dd825c1.jpg,https://wildtrax-aru.s3-accelerate.amazonaws.com/c34e1ecd-222c-4ade-a11c-016325b0cc7b/d56019820f0f48bcb509018f71c11ee3.flac
CANFOR,Interior Broadleaf Working Group ARU Monitoring 2025 Limited Amplitude Processing,3701,DOC266-NT-C,492670,2025-06-04 05:14:00,2894215,1SPT,2622041,t,AMRO,American Robin,TURDUS MIGRATORIUS,Aves,113.19,180.00,1.21,1.34kHz,2.88kHz,5258586,1,Song,1,,f,1,Leonard Patterson,2623,,f,-34.6,-35.42,2,0.017687,0.007538,0.02771,-31.15,-62.96,-67.24,3,0,-0.003998,0.002991,-47.96,-30.58,-31.26,2,0.028368,0.012543,0.0401,-27.94,-62.7,-66.87,2,-0.000001,-0.00592,0.003723,-44.55,t,https://portal.wildtrax.ca/home/aru-tasks/recording.html?taskId=2622041,https://wildtrax-aru.s3-accelerate.amazonaws.com/c34e1ecd-222c-4ade-a11c-016325b0cc7b/b21615f015b740e8ade3ef88a379eb74.jpg,https://wildtrax-aru.s3-accelerate.amazonaws.com/c34e1ecd-222c-4ade-a11c-016325b0cc7b/03ebb7d9d746409c86ebb7ed44a9e445.flac
CANFOR,Interior Broadleaf Working Group ARU Monitoring 2025 Limited Amplitude Processing,3701,DOC266-NT-C,492670,2025-06-04 05:14:00,2894215,1SPT,2622041,t,LISP,Lincoln's Sparrow,MELOSPIZA LINCOLNII,Aves,135.33,180.00,1.75,1.60kHz,3.19kHz,5258587,1,Song,1,,f,2,Leonard Patterson,2623,,f,-34.65,-35.54,2,0.017609,0.009033,0.026581,-31.51,-58.9,-66.3,2,0,-0.003967,0.003906,-48.03,-30.65,-31.34,2,0.028331,0.017487,0.039185,-28.14,-56.09,-64.43,2,0,-0.005493,0.005768,-44.78,t,https://portal.wildtrax.ca/home/aru-tasks/recording.html?taskId=2622041,https://wildtrax-aru.s3-accelerate.amazonaws.com/c34e1ecd-222c-4ade-a11c-016325b0cc7b/246f210e321146a6b7f5cfcdf514ecd0.jpg,https://wildtrax-aru.s3-accelerate.amazonaws.com/c34e1ecd-222c-4ade-a11c-016325b0cc7b/1bfdddf5425542de86b0619cfcf658ed.flac
CANFOR,Interior Broadleaf Working Group ARU Monitoring 2025 Limited Amplitude Processing,3701,DOC266-NT-C,492670,2025-06-04 05:14:00,2894215,1SPT,2622041,t,CEDW,Cedar Waxwing,BOMBYCILLA CEDRORUM,Aves,135.76,180.00,2.09,5.97kHz,8.03kHz,5258579,1,Call,1,,f,2,Leonard Patterson,2623,,f,-34.65,-35.54,2,0.01762,0.009033,0.027039,-31.36,-61.8,-68.32,2,0,-0.002533,0.002441,-51.93,-30.63,-31.34,2,0.028352,0.017944,0.039764,-28.01,-61.32,-68.21,2,0,-0.003052,0.003204,-49.89,t,https://portal.wildtrax.ca/home/aru-tasks/recording.html?taskId=2622041,https://wildtrax-aru.s3-accelerate.amazonaws.com/c34e1ecd-222c-4ade-a11c-016325b0cc7b/57e036b5d4224aacb175af79ac5cd668.jpg,https://wildtrax-aru.s3-accelerate.amazonaws.com/c34e1ecd-222c-4ade-a11c-016325b0cc7b/467f4c1a0dca4554915df6d3a31a04da.flac
CANFOR,Interior Broadleaf Working Group ARU Monitoring 2025 Limited Amplitude Processing,3701,DOC266-NT-C,492670,2025-06-04 05:14:00,2894215,1SPT,2622041,t,WTSP,White-throated Sparrow,ZONOTRICHIA ALBICOLLIS,Aves,168.33,180.00,1.80,3.14kHz,4.02kHz,5258590,5,Song,1,,f,2,Leonard Patterson,2623,,f,-33.06,-35.45,2,0.01758,-0.013641,0.049225,-26.16,-56.2,-67.66,2,0,-0.00412,0.004242,-47.45,-30.07,-31.3,2,0.028339,-0.013,0.065399,-23.69,-52.21,-66.19,2,0,-0.005157,0.005127,-45.75,t,https://portal.wildtrax.ca/home/aru-tasks/recording.html?taskId=2622041,https://wildtrax-aru.s3-accelerate.amazonaws.com/c34e1ecd-222c-4ade-a11c-016325b0cc7b/73a5ffa91a204317b82602f4f44096ae.jpg,https://wildtrax-aru.s3-accelerate.amazonaws.com/c34e1ecd-222c-4ade-a11c-016325b0cc7b/d6949b3984ef4fb3a80ccd45897c2308.flac
CANFOR,Interior Broadleaf Working Group ARU Monitoring 2025 Limited Amplitude Processing,3701,DOC266-NT-C,492670,2025-06-06 05:13:00,3023171,1SPT,2755787,t,SWTH,Swainson's Thrush,CATHARUS USTULATUS,Aves,0.98,180.00,0.93,0.95kHz,4.10kHz,5291813,1,Song,1,,f,2,Leonard Patterson,2623,,f,-33.69,-35.7,2,0.017797,0.005341,0.03476,-29.18,-54.57,-62.49,2,-0.000001,-0.007843,0.005615,-42.11,-29.64,-31.67,2,0.028334,0.011658,0.048798,-26.23,-52.97,-61.44,2,-0.000002,-0.010864,0.00769,-39.28,t,https://portal.wildtrax.ca/home/aru-tasks/recording.html?taskId=2755787,https://wildtrax-aru.s3-accelerate.amazonaws.com/ab13cf62-fe1d-4993-b25b-e9c9b1dbb056/a716c9e7cb084e0782c7af3720d01307.jpg,https://wildtrax-aru.s3-accelerate.amazonaws.com/ab13cf62-fe1d-4993-b25b-e9c9b1dbb056/3665607a1acb4c31b205200c90eab0eb.flac
CANFOR,Interior Broadleaf Working Group ARU Monitoring 2025 Limited Amplitude Processing,3701,DOC266-NT-C,492670,2025-06-06 05:13:00,3023171,1SPT,2755787,t,DEJU,Dark-eyed Junco,JUNCO HYEMALIS,Aves,17.38,180.00,0.99,2.77kHz,5.55kHz,5292353,1,Song,1,,f,2,Leonard Patterson,2623,,f,-33.94,-35.62,2,0.017626,0.001312,0.030853,-30.21,-59.42,-61.71,2,-0.000001,-0.005615,0.005768,-44.78,-29.88,-31.8,2,0.028095,0.006378,0.048676,-26.25,-55.61,-59.35,2,-0.000001,-0.011169,0.01059,-39.04,t,https://portal.wildtrax.ca/home/aru-tasks/recording.html?taskId=2755787,https://wildtrax-aru.s3-accelerate.amazonaws.com/ab13cf62-fe1d-4993-b25b-e9c9b1dbb056/a7c52a7cde744d9aba6820bfa6adc885.jpg,https://wildtrax-aru.s3-accelerate.amazonaws.com/ab13cf62-fe1d-4993-b25b-e9c9b1dbb056/ecffb6016cd04adabc40e1c6a30c4ec2.flac
CANFOR,Interior Broadleaf Working Group ARU Monitoring 2025 Limited Amplitude Processing,3701,DOC266-NT-C,492670,2025-06-06 05:13:00,3023171,1SPT,2755787,t,RUGR,Ruffed Grouse,BONASA UMBELLUS,Aves,50.06,180.00,11.93,0.08kHz,0.80kHz,5292297,1,Non-vocal,1,,f,1,Leonard Patterson,2623,,f,-31.86,-36.32,3,0.017663,-0.037354,0.064209,-23.85,-37.87,-42.51,3,-0.008657,-0.025513,0.02002,-31.86,-28.25,-31.97,2,0.028275,-0.049927,0.087006,-21.21,-34.27,-38.22,6,-0.013858,-0.03598,0.026245,-28.88,t,https://portal.wildtrax.ca/home/aru-tasks/recording.html?taskId=2755787,https://wildtrax-aru.s3-accelerate.amazonaws.com/ab13cf62-fe1d-4993-b25b-e9c9b1dbb056/3453955df2444e9d8697cbb4382cbbfe.jpg,https://wildtrax-aru.s3-accelerate.amazonaws.com/ab13cf62-fe1d-4993-b25b-e9c9b1dbb056/94588a3e5ccd4a52bff95f676bfaa983.flac
CANFOR,Interior Broadleaf Working Group ARU Monitoring 2025 Limited Amplitude Processing,3701,DOC266-NT-C,492670,2025-06-06 05:13:00,3023171,1SPT,2755787,t,HETH,Hermit Thrush,CATHARUS GUTTATUS,Aves,57.12,180.00,0.94,1.37kHz,4.46kHz,5292304,1,Song,1,,f,2,Leonard Patterson,2623,,f,-32.27,-35.46,2,0.017897,-0.033264,0.049103,-26.18,-59.17,-62.57,2,-0.000001,-0.011566,0.005005,-38.74,-28.43,-31.54,2,0.028633,-0.042847,0.070282,-23.06,-51.86,-61.22,2,-0.000002,-0.014343,0.006805,-36.87,t,https://portal.wildtrax.ca/home/aru-tasks/recording.html?taskId=2755787,https://wildtrax-aru.s3-accelerate.amazonaws.com/ab13cf62-fe1d-4993-b25b-e9c9b1dbb056/f4611f470b3b4baa9cb485c341f24a4d.jpg,https://wildtrax-aru.s3-accelerate.amazonaws.com/ab13cf62-fe1d-4993-b25b-e9c9b1dbb056/85b3d4cd127f41cbb36d099a7bc7b9d3.flac
CANFOR,Interior Broadleaf Working Group ARU Monitoring 2025 Limited Amplitude Processing,3701,DOC266-NT-C,492670,2025-06-06 05:13:00,3023171,1SPT,2755787,t,SWTH,Swainson's Thrush,CATHARUS USTULATUS,Aves,64.40,180.00,1.70,0.61kHz,5.03kHz,5291812,2,Song,1,,f,1,Leonard Patterson,2623,,f,-33.19,-35.83,2,0.017692,-0.016907,0.05246,-25.6,-39.15,-59.52,2,-0.000002,-0.028046,0.028168,-31,-29.63,-31.88,2,0.028375,-0.01297,0.077118,-22.26,-39.76,-59.18,2,-0.000003,-0.033447,0.032959,-29.51,t,https://portal.wildtrax.ca/home/aru-tasks/recording.html?taskId=2755787,https://wildtrax-aru.s3-accelerate.amazonaws.com/ab13cf62-fe1d-4993-b25b-e9c9b1dbb056/4d6210cfb83c492aae6ef0dcfb5345e9.jpg,https://wildtrax-aru.s3-accelerate.amazonaws.com/ab13cf62-fe1d-4993-b25b-e9c9b1dbb056/a54f98dfa9d941cda814ac1aae6ad4b2.flac
CANFOR,Interior Broadleaf Working Group ARU Monitoring 2025 Limited Amplitude Processing,3701,DOC266-NT-C,492670,2025-06-06 05:13:00,3023171,1SPT,2755787,t,DUFL,Dusky Flycatcher,EMPIDONAX OBERHOLSERI,Aves,73.90,180.00,0.36,2.72kHz,6.12kHz,5292310,1,Song,1,,f,1,Leonard Patterson,2623,,f,-34.12,-35.71,2,0.017139,-0.018463,0.051514,-25.76,-48.7,-57.23,2,-0.000001,-0.034149,0.035522,-28.99,-30.18,-31.49,2,0.027872,-0.003448,0.053925,-25.36,-47.96,-56.23,2,-0.000002,-0.029175,0.028198,-30.7,t,https://portal.wildtrax.ca/home/aru-tasks/recording.html?taskId=2755787,https://wildtrax-aru.s3-accelerate.amazonaws.com/ab13cf62-fe1d-4993-b25b-e9c9b1dbb056/0d6ad83b2b634c619de9ef5c3fee3840.jpg,https://wildtrax-aru.s3-accelerate.amazonaws.com/ab13cf62-fe1d-4993-b25b-e9c9b1dbb056/453f757ad17646cb882077d8fc73868c.flac
CANFOR,Interior Broadleaf Working Group ARU Monitoring 2025 Limited Amplitude Processing,3701,DOC266-NT-C,492670,2025-06-06 05:13:00,3023171,1SPT,2755787,t,OCWA,Orange-crowned Warbler,LEIOTHLYPIS CELATA,Aves,82.76,180.00,0.90,3.80kHz,5.86kHz,5292339,1,Song,1,,f,1,Leonard Patterson,2623,,f,-34.08,-35.86,2,0.017644,0.004883,0.030243,-30.39,-62.12,-66.15,3,0,-0.003082,0.002899,-50.22,-29.88,-31.73,2,0.028435,0.012299,0.045593,-26.82,-59.4,-63.36,2,0,-0.004639,0.003845,-46.67,t,https://portal.wildtrax.ca/home/aru-tasks/recording.html?taskId=2755787,https://wildtrax-aru.s3-accelerate.amazonaws.com/ab13cf62-fe1d-4993-b25b-e9c9b1dbb056/dbf064e88f5d4b8f9b99686e8a32934f.jpg,https://wildtrax-aru.s3-accelerate.amazonaws.com/ab13cf62-fe1d-4993-b25b-e9c9b1dbb056/64c9680ec1344af59ec443880d317efe.flac
CANFOR,Interior Broadleaf Working Group ARU Monitoring 2025 Limited Amplitude Processing,3701,DOC266-NT-C,492670,2025-06-06 05:13:00,3023171,1SPT,2755787,t,RCKI,Ruby-crowned Kinglet,CORTHYLIO CALENDULA,Aves,86.01,180.00,1.14,2.05kHz,2.97kHz,5292317,1,Song,1,,f,2,Leonard Patterson,2623,,f,-33.61,-35.74,2,0.017662,-0.014465,0.051758,-25.72,-65.14,-69.07,2,0,-0.002289,0.002014,-52.81,-29.69,-31.63,2,0.0282,-0.037628,0.092255,-20.7,-61.27,-67.42,2,0,-0.003479,0.003052,-49.17,t,https://portal.wildtrax.ca/home/aru-tasks/recording.html?taskId=2755787,https://wildtrax-aru.s3-accelerate.amazonaws.com/ab13cf62-fe1d-4993-b25b-e9c9b1dbb056/9503f39ed135460fbd6705589094cb05.jpg,https://wildtrax-aru.s3-accelerate.amazonaws.com/ab13cf62-fe1d-4993-b25b-e9c9b1dbb056/93076cd2e76e4370ab9a3a2bfc718d4f.flac
CANFOR,Interior Broadleaf Working Group ARU Monitoring 2025 Limited Amplitude Processing,3701,DOC266-NT-C,492670,2025-06-06 05:13:00,3023171,1SPT,2755787,t,WTSP,White-throated Sparrow,ZONOTRICHIA ALBICOLLIS,Aves,88.12,180.00,1.28,2.77kHz,3.54kHz,5292436,1,Song,1,,f,2,Leonard Patterson,2623,,f,-33.88,-35.67,2,0.017688,-0.020905,0.059967,-24.44,-67.01,-70.59,2,0,-0.001556,0.001587,-55.99,-29.94,-31.6,2,0.028196,-0.024078,0.092438,-20.68,-64.43,-68.26,3,0,-0.002441,0.002441,-52.25,t,https://portal.wildtrax.ca/home/aru-tasks/recording.html?taskId=2755787,https://wildtrax-aru.s3-accelerate.amazonaws.com/ab13cf62-fe1d-4993-b25b-e9c9b1dbb056/ffcc1c6d09654f088ad311913e8e6a67.jpg,https://wildtrax-aru.s3-accelerate.amazonaws.com/ab13cf62-fe1d-4993-b25b-e9c9b1dbb056/c2777813fbd64197b624adcf523cdceb.flac
CANFOR,Interior Broadleaf Working Group ARU Monitoring 2025 Limited Amplitude Processing,3701,DOC266-NT-C,492670,2025-06-06 05:13:00,3023171,1SPT,2755787,t,WTSP,White-throated Sparrow,ZONOTRICHIA ALBICOLLIS,Aves,109.57,180.00,1.53,4.52kHz,5.19kHz,5292438,2,Song,1,,f,2,Leonard Patterson,2623,,f,-34.2,-35.91,2,0.017652,-0.006409,0.049011,-26.19,-66.85,-70.65,3,0,-0.001373,0.001373,-57.24,-29.98,-31.61,2,0.02845,-0.012299,0.079498,-21.99,-61.86,-67.84,2,0,-0.003204,0.003143,-49.89,t,https://portal.wildtrax.ca/home/aru-tasks/recording.html?taskId=2755787,https://wildtrax-aru.s3-accelerate.amazonaws.com/ab13cf62-fe1d-4993-b25b-e9c9b1dbb056/1b1d6756d6a2409384ba759c17ef58a6.jpg,https://wildtrax-aru.s3-accelerate.amazonaws.com/ab13cf62-fe1d-4993-b25b-e9c9b1dbb056/d673eec6c8e54a16a5dc91e300518a19.flac
CANFOR,Interior Broadleaf Working Group ARU Monitoring 2025 Limited Amplitude Processing,3701,DOC266-NT-C,492670,2025-06-06 05:13:00,3023171,1SPT,2755787,t,AMRE,American Redstart,SETOPHAGA RUTICILLA,Aves,165.99,180.00,0.95,3.99kHz,9.04kHz,5291809,1,Song,1,,f,1,Leonard Patterson,2623,,f,-34.16,-35.51,2,0.017694,0.004333,0.031189,-30.12,-52.66,-61.89,2,0,-0.008057,0.007965,-41.88,-30.17,-31.52,2,0.028128,0.013092,0.0466,-26.63,-53.05,-61.65,2,0,-0.007782,0.008698,-41.21,t,https://portal.wildtrax.ca/home/aru-tasks/recording.html?taskId=2755787,https://wildtrax-aru.s3-accelerate.amazonaws.com/ab13cf62-fe1d-4993-b25b-e9c9b1dbb056/8f21f133a06e49b5a674b56620b2fffe.jpg,https://wildtrax-aru.s3-accelerate.amazonaws.com/ab13cf62-fe1d-4993-b25b-e9c9b1dbb056/bc9bbef466cd4ed2be6f99606e1e9048.flac
CANFOR,Interior Broadleaf Working Group ARU Monitoring 2025 Limited Amplitude Processing,3701,DOC266-NT-C,492670,2025-06-06 05:13:00,3023171,1SPT,2755787,t,DUFL,Dusky Flycatcher,EMPIDONAX OBERHOLSERI,Aves,168.17,180.00,0.30,3.59kHz,6.63kHz,5291811,2,Song,1,,f,2,Leonard Patterson,2623,,f,-34.97,-35.38,2,0.017588,0.005829,0.02948,-30.61,-57.91,-59.21,2,-0.000001,-0.004456,0.004364,-47.02,-30.85,-31.2,2,0.028386,0.012756,0.046997,-26.56,-52.33,-54.49,2,-0.000001,-0.010193,0.010223,-39.81,t,https://portal.wildtrax.ca/home/aru-tasks/recording.html?taskId=2755787,https://wildtrax-aru.s3-accelerate.amazonaws.com/ab13cf62-fe1d-4993-b25b-e9c9b1dbb056/888cce8e97264a359da96f155fcfda3b.jpg,https://wildtrax-aru.s3-accelerate.amazonaws.com/ab13cf62-fe1d-4993-b25b-e9c9b1dbb056/6fd46185febc4f9cb8a4f7ed0182a2bb.flac
CANFOR,Interior Broadleaf Working Group ARU Monitoring 2025 Limited Amplitude Processing,3701,DOC266-NT-C,492670,2025-06-06 05:13:00,3023171,1SPT,2755787,t,DUFL,Dusky Flycatcher,EMPIDONAX OBERHOLSERI,Aves,168.41,180.00,0.29,3.49kHz,6.01kHz,5291810,3,Song,1,,f,1,Leonard Patterson,2623,,f,-34.74,-35.06,2,0.017576,0.005798,0.029297,-30.66,-57.26,-59.54,2,-0.000001,-0.006744,0.006622,-43.42,-30.64,-31.05,2,0.02812,0.010925,0.047302,-26.5,-54.77,-56.84,2,-0.000001,-0.008575,0.008209,-41.33,t,https://portal.wildtrax.ca/home/aru-tasks/recording.html?taskId=2755787,https://wildtrax-aru.s3-accelerate.amazonaws.com/ab13cf62-fe1d-4993-b25b-e9c9b1dbb056/af1dbb01550b4cab8907d7d067746048.jpg,https://wildtrax-aru.s3-accelerate.amazonaws.com/ab13cf62-fe1d-4993-b25b-e9c9b1dbb056/6ecfcfdd503d4f489f33b76898f9032c.flac
CANFOR,Interior Broadleaf Working Group ARU Monitoring 2025 Limited Amplitude Processing,3701,DOC266-NT-C,492670,2025-06-06 05:13:00,3023171,1SPT,2755787,t,TRES,Tree Swallow,TACHYCINETA BICOLOR,Aves,178.87,180.00,0.28,2.34kHz,5.59kHz,5292344,1,Song,1,,f,1,Leonard Patterson,2623,,f,-35.33,-35.59,2,0.016915,-0.000671,0.038116,-28.38,-51.9,-53.7,2,-0.000002,-0.016876,0.016754,-35.45,-30.96,-31.36,2,0.027636,0.006378,0.050323,-25.96,-50.84,-52.53,2,-0.000003,-0.017395,0.016815,-35.19,t,https://portal.wildtrax.ca/home/aru-tasks/recording.html?taskId=2755787,https://wildtrax-aru.s3-accelerate.amazonaws.com/ab13cf62-fe1d-4993-b25b-e9c9b1dbb056/ee3aab55abed4687aea3f2807c45030a.jpg,https://wildtrax-aru.s3-accelerate.amazonaws.com/ab13cf62-fe1d-4993-b25b-e9c9b1dbb056/68bfa785af074c80b9de4eb2be4f353c.flac
CANFOR,Interior Broadleaf Working Group ARU Monitoring 2025 Limited Amplitude Processing,3701,DOC266-NT-C,492670,2025-06-10 05:11:00,2894216,1SPT,2622042,t,WTSP,White-throated Sparrow,ZONOTRICHIA ALBICOLLIS,Aves,12.10,180.00,1.54,2.73kHz,4.17kHz,5259662,1,Song,1,,f,1,Leonard Patterson,2623,,f,-34.49,-35.57,2,0.017576,0.009064,0.02652,-31.53,-67.03,-70.22,2,0,-0.002502,0.002014,-52.03,-30.45,-31.32,3,0.028423,0.017303,0.039124,-28.15,-65.92,-68.9,2,0,-0.004089,0.003418,-47.77,t,https://portal.wildtrax.ca/home/aru-tasks/recording.html?taskId=2622042,https://wildtrax-aru.s3-accelerate.amazonaws.com/e1566fc0-22c6-4ad8-998c-7ac749d4726c/c69d532ff90d433bb0271de03419869a.jpg,https://wildtrax-aru.s3-accelerate.amazonaws.com/e1566fc0-22c6-4ad8-998c-7ac749d4726c/66aa5bb9832f410aa5eb23ea51b28be9.flac
CANFOR,Interior Broadleaf Working Group ARU Monitoring 2025 Limited Amplitude Processing,3701,DOC266-NT-C,492670,2025-06-10 05:11:00,2894216,1SPT,2622042,t,WTSP,White-throated Sparrow,ZONOTRICHIA ALBICOLLIS,Aves,21.29,180.00,1.45,3.14kHz,4.17kHz,5259660,2,Song,1,,f,1,Leonard Patterson,2623,,f,-34.45,-35.6,2,0.017455,0.007507,0.027649,-31.17,-58.82,-71.58,2,0,-0.002502,0.002594,-51.72,-30.2,-31.51,2,0.028258,0.015015,0.040894,-27.77,-59.19,-71.23,2,0,-0.002838,0.002869,-50.85,t,https://portal.wildtrax.ca/home/aru-tasks/recording.html?taskId=2622042,https://wildtrax-aru.s3-accelerate.amazonaws.com/e1566fc0-22c6-4ad8-998c-7ac749d4726c/70c93eba5c4d4006af8083132ae8ccb4.jpg,https://wildtrax-aru.s3-accelerate.amazonaws.com/e1566fc0-22c6-4ad8-998c-7ac749d4726c/945482791a174cb389faf11e004f09e4.flac
CANFOR,Interior Broadleaf Working Group ARU Monitoring 2025 Limited Amplitude Processing,3701,DOC266-NT-C,492670,2025-06-10 05:11:00,2894216,1SPT,2622042,t,HETH,Hermit Thrush,CATHARUS GUTTATUS,Aves,36.93,180.00,1.54,0.98kHz,3.81kHz,5259651,1,Song,1,,f,2,Leonard Patterson,2623,,f,-34.28,-35.73,3,0.017585,0.00592,0.032104,-29.87,-60.32,-65.18,2,-0.000001,-0.008331,0.003601,-41.59,-30.19,-31.46,2,0.028466,0.014069,0.049133,-26.17,-54.38,-63.38,2,-0.000002,-0.012421,0.004639,-38.12,t,https://portal.wildtrax.ca/home/aru-tasks/recording.html?taskId=2622042,https://wildtrax-aru.s3-accelerate.amazonaws.com/e1566fc0-22c6-4ad8-998c-7ac749d4726c/a91a807162e844629728b157ea0a09fb.jpg,https://wildtrax-aru.s3-accelerate.amazonaws.com/e1566fc0-22c6-4ad8-998c-7ac749d4726c/9dbd177cef884e7cb062cf29219a74f1.flac
CANFOR,Interior Broadleaf Working Group ARU Monitoring 2025 Limited Amplitude Processing,3701,DOC266-NT-C,492670,2025-06-10 05:11:00,2894216,1SPT,2622042,t,DUFL,Dusky Flycatcher,EMPIDONAX OBERHOLSERI,Aves,46.44,180.00,0.26,3.55kHz,6.13kHz,5259653,1,Song,1,,f,1,Leonard Patterson,2623,,f,-35.24,-35.29,2,0.017631,0.010498,0.02536,-31.92,-60.61,-61.29,3,-0.000001,-0.003265,0.003204,-49.72,-31.13,-31.19,2,0.028392,0.020325,0.037262,-28.57,-60.01,-60.41,2,-0.000002,-0.005035,0.003998,-45.96,t,https://portal.wildtrax.ca/home/aru-tasks/recording.html?taskId=2622042,https://wildtrax-aru.s3-accelerate.amazonaws.com/e1566fc0-22c6-4ad8-998c-7ac749d4726c/484d41f2044e42b690efd48f1be3d6de.jpg,https://wildtrax-aru.s3-accelerate.amazonaws.com/e1566fc0-22c6-4ad8-998c-7ac749d4726c/a278f7aa1efc45ab9397024add437fa5.flac
CANFOR,Interior Broadleaf Working Group ARU Monitoring 2025 Limited Amplitude Processing,3701,DOC266-NT-C,492670,2025-06-10 05:11:00,2894216,1SPT,2622042,t,DUFL,Dusky Flycatcher,EMPIDONAX OBERHOLSERI,Aves,46.70,180.00,0.28,3.04kHz,5.46kHz,5259654,2,Song,1,,f,2,Leonard Patterson,2623,,f,-35.07,-35.16,2,0.0176,0.009216,0.024414,-32.25,-64.61,-65.35,2,-0.000001,-0.004181,0.00415,-47.57,-30.83,-30.91,2,0.028484,0.018402,0.037201,-28.59,-62.42,-63.54,2,-0.000002,-0.006195,0.006256,-44.07,t,https://portal.wildtrax.ca/home/aru-tasks/recording.html?taskId=2622042,https://wildtrax-aru.s3-accelerate.amazonaws.com/e1566fc0-22c6-4ad8-998c-7ac749d4726c/49c331c28fbc42a49fbbd0e6347f39fe.jpg,https://wildtrax-aru.s3-accelerate.amazonaws.com/e1566fc0-22c6-4ad8-998c-7ac749d4726c/48cd247eb84e455e86037f7838bfca8c.flac
CANFOR,Interior Broadleaf Working Group ARU Monitoring 2025 Limited Amplitude Processing,3701,DOC266-NT-C,492670,2025-06-10 05:11:00,2894216,1SPT,2622042,t,WTSP,White-throated Sparrow,ZONOTRICHIA ALBICOLLIS,Aves,70.78,180.00,1.76,3.30kHz,3.91kHz,5259661,3,Song,1,,f,2,Leonard Patterson,2623,,f,-34.62,-35.66,2,0.017521,0.008423,0.027588,-31.19,-68.93,-73.26,2,0,-0.00119,0.00116,-58.49,-30.41,-31.59,2,0.028312,0.017242,0.038391,-28.32,-68.61,-73.19,2,0,-0.001587,0.001587,-55.99,t,https://portal.wildtrax.ca/home/aru-tasks/recording.html?taskId=2622042,https://wildtrax-aru.s3-accelerate.amazonaws.com/e1566fc0-22c6-4ad8-998c-7ac749d4726c/d83da13ad5944f55bc4911bc6e8bca02.jpg,https://wildtrax-aru.s3-accelerate.amazonaws.com/e1566fc0-22c6-4ad8-998c-7ac749d4726c/e02ee6bd0bdc47ae92db0206c330fbba.flac
CANFOR,Interior Broadleaf Working Group ARU Monitoring 2025 Limited Amplitude Processing,3701,DOC266-NT-C,492670,2025-06-10 05:11:00,2894216,1SPT,2622042,t,WISN,Wilson's Snipe,GALLINAGO DELICATA,Aves,71.70,180.00,1.01,0.15kHz,1.29kHz,5259655,1,Non-vocal,1,,f,2,Leonard Patterson,2623,,f,-34.69,-35.66,2,0.017516,0.009369,0.02655,-31.52,-50.08,-51.28,3,-0.00288,-0.009338,-0.000854,-40.59,-30.46,-31.59,2,0.028414,0.017242,0.037628,-28.49,-45.7,-47.26,3,-0.004673,-0.016083,-0.002228,-35.87,t,https://portal.wildtrax.ca/home/aru-tasks/recording.html?taskId=2622042,https://wildtrax-aru.s3-accelerate.amazonaws.com/e1566fc0-22c6-4ad8-998c-7ac749d4726c/e05ff6b652a84762ba5963d45a80c88f.jpg,https://wildtrax-aru.s3-accelerate.amazonaws.com/e1566fc0-22c6-4ad8-998c-7ac749d4726c/8e14890ea8fb40a5b9232238a5a6fdf7.flac
CANFOR,Interior Broadleaf Working Group ARU Monitoring 2025 Limited Amplitude Processing,3701,DOC266-NT-C,492670,2025-06-10 05:11:00,2894216,1SPT,2622042,t,UNWO,Unidentified Woodpecker,"",Aves,94.15,180.00,1.49,0.26kHz,1.24kHz,5259656,1,Non-vocal,1,,f,2,Leonard Patterson,2623,,f,-33.67,-35.77,2,0.017525,-0.013733,0.03772,-28.47,-61.37,-66.16,2,-0.000279,-0.008057,0.002167,-41.88,-29.78,-31.69,2,0.028326,-0.014374,0.054535,-25.27,-58.51,-63.88,3,-0.00045,-0.012268,0.001801,-38.22,t,https://portal.wildtrax.ca/home/aru-tasks/recording.html?taskId=2622042,https://wildtrax-aru.s3-accelerate.amazonaws.com/e1566fc0-22c6-4ad8-998c-7ac749d4726c/640423876ca440228f02774b09e1ab35.jpg,https://wildtrax-aru.s3-accelerate.amazonaws.com/e1566fc0-22c6-4ad8-998c-7ac749d4726c/de59164536a94fa8b9206e95ad63b0b4.flac
CANFOR,Interior Broadleaf Working Group ARU Monitoring 2025 Limited Amplitude Processing,3701,DOC266-NT-C,492670,2025-06-10 05:11:00,2894216,1SPT,2622042,t,RUGR,Ruffed Grouse,BONASA UMBELLUS,Aves,99.10,180.00,7.66,0.00kHz,0.46kHz,5259657,1,Non-vocal,1,,f,1,Leonard Patterson,2623,,f,-30.41,-35.68,2,0.017565,-0.053986,0.056396,-24.97,-30.41,-35.71,7,0.017564,-0.050934,0.05481,-25.22,-27.03,-31.49,2,0.02833,-0.07074,0.077637,-22.2,-27.03,-31.51,7,0.028329,-0.068054,0.075134,-22.48,t,https://portal.wildtrax.ca/home/aru-tasks/recording.html?taskId=2622042,https://wildtrax-aru.s3-accelerate.amazonaws.com/e1566fc0-22c6-4ad8-998c-7ac749d4726c/9c1f1bfaaf694e11819ef999c665ef27.jpg,https://wildtrax-aru.s3-accelerate.amazonaws.com/e1566fc0-22c6-4ad8-998c-7ac749d4726c/c237a46fb0024e0bba221ecd67e73cb8.flac
CANFOR,Interior Broadleaf Working Group ARU Monitoring 2025 Limited Amplitude Processing,3701,DOC266-NT-C,492670,2025-06-10 05:11:00,2894216,1SPT,2622042,t,AMRO,American Robin,TURDUS MIGRATORIUS,Aves,128.79,180.00,2.06,1.39kHz,3.66kHz,5259659,1,Song,1,,f,2,Leonard Patterson,2623,,f,-34.48,-35.75,3,0.017569,0.009125,0.025879,-31.74,-64.07,-66.98,2,0,-0.005157,0.002472,-45.75,-30.48,-31.63,2,0.028345,0.017761,0.039001,-28.18,-62.64,-66.39,2,-0.000001,-0.007904,0.003326,-42.04,t,https://portal.wildtrax.ca/home/aru-tasks/recording.html?taskId=2622042,https://wildtrax-aru.s3-accelerate.amazonaws.com/e1566fc0-22c6-4ad8-998c-7ac749d4726c/6f8787d86f0b44b7aa84f7ff6219c8e2.jpg,https://wildtrax-aru.s3-accelerate.amazonaws.com/e1566fc0-22c6-4ad8-998c-7ac749d4726c/9c0c1958321148bb9dab94759eb3f1ed.flac
CANFOR,Interior Broadleaf Working Group ARU Monitoring 2025 Limited Amplitude Processing,3701,DOC266-NT-C,492670,2025-06-10 05:11:00,2894216,1SPT,2622042,t,TRES,Tree Swallow,TACHYCINETA BICOLOR,Aves,131.09,180.00,2.43,2.99kHz,6.33kHz,5259652,1,Song,1,,f,2,Leonard Patterson,2623,,f,-34.45,-35.55,2,0.017543,0.005524,0.029572,-30.58,-51.85,-66.01,2,0,-0.01178,0.01178,-38.58,-30.37,-31.36,2,0.028355,0.012909,0.043488,-27.23,-50.55,-65.63,2,0,-0.010925,0.01059,-39.23,t,https://portal.wildtrax.ca/home/aru-tasks/recording.html?taskId=2622042,https://wildtrax-aru.s3-accelerate.amazonaws.com/e1566fc0-22c6-4ad8-998c-7ac749d4726c/2c3745234b1e41aaaa6e68188f4e9f1a.jpg,https://wildtrax-aru.s3-accelerate.amazonaws.com/e1566fc0-22c6-4ad8-998c-7ac749d4726c/478308cb04974897b9c868227ce3acf3.flac
CANFOR,Interior Broadleaf Working Group ARU Monitoring 2025 Limited Amplitude Processing,3701,DOC266-NT-C,492670,2025-06-10 05:11:00,2894216,1SPT,2622042,t,SWTH,Swainson's Thrush,CATHARUS USTULATUS,Aves,141.65,180.00,0.89,1.08kHz,2.99kHz,5259658,1,Song,1,,f,2,Leonard Patterson,2623,,f,-34.45,-35.45,2,0.017656,0.009338,0.026703,-31.47,-62.12,-67.09,3,-0.000001,-0.006653,0.003052,-43.54,-30.44,-31.42,2,0.028261,0.017853,0.039032,-28.17,-59.8,-66.63,2,-0.000002,-0.009949,0.003723,-40.04,t,https://portal.wildtrax.ca/home/aru-tasks/recording.html?taskId=2622042,https://wildtrax-aru.s3-accelerate.amazonaws.com/e1566fc0-22c6-4ad8-998c-7ac749d4726c/e9a766d57c444c61bffb13ca053e943d.jpg,https://wildtrax-aru.s3-accelerate.amazonaws.com/e1566fc0-22c6-4ad8-998c-7ac749d4726c/defeb7be0a1a413a9d7654e9fc51e7db.flac
CANFOR,Interior Broadleaf Working Group ARU Monitoring 2025 Limited Amplitude Processing,3701,DOC266-NT-C,492670,2025-06-10 05:11:00,2894216,1SPT,2622042,t,SWTH,Swainson's Thrush,CATHARUS USTULATUS,Aves,167.90,180.00,1.95,0.46kHz,7.78kHz,5259649,2,Song,1,,f,2,Leonard Patterson,2623,,f,-33.3,-35.51,2,0.017639,-0.02536,0.058777,-24.62,-38.99,-61.15,2,-0.000002,-0.042206,0.041962,-27.49,-29.6,-31.37,2,0.028321,-0.013123,0.070099,-23.09,-36.04,-60.95,2,-0.000003,-0.042877,0.041107,-27.36,t,https://portal.wildtrax.ca/home/aru-tasks/recording.html?taskId=2622042,https://wildtrax-aru.s3-accelerate.amazonaws.com/e1566fc0-22c6-4ad8-998c-7ac749d4726c/17bd595d102241739a67859f1aa89e0a.jpg,https://wildtrax-aru.s3-accelerate.amazonaws.com/e1566fc0-22c6-4ad8-998c-7ac749d4726c/0d19e68191184bf6afb5d7660233a045.flac
CANFOR,Interior Broadleaf Working Group ARU Monitoring 2025 Limited Amplitude Processing,3701,DOC266-NT-C,492670,2025-06-10 05:11:00,2894216,1SPT,2622042,t,UNSA,Unidentified Sapsucker,SPHYRAPICUS,Aves,175.76,180.00,3.85,0.77kHz,1.80kHz,5259650,1,Non-vocal,1,,f,2,Leonard Patterson,2623,,f,-34.52,-35.66,2,0.017583,0.007812,0.027039,-31.36,-63.27,-69.26,2,0,-0.004852,0.00351,-46.28,-30.34,-31.44,2,0.028282,0.01535,0.041504,-27.64,-58.47,-68.23,2,-0.000001,-0.00824,0.006683,-41.68,t,https://portal.wildtrax.ca/home/aru-tasks/recording.html?taskId=2622042,https://wildtrax-aru.s3-accelerate.amazonaws.com/e1566fc0-22c6-4ad8-998c-7ac749d4726c/507a22195cec4b0b92ff2764fb252562.jpg,https://wildtrax-aru.s3-accelerate.amazonaws.com/e1566fc0-22c6-4ad8-998c-7ac749d4726c/7b3ad2ce8b6141229264e926db05c5e1.flac
CANFOR,Interior Broadleaf Working Group ARU Monitoring 2025 Limited Amplitude Processing,3701,MUS061A-FR-C,492666,2025-06-04 05:12:00,2894217,1SPT,2622043,t,DUFL,Dusky Flycatcher,EMPIDONAX OBERHOLSERI,Aves,6.55,180.00,2.05,3.50kHz,6.59kHz,5259667,1,Song,1,,f,2,Leonard Patterson,2623,,f,-31.54,-32.4,2,0.025095,0.017517,0.033569,-29.48,-59.57,-66.16,2,0,-0.004913,0.003815,-46.17,-34.72,-36.36,2,0.016941,0.007446,0.026764,-31.45,-57.4,-64.83,2,0,-0.004791,0.004761,-46.39,t,https://portal.wildtrax.ca/home/aru-tasks/recording.html?taskId=2622043,https://wildtrax-aru.s3-accelerate.amazonaws.com/9a69104a-4ef7-4edd-abdf-97afdb5909b2/c4df1350303f4ecb98266408eaebc86a.jpg,https://wildtrax-aru.s3-accelerate.amazonaws.com/9a69104a-4ef7-4edd-abdf-97afdb5909b2/a20a32192e3a4087b9e11cc334f103a2.flac
CANFOR,Interior Broadleaf Working Group ARU Monitoring 2025 Limited Amplitude Processing,3701,MUS061A-FR-C,492666,2025-06-04 05:12:00,2894217,1SPT,2622043,t,SWTH,Swainson's Thrush,CATHARUS USTULATUS,Aves,6.74,180.00,0.75,1.03kHz,2.63kHz,5259674,1,Song,1,,f,1,Leonard Patterson,2623,,f,-31.7,-32.29,2,0.025074,0.017639,0.033325,-29.54,-63.91,-67.36,2,-0.000002,-0.007324,0.002899,-42.7,-34.9,-35.86,2,0.017019,0.007599,0.025421,-31.9,-62.44,-65.59,2,-0.000001,-0.004791,0.002563,-46.39,t,https://portal.wildtrax.ca/home/aru-tasks/recording.html?taskId=2622043,https://wildtrax-aru.s3-accelerate.amazonaws.com/9a69104a-4ef7-4edd-abdf-97afdb5909b2/aa8609c62c6149059f87a0aaae3e73c3.jpg,https://wildtrax-aru.s3-accelerate.amazonaws.com/9a69104a-4ef7-4edd-abdf-97afdb5909b2/bb3dd9ac90024163a50cd0824cda79b1.flac
CANFOR,Interior Broadleaf Working Group ARU Monitoring 2025 Limited Amplitude Processing,3701,MUS061A-FR-C,492666,2025-06-04 05:12:00,2894217,1SPT,2622043,t,SWTH,Swainson's Thrush,CATHARUS USTULATUS,Aves,15.88,180.00,1.23,0.98kHz,3.50kHz,5259669,2,Song,1,,f,2,Leonard Patterson,2623,,f,-31.52,-32.24,2,0.025216,0.01355,0.034607,-29.22,-61.62,-65.12,2,-0.000001,-0.009705,0.002869,-40.26,-34.7,-35.87,2,0.016875,0.00412,0.027557,-31.2,-57.69,-63.19,2,-0.000001,-0.006348,0.004547,-43.95,t,https://portal.wildtrax.ca/home/aru-tasks/recording.html?taskId=2622043,https://wildtrax-aru.s3-accelerate.amazonaws.com/9a69104a-4ef7-4edd-abdf-97afdb5909b2/bf8716bbcf5a457aa1c953e8bc870a3c.jpg,https://wildtrax-aru.s3-accelerate.amazonaws.com/9a69104a-4ef7-4edd-abdf-97afdb5909b2/724e5445cf6f4b7dab5f77fd7e80634c.flac
CANFOR,Interior Broadleaf Working Group ARU Monitoring 2025 Limited Amplitude Processing,3701,MUS061A-FR-C,492666,2025-06-04 05:12:00,2894217,1SPT,2622043,t,OCWA,Orange-crowned Warbler,LEIOTHLYPIS CELATA,Aves,34.84,180.00,1.55,3.76kHz,6.33kHz,5259666,1,Song,1,,f,2,Leonard Patterson,2623,,f,-31.43,-32.43,2,0.025317,0.017029,0.033264,-29.56,-62.15,-66.59,2,0,-0.0047,0.003784,-46.56,-34.52,-36.07,2,0.016978,0.006714,0.026031,-31.69,-59.29,-65.5,2,0,-0.003601,0.00351,-48.87,t,https://portal.wildtrax.ca/home/aru-tasks/recording.html?taskId=2622043,https://wildtrax-aru.s3-accelerate.amazonaws.com/9a69104a-4ef7-4edd-abdf-97afdb5909b2/c29294a0b87040228d1c87607d34b650.jpg,https://wildtrax-aru.s3-accelerate.amazonaws.com/9a69104a-4ef7-4edd-abdf-97afdb5909b2/5445a8a2fc214fb18d9c3a8ccb4f74f5.flac
CANFOR,Interior Broadleaf Working Group ARU Monitoring 2025 Limited Amplitude Processing,3701,MUS061A-FR-C,492666,2025-06-04 05:12:00,2894217,1SPT,2622043,t,AMRO,American Robin,TURDUS MIGRATORIUS,Aves,41.99,180.00,0.30,1.75kHz,3.45kHz,5259676,1,Song,1,,f,2,Leonard Patterson,2623,,f,-31.81,-32.22,2,0.024963,0.017548,0.032654,-29.72,-63.69,-64.62,2,-0.000002,-0.005005,0.003448,-46.01,-34.74,-35.54,2,0.017004,0.008789,0.026642,-31.49,-61.85,-63,2,-0.000002,-0.003479,0.003143,-49.17,t,https://portal.wildtrax.ca/home/aru-tasks/recording.html?taskId=2622043,https://wildtrax-aru.s3-accelerate.amazonaws.com/9a69104a-4ef7-4edd-abdf-97afdb5909b2/cd0ea8a124a84232acff2654f2bc5e77.jpg,https://wildtrax-aru.s3-accelerate.amazonaws.com/9a69104a-4ef7-4edd-abdf-97afdb5909b2/df5db94f0fc84c7aad7a32306a773256.flac
CANFOR,Interior Broadleaf Working Group ARU Monitoring 2025 Limited Amplitude Processing,3701,MUS061A-FR-C,492666,2025-06-04 05:12:00,2894217,1SPT,2622043,t,RBNU,Red-breasted Nuthatch,SITTA CANADENSIS,Aves,44.31,180.00,0.60,1.49kHz,2.94kHz,5259668,1,Song,1,,f,1,Leonard Patterson,2623,,f,-31.57,-32.17,2,0.025289,0.017609,0.032745,-29.7,-65.26,-68.4,2,-0.000002,-0.005707,0.003754,-44.87,-34.94,-35.71,2,0.016911,0.00827,0.026672,-31.48,-64.27,-66.25,2,-0.000001,-0.004883,0.003326,-46.23,t,https://portal.wildtrax.ca/home/aru-tasks/recording.html?taskId=2622043,https://wildtrax-aru.s3-accelerate.amazonaws.com/9a69104a-4ef7-4edd-abdf-97afdb5909b2/0e3a275884e846058825c30ce656c4c5.jpg,https://wildtrax-aru.s3-accelerate.amazonaws.com/9a69104a-4ef7-4edd-abdf-97afdb5909b2/06df297595a54993bc51c53102c9034d.flac
CANFOR,Interior Broadleaf Working Group ARU Monitoring 2025 Limited Amplitude Processing,3701,MUS061A-FR-C,492666,2025-06-04 05:12:00,2894217,1SPT,2622043,t,DEJU,Dark-eyed Junco,JUNCO HYEMALIS,Aves,49.80,180.00,1.89,3.35kHz,5.15kHz,5259665,1,Song,1,,f,2,Leonard Patterson,2623,,f,-31.48,-32.34,2,0.025225,0.014984,0.035645,-28.96,-62.99,-67.08,2,0,-0.003387,0.003021,-49.4,-34.5,-36.18,2,0.016813,0.005676,0.027283,-31.28,-61.16,-65.58,3,0,-0.00296,0.00293,-50.57,t,https://portal.wildtrax.ca/home/aru-tasks/recording.html?taskId=2622043,https://wildtrax-aru.s3-accelerate.amazonaws.com/9a69104a-4ef7-4edd-abdf-97afdb5909b2/1b4f6e2190fd4c8d90ba43cc86697070.jpg,https://wildtrax-aru.s3-accelerate.amazonaws.com/9a69104a-4ef7-4edd-abdf-97afdb5909b2/a9e4fd99a522416886471acdb86869d9.flac
CANFOR,Interior Broadleaf Working Group ARU Monitoring 2025 Limited Amplitude Processing,3701,MUS061A-FR-C,492666,2025-06-04 05:12:00,2894217,1SPT,2622043,t,UNBI,Unidentified bird,"",Aves,67.50,180.00,1.51,1.96kHz,6.39kHz,5259675,1,Song,1,,f,1,Leonard Patterson,2623,,f,-31.38,-32.33,2,0.025291,0.016571,0.034912,-29.14,-59.37,-63.57,3,-0.000001,-0.009674,0.00415,-40.29,-34.42,-36.14,2,0.016901,0.005737,0.027679,-31.16,-58.72,-62.59,2,0,-0.006439,0.004578,-43.82,t,https://portal.wildtrax.ca/home/aru-tasks/recording.html?taskId=2622043,https://wildtrax-aru.s3-accelerate.amazonaws.com/9a69104a-4ef7-4edd-abdf-97afdb5909b2/93254277d1864ce799e3944a8bbe441d.jpg,https://wildtrax-aru.s3-accelerate.amazonaws.com/9a69104a-4ef7-4edd-abdf-97afdb5909b2/02a440bf71304c3abf8a3c6d967abf88.flac
CANFOR,Interior Broadleaf Working Group ARU Monitoring 2025 Limited Amplitude Processing,3701,MUS061A-FR-C,492666,2025-06-04 05:12:00,2894217,1SPT,2622043,t,RUGR,Ruffed Grouse,BONASA UMBELLUS,Aves,73.31,180.00,7.26,0.00kHz,0.46kHz,5259670,1,Song,1,,f,2,Leonard Patterson,2623,,f,-30.8,-32.47,2,0.025261,-0.000244,0.047119,-26.54,-30.81,-32.48,2,0.02526,0.003052,0.043945,-27.14,-33.4,-36.13,2,0.016803,-0.011536,0.04007,-27.94,-33.42,-36.17,4,0.016802,-0.008148,0.036987,-28.64,t,https://portal.wildtrax.ca/home/aru-tasks/recording.html?taskId=2622043,https://wildtrax-aru.s3-accelerate.amazonaws.com/9a69104a-4ef7-4edd-abdf-97afdb5909b2/e23c2fbef3274b16880e420f553f43ae.jpg,https://wildtrax-aru.s3-accelerate.amazonaws.com/9a69104a-4ef7-4edd-abdf-97afdb5909b2/b07fcd7c5e1f40758c18908838181ffa.flac
CANFOR,Interior Broadleaf Working Group ARU Monitoring 2025 Limited Amplitude Processing,3701,MUS061A-FR-C,492666,2025-06-04 05:12:00,2894217,1SPT,2622043,t,YRWA,Yellow-rumped Warbler,SETOPHAGA CORONATA,Aves,85.34,180.00,1.11,2.83kHz,5.72kHz,5259664,1,Song,1,,f,2,Leonard Patterson,2623,,f,-31.68,-32.35,2,0.025139,0.018188,0.034058,-29.36,-61.01,-64.67,2,0,-0.005493,0.003845,-45.2,-34.85,-36.03,2,0.01675,0.008118,0.025543,-31.85,-57.92,-63.29,2,0,-0.003876,0.003723,-48.23,t,https://portal.wildtrax.ca/home/aru-tasks/recording.html?taskId=2622043,https://wildtrax-aru.s3-accelerate.amazonaws.com/9a69104a-4ef7-4edd-abdf-97afdb5909b2/c52b3b58dd824696b42ed37a0b765bfd.jpg,https://wildtrax-aru.s3-accelerate.amazonaws.com/9a69104a-4ef7-4edd-abdf-97afdb5909b2/5e78420759b54836b937a573bbafe1a0.flac
CANFOR,Interior Broadleaf Working Group ARU Monitoring 2025 Limited Amplitude Processing,3701,MUS061A-FR-C,492666,2025-06-04 05:12:00,2894217,1SPT,2622043,t,WETA,Western Tanager,PIRANGA LUDOVICIANA,Aves,86.46,180.00,2.00,1.55kHz,3.97kHz,5259663,1,Song,1,,f,2,Leonard Patterson,2623,,f,-31.59,-32.36,2,0.025152,0.016815,0.033752,-29.43,-56.78,-66,2,-0.000001,-0.008026,0.004822,-41.91,-34.67,-36.06,2,0.016865,0.00415,0.029327,-30.65,-51.28,-64.32,2,0,-0.009949,0.009827,-40.04,t,https://portal.wildtrax.ca/home/aru-tasks/recording.html?taskId=2622043,https://wildtrax-aru.s3-accelerate.amazonaws.com/9a69104a-4ef7-4edd-abdf-97afdb5909b2/7558e49a8d754bbb8b1754c831ca09c5.jpg,https://wildtrax-aru.s3-accelerate.amazonaws.com/9a69104a-4ef7-4edd-abdf-97afdb5909b2/46eb46ab503343488f67a05733b203e7.flac
CANFOR,Interior Broadleaf Working Group ARU Monitoring 2025 Limited Amplitude Processing,3701,MUS061A-FR-C,492666,2025-06-04 05:12:00,2894217,1SPT,2622043,t,WETA,Western Tanager,PIRANGA LUDOVICIANA,Aves,89.11,180.00,0.88,1.80kHz,3.86kHz,5259677,2,Song,1,,f,1,Leonard Patterson,2623,,f,-31.68,-32.33,2,0.025053,0.017639,0.032898,-29.66,-62.31,-66.88,2,-0.000001,-0.005737,0.003387,-44.83,-34.97,-36,2,0.016731,0.007874,0.026276,-31.61,-60.64,-64.93,2,-0.000001,-0.004089,0.003754,-47.77,t,https://portal.wildtrax.ca/home/aru-tasks/recording.html?taskId=2622043,https://wildtrax-aru.s3-accelerate.amazonaws.com/9a69104a-4ef7-4edd-abdf-97afdb5909b2/336ef4dafe66476da8bac82feb8ea82f.jpg,https://wildtrax-aru.s3-accelerate.amazonaws.com/9a69104a-4ef7-4edd-abdf-97afdb5909b2/b339194b46f44c9fa7bcf1d50b5ead91.flac
CANFOR,Interior Broadleaf Working Group ARU Monitoring 2025 Limited Amplitude Processing,3701,MUS061A-FR-C,492666,2025-06-04 05:12:00,2894217,1SPT,2622043,t,UNSH,Unidentified Shorebird,"",Aves,92.05,180.00,6.08,1.80kHz,2.99kHz,5259671,1,Call,1,,f,2,Leonard Patterson,2623,,f,-31.37,-32.53,2,0.02517,0.011871,0.03537,-29.03,-65.02,-70,2,0,-0.004089,0.003082,-47.77,-34.26,-36.37,2,0.016778,0.002441,0.029053,-30.74,-63.32,-68.39,2,0,-0.002472,0.002228,-52.14,t,https://portal.wildtrax.ca/home/aru-tasks/recording.html?taskId=2622043,https://wildtrax-aru.s3-accelerate.amazonaws.com/9a69104a-4ef7-4edd-abdf-97afdb5909b2/b67e24dd6cde4075b916179b119861f9.jpg,https://wildtrax-aru.s3-accelerate.amazonaws.com/9a69104a-4ef7-4edd-abdf-97afdb5909b2/d942ab9b7d5b46eba9498d3d7efff724.flac
CANFOR,Interior Broadleaf Working Group ARU Monitoring 2025 Limited Amplitude Processing,3701,MUS061A-FR-C,492666,2025-06-04 05:12:00,2894217,1SPT,2622043,t,UNWO,Unidentified Woodpecker,"",Aves,136.10,180.00,2.09,0.05kHz,1.34kHz,5259672,1,Non-vocal,1,,f,2,Leonard Patterson,2623,,f,-31.45,-32.2,2,0.025323,0.016327,0.033325,-29.54,-35.24,-36,2,-0.01637,-0.023407,-0.008545,-32.61,-34.6,-36.12,2,0.016893,0.00531,0.026428,-31.56,-38.39,-39.93,3,-0.010921,-0.016205,-0.004608,-35.81,t,https://portal.wildtrax.ca/home/aru-tasks/recording.html?taskId=2622043,https://wildtrax-aru.s3-accelerate.amazonaws.com/9a69104a-4ef7-4edd-abdf-97afdb5909b2/6c71e6ed57b346cbb9ac65d075537e9c.jpg,https://wildtrax-aru.s3-accelerate.amazonaws.com/9a69104a-4ef7-4edd-abdf-97afdb5909b2/315112441d66483c90e2b34bc9ee2ac8.flac
CANFOR,Interior Broadleaf Working Group ARU Monitoring 2025 Limited Amplitude Processing,3701,MUS061A-FR-C,492666,2025-06-04 05:12:00,2894217,1SPT,2622043,t,UNSA,Unidentified Sapsucker,SPHYRAPICUS,Aves,160.96,180.00,0.45,1.39kHz,5.15kHz,5259673,1,Call,1,,f,2,Leonard Patterson,2623,,f,-31.77,-32.17,2,0.025371,0.017639,0.031952,-29.91,-61.71,-63.31,2,-0.000003,-0.010406,0.00351,-39.65,-35.08,-35.86,2,0.016855,0.008148,0.024384,-32.26,-59.77,-61.62,2,-0.000002,-0.006287,0.004272,-44.03,t,https://portal.wildtrax.ca/home/aru-tasks/recording.html?taskId=2622043,https://wildtrax-aru.s3-accelerate.amazonaws.com/9a69104a-4ef7-4edd-abdf-97afdb5909b2/d6a8b930190b4e56876a959d03e4f446.jpg,https://wildtrax-aru.s3-accelerate.amazonaws.com/9a69104a-4ef7-4edd-abdf-97afdb5909b2/4de41d09ef5a40c690f51ea8f97ce3d2.flac
CANFOR,Interior Broadleaf Working Group ARU Monitoring 2025 Limited Amplitude Processing,3701,MUS061A-FR-C,492666,2025-06-07 05:10:00,2894219,1SPT,2622045,t,RCKI,Ruby-crowned Kinglet,CORTHYLIO CALENDULA,Aves,8.55,180.00,8.54,1.96kHz,5.10kHz,5260573,1,Song,1,,f,2,Leonard Patterson,2623,,f,-28.59,-35.05,2,0.025174,-0.01944,0.052765,-25.55,-59.17,-66.07,2,0,-0.012299,0.004944,-38.2,-26.91,-39.18,2,0.017093,-0.06665,0.097656,-20.21,-55.76,-64.79,2,0,-0.025055,0.009888,-32.02,t,https://portal.wildtrax.ca/home/aru-tasks/recording.html?taskId=2622045,https://wildtrax-aru.s3-accelerate.amazonaws.com/bb55786e-f00d-4776-85d6-ec74531f7e53/1bc162262b6741469a8918f1ffedc85e.jpg,https://wildtrax-aru.s3-accelerate.amazonaws.com/bb55786e-f00d-4776-85d6-ec74531f7e53/302ddf20e2b04019a540ee6d4f1e8092.flac
CANFOR,Interior Broadleaf Working Group ARU Monitoring 2025 Limited Amplitude Processing,3701,MUS061A-FR-C,492666,2025-06-07 05:10:00,2894219,1SPT,2622045,t,SWTH,Swainson's Thrush,CATHARUS USTULATUS,Aves,29.23,180.00,1.51,0.88kHz,3.91kHz,5260556,1,Song,1,,f,1,Leonard Patterson,2623,,f,-30.45,-33.95,2,0.025198,0.007629,0.041351,-27.67,-56.96,-64.31,2,-0.000002,-0.009247,0.003998,-40.68,-31.4,-38.84,2,0.017531,-0.014832,0.044312,-27.07,-59.77,-63.45,2,-0.000001,-0.009827,0.003082,-40.15,t,https://portal.wildtrax.ca/home/aru-tasks/recording.html?taskId=2622045,https://wildtrax-aru.s3-accelerate.amazonaws.com/bb55786e-f00d-4776-85d6-ec74531f7e53/09942fb19c604bd29a76fe6557038303.jpg,https://wildtrax-aru.s3-accelerate.amazonaws.com/bb55786e-f00d-4776-85d6-ec74531f7e53/a0f1ec3591964d6191ff8b6bc6462d82.flac
CANFOR,Interior Broadleaf Working Group ARU Monitoring 2025 Limited Amplitude Processing,3701,MUS061A-FR-C,492666,2025-06-07 05:10:00,2894219,1SPT,2622045,t,HETH,Hermit Thrush,CATHARUS GUTTATUS,Aves,43.11,180.00,0.73,1.60kHz,3.81kHz,5260559,1,Song,1,,f,1,Leonard Patterson,2623,,f,-30.12,-33.58,2,0.02547,0.011566,0.042755,-27.38,-62.14,-65.8,3,-0.000001,-0.0065,0.003052,-43.74,-30.84,-37.87,2,0.017055,-0.006073,0.044556,-27.02,-61.57,-64.13,2,-0.000001,-0.003571,0.002594,-48.95,t,https://portal.wildtrax.ca/home/aru-tasks/recording.html?taskId=2622045,https://wildtrax-aru.s3-accelerate.amazonaws.com/bb55786e-f00d-4776-85d6-ec74531f7e53/45cb81047d05447489861012014679a2.jpg,https://wildtrax-aru.s3-accelerate.amazonaws.com/bb55786e-f00d-4776-85d6-ec74531f7e53/1b6eae9617f542fa8135045e6e065538.flac
CANFOR,Interior Broadleaf Working Group ARU Monitoring 2025 Limited Amplitude Processing,3701,MUS061A-FR-C,492666,2025-06-07 05:10:00,2894219,1SPT,2622045,t,WTSP,White-throated Sparrow,ZONOTRICHIA ALBICOLLIS,Aves,43.99,180.00,1.03,2.73kHz,3.76kHz,5260576,1,Song,1,,f,1,Leonard Patterson,2623,,f,-31.21,-33.1,2,0.02505,0.012268,0.035583,-28.98,-65.48,-70.1,2,0,-0.002747,0.002563,-51.22,-31.07,-38.92,2,0.016537,-0.00293,0.040588,-27.83,-65.82,-69.13,3,0,-0.00174,0.001709,-55.19,t,https://portal.wildtrax.ca/home/aru-tasks/recording.html?taskId=2622045,https://wildtrax-aru.s3-accelerate.amazonaws.com/bb55786e-f00d-4776-85d6-ec74531f7e53/da8384badf3245adb58b9a96e51005e1.jpg,https://wildtrax-aru.s3-accelerate.amazonaws.com/bb55786e-f00d-4776-85d6-ec74531f7e53/4d8468839b2844dd890008efa6828ade.flac
CANFOR,Interior Broadleaf Working Group ARU Monitoring 2025 Limited Amplitude Processing,3701,MUS061A-FR-C,492666,2025-06-07 05:10:00,2894219,1SPT,2622045,t,SWTH,Swainson's Thrush,CATHARUS USTULATUS,Aves,45.06,180.00,0.75,1.34kHz,3.09kHz,5260558,2,Song,1,,f,1,Leonard Patterson,2623,,f,-31.15,-33.01,2,0.025083,0.012177,0.037842,-28.44,-63.08,-67.03,3,-0.000001,-0.006134,0.00293,-44.25,-33.56,-36.5,2,0.017198,0.000214,0.03775,-28.46,-64.04,-65.92,2,-0.000001,-0.003754,0.002136,-48.51,t,https://portal.wildtrax.ca/home/aru-tasks/recording.html?taskId=2622045,https://wildtrax-aru.s3-accelerate.amazonaws.com/bb55786e-f00d-4776-85d6-ec74531f7e53/02e1192c57c845abb3bffbb28adbebb3.jpg,https://wildtrax-aru.s3-accelerate.amazonaws.com/bb55786e-f00d-4776-85d6-ec74531f7e53/24aabee282ea47ef84b01c88331259b3.flac
CANFOR,Interior Broadleaf Working Group ARU Monitoring 2025 Limited Amplitude Processing,3701,MUS061A-FR-C,492666,2025-06-07 05:10:00,2894219,1SPT,2622045,t,YRWA,Yellow-rumped Warbler,SETOPHAGA CORONATA,Aves,46.41,180.00,1.28,3.14kHz,7.00kHz,5260561,1,Song,1,,f,1,Leonard Patterson,2623,,f,-30.33,-34.17,3,0.025097,0.009735,0.04129,-27.68,-62.53,-64.86,2,0,-0.006287,0.003448,-44.03,-31.41,-36.9,2,0.017441,-0.013397,0.043335,-27.26,-61.01,-63.25,2,0,-0.003998,0.003418,-47.96,t,https://portal.wildtrax.ca/home/aru-tasks/recording.html?taskId=2622045,https://wildtrax-aru.s3-accelerate.amazonaws.com/bb55786e-f00d-4776-85d6-ec74531f7e53/ef7044229b744631a60e45af7424d00c.jpg,https://wildtrax-aru.s3-accelerate.amazonaws.com/bb55786e-f00d-4776-85d6-ec74531f7e53/a4b57409c0ba42c9b591ca9d5b5d6852.flac
CANFOR,Interior Broadleaf Working Group ARU Monitoring 2025 Limited Amplitude Processing,3701,MUS061A-FR-C,492666,2025-06-07 05:10:00,2894219,1SPT,2622045,t,UNWO,Unidentified Woodpecker,"",Aves,52.19,180.00,1.39,0.67kHz,1.85kHz,5260562,1,Non-vocal,1,,f,1,Leonard Patterson,2623,,f,-30.74,-33.41,2,0.0253,0.01297,0.036011,-28.87,-64.19,-67.85,2,-0.000002,-0.007355,0.002747,-42.67,-31.6,-38.42,2,0.017277,-0.009857,0.040619,-27.83,-64.75,-66.9,2,-0.000001,-0.003448,0.001862,-49.25,t,https://portal.wildtrax.ca/home/aru-tasks/recording.html?taskId=2622045,https://wildtrax-aru.s3-accelerate.amazonaws.com/bb55786e-f00d-4776-85d6-ec74531f7e53/fabcda146e0641fd9372c2cdd5d6ca1a.jpg,https://wildtrax-aru.s3-accelerate.amazonaws.com/bb55786e-f00d-4776-85d6-ec74531f7e53/5ffa63dbaa7d46d3a55145958f9f3ca9.flac
CANFOR,Interior Broadleaf Working Group ARU Monitoring 2025 Limited Amplitude Processing,3701,MUS061A-FR-C,492666,2025-06-07 05:10:00,2894219,1SPT,2622045,t,AMBI,American Bittern,BOTAURUS LENTIGINOSUS,Aves,83.84,180.00,5.43,0.00kHz,1.39kHz,5260564,1,Song,1,,f,2,Leonard Patterson,2623,,f,-30.34,-33.43,2,0.025128,0.009094,0.041107,-27.72,-30.35,-33.45,2,0.025128,0.011658,0.038879,-28.21,-31.9,-38.1,2,0.016998,-0.018738,0.04364,-27.2,-31.91,-38.14,4,0.016998,-0.016418,0.040558,-27.84,t,https://portal.wildtrax.ca/home/aru-tasks/recording.html?taskId=2622045,https://wildtrax-aru.s3-accelerate.amazonaws.com/bb55786e-f00d-4776-85d6-ec74531f7e53/a73e481eb7424593be3d068173c99c8b.jpg,https://wildtrax-aru.s3-accelerate.amazonaws.com/bb55786e-f00d-4776-85d6-ec74531f7e53/67ee5484bf6e4ecc9a9d7ebd3415c798.flac
CANFOR,Interior Broadleaf Working Group ARU Monitoring 2025 Limited Amplitude Processing,3701,MUS061A-FR-C,492666,2025-06-07 05:10:00,2894219,1SPT,2622045,t,PAWR,Pacific Wren,TROGLODYTES PACIFICUS,Aves,109.88,180.00,2.96,2.88kHz,7.36kHz,5260565,1,Song,1,,f,1,Leonard Patterson,2623,,f,-29.93,-33.28,2,0.025075,0.011871,0.041595,-27.62,-59.46,-63.95,2,0,-0.008759,0.003754,-41.15,-29.14,-38.56,2,0.017214,-0.023987,0.055939,-25.05,-58.74,-63.06,2,0,-0.0047,0.004181,-46.56,t,https://portal.wildtrax.ca/home/aru-tasks/recording.html?taskId=2622045,https://wildtrax-aru.s3-accelerate.amazonaws.com/bb55786e-f00d-4776-85d6-ec74531f7e53/d1e27cbfc9044511a2c670d90b45ce70.jpg,https://wildtrax-aru.s3-accelerate.amazonaws.com/bb55786e-f00d-4776-85d6-ec74531f7e53/38b65bc9ae5649ffaa026ac637869249.flac
CANFOR,Interior Broadleaf Working Group ARU Monitoring 2025 Limited Amplitude Processing,3701,MUS061A-FR-C,492666,2025-06-07 05:10:00,2894219,1SPT,2622045,t,OSFL,Olive-sided Flycatcher,CONTOPUS COOPERI,Aves,120.61,180.00,0.15,2.58kHz,3.14kHz,5260584,1,Song,1,,f,1,Leonard Patterson,2623,,f,-29.96,-29.96,2,0.031239,0.019409,0.048004,-26.37,-68.69,-68.69,2,-0.000001,-0.002747,0.002747,-51.22,-24.81,-24.81,2,0.003422,-0.092316,0.118378,-18.53,-67.89,-67.89,2,0.000002,-0.003632,0.003876,-48.23,t,https://portal.wildtrax.ca/home/aru-tasks/recording.html?taskId=2622045,https://wildtrax-aru.s3-accelerate.amazonaws.com/bb55786e-f00d-4776-85d6-ec74531f7e53/f5acae46cfae433b93000fd98d60a56f.jpg,https://wildtrax-aru.s3-accelerate.amazonaws.com/bb55786e-f00d-4776-85d6-ec74531f7e53/8712136b95d64af6ab0030fb02af4c53.flac
CANFOR,Interior Broadleaf Working Group ARU Monitoring 2025 Limited Amplitude Processing,3701,MUS061A-FR-C,492666,2025-06-07 05:10:00,2894219,1SPT,2622045,t,PAWA,Palm Warbler,SETOPHAGA PALMARUM,Aves,122.28,180.00,1.11,3.04kHz,4.38kHz,5260585,1,Song,1,,f,1,Leonard Patterson,2623,,f,-29.5,-34.05,2,0.024774,0.00296,0.047729,-26.42,-65.68,-68.66,2,0,-0.00354,0.003357,-49.02,-31.29,-38.18,2,0.017191,-0.033539,0.059418,-24.52,-65.71,-68.09,2,0,-0.002411,0.002167,-52.36,t,https://portal.wildtrax.ca/home/aru-tasks/recording.html?taskId=2622045,https://wildtrax-aru.s3-accelerate.amazonaws.com/bb55786e-f00d-4776-85d6-ec74531f7e53/2108834b89544641a305fecb108501b9.jpg,https://wildtrax-aru.s3-accelerate.amazonaws.com/bb55786e-f00d-4776-85d6-ec74531f7e53/057c272bb53c4e1f944931da5c3cceef.flac
CANFOR,Interior Broadleaf Working Group ARU Monitoring 2025 Limited Amplitude Processing,3701,MUS061A-FR-C,492666,2025-06-07 05:10:00,2894219,1SPT,2622045,t,WETA,Western Tanager,PIRANGA LUDOVICIANA,Aves,123.45,180.00,1.49,1.55kHz,3.86kHz,5260583,1,Song,1,,f,1,Leonard Patterson,2623,,f,-30.16,-33.82,2,0.025055,0.003693,0.052124,-25.66,-60.94,-65.88,2,-0.000001,-0.008911,0.003296,-41,-31.18,-37.7,2,0.017257,-0.010956,0.043579,-27.21,-61.17,-65.05,2,-0.000001,-0.008087,0.004211,-41.84,t,https://portal.wildtrax.ca/home/aru-tasks/recording.html?taskId=2622045,https://wildtrax-aru.s3-accelerate.amazonaws.com/bb55786e-f00d-4776-85d6-ec74531f7e53/ec9bfc009d2c46ea9a38c44b1b1cae7b.jpg,https://wildtrax-aru.s3-accelerate.amazonaws.com/bb55786e-f00d-4776-85d6-ec74531f7e53/51f28298a6594a5d967cac88aa774760.flac
CANFOR,Interior Broadleaf Working Group ARU Monitoring 2025 Limited Amplitude Processing,3701,MUS061A-FR-C,492666,2025-06-07 05:10:00,2894219,1SPT,2622045,t,RUGR,Ruffed Grouse,BONASA UMBELLUS,Aves,149.38,180.00,4.83,0.05kHz,0.72kHz,5260569,1,Non-vocal,1,,f,2,Leonard Patterson,2623,,f,-30.87,-33.09,2,0.02517,0.011261,0.039062,-28.16,-34.66,-36.89,6,-0.016269,-0.024384,-0.008942,-32.26,-32.94,-36.76,2,0.017097,0.00174,0.035706,-28.95,-36.73,-40.58,6,-0.011051,-0.021545,-0.002319,-33.33,t,https://portal.wildtrax.ca/home/aru-tasks/recording.html?taskId=2622045,https://wildtrax-aru.s3-accelerate.amazonaws.com/bb55786e-f00d-4776-85d6-ec74531f7e53/521f0b8947464bfbad8983d2cef157dd.jpg,https://wildtrax-aru.s3-accelerate.amazonaws.com/bb55786e-f00d-4776-85d6-ec74531f7e53/3fba949d95804f9a9cb2dd6895b02b17.flac
CANFOR,Interior Broadleaf Working Group ARU Monitoring 2025 Limited Amplitude Processing,3701,MUS061A-FR-C,492666,2025-06-10 05:09:00,2894218,1SPT,2622044,t,RUGR,Ruffed Grouse,BONASA UMBELLUS,Aves,5.19,180.00,6.00,0.09kHz,0.71kHz,5266888,1,Non-vocal,1,,f,2,Leonard Patterson,2623,,f,-31.45,-32.42,2,0.02527,0.012207,0.036377,-28.78,-38.69,-39.65,2,-0.011008,-0.018433,-0.005341,-34.69,-34.4,-36.04,2,0.01716,0.003113,0.02951,-30.6,-41.61,-43.28,2,-0.007476,-0.014008,-0.00293,-37.07,t,https://portal.wildtrax.ca/home/aru-tasks/recording.html?taskId=2622044,https://wildtrax-aru.s3-accelerate.amazonaws.com/65ae353d-eece-452b-bd1f-f29f0de5752c/bc0d90be76264ac7b64cafd34b16e853.jpg,https://wildtrax-aru.s3-accelerate.amazonaws.com/65ae353d-eece-452b-bd1f-f29f0de5752c/9f68cd133c244ef28e5db480d1277ddc.flac
CANFOR,Interior Broadleaf Working Group ARU Monitoring 2025 Limited Amplitude Processing,3701,MUS061A-FR-C,492666,2025-06-10 05:09:00,2894218,1SPT,2622044,t,SWTH,Swainson's Thrush,CATHARUS USTULATUS,Aves,30.33,180.00,1.00,1.27kHz,4.21kHz,5266901,1,Song,1,,f,2,Leonard Patterson,2623,,f,-31.54,-32.24,2,0.025222,0.016815,0.03363,-29.47,-57.04,-63.32,2,-0.000001,-0.009033,0.004089,-40.88,-34.59,-35.81,2,0.017042,0.007507,0.026367,-31.58,-57.33,-63.75,2,-0.000001,-0.0065,0.004425,-43.74,t,https://portal.wildtrax.ca/home/aru-tasks/recording.html?taskId=2622044,https://wildtrax-aru.s3-accelerate.amazonaws.com/65ae353d-eece-452b-bd1f-f29f0de5752c/ccf7e5d3958c4c26ac46535c151de774.jpg,https://wildtrax-aru.s3-accelerate.amazonaws.com/65ae353d-eece-452b-bd1f-f29f0de5752c/3356f9311e6c4476bc8f31ce92d2716f.flac
CANFOR,Interior Broadleaf Working Group ARU Monitoring 2025 Limited Amplitude Processing,3701,MUS061A-FR-C,492666,2025-06-10 05:09:00,2894218,1SPT,2622044,t,SWTH,Swainson's Thrush,CATHARUS USTULATUS,Aves,31.40,180.00,0.84,1.12kHz,3.74kHz,5266903,2,Song,1,,f,1,Leonard Patterson,2623,,f,-31.69,-32.27,2,0.025235,0.016876,0.03363,-29.47,-57.28,-64.03,2,-0.000002,-0.009033,0.005005,-40.88,-34.85,-35.75,2,0.017092,0.007294,0.026459,-31.55,-59.33,-63.82,2,-0.000001,-0.005737,0.003754,-44.83,t,https://portal.wildtrax.ca/home/aru-tasks/recording.html?taskId=2622044,https://wildtrax-aru.s3-accelerate.amazonaws.com/65ae353d-eece-452b-bd1f-f29f0de5752c/6f5c17a7383e4086951ed52eecc6fe3d.jpg,https://wildtrax-aru.s3-accelerate.amazonaws.com/65ae353d-eece-452b-bd1f-f29f0de5752c/7028b648ee184b4793567287ce4921a4.flac
CANFOR,Interior Broadleaf Working Group ARU Monitoring 2025 Limited Amplitude Processing,3701,MUS061A-FR-C,492666,2025-06-10 05:09:00,2894218,1SPT,2622044,t,RCKI,Ruby-crowned Kinglet,CORTHYLIO CALENDULA,Aves,33.37,180.00,2.41,1.90kHz,4.78kHz,5266911,1,Song,1,,f,2,Leonard Patterson,2623,,f,-31.5,-32.27,2,0.025257,0.016052,0.033752,-29.43,-61.09,-65.96,4,0,-0.006805,0.00296,-43.34,-34.56,-36.01,2,0.017058,0.006165,0.029114,-30.72,-59.68,-64.56,2,0,-0.004181,0.003448,-47.57,t,https://portal.wildtrax.ca/home/aru-tasks/recording.html?taskId=2622044,https://wildtrax-aru.s3-accelerate.amazonaws.com/65ae353d-eece-452b-bd1f-f29f0de5752c/94cf585f05fc4fec99e70d9261ce28e4.jpg,https://wildtrax-aru.s3-accelerate.amazonaws.com/65ae353d-eece-452b-bd1f-f29f0de5752c/80044ea5bef04ceeb3ed408ebae8ada6.flac
CANFOR,Interior Broadleaf Working Group ARU Monitoring 2025 Limited Amplitude Processing,3701,MUS061A-FR-C,492666,2025-06-10 05:09:00,2894218,1SPT,2622044,t,AMRE,American Redstart,SETOPHAGA RUTICILLA,Aves,52.59,180.00,0.96,4.21kHz,7.66kHz,5266896,1,Song,1,,f,2,Leonard Patterson,2623,,f,-31.54,-32.28,2,0.025329,0.017426,0.032623,-29.73,-62.48,-65.53,2,0,-0.005127,0.003479,-45.8,-34.8,-35.78,2,0.017023,0.007965,0.026276,-31.61,-60.41,-64.71,2,0,-0.004578,0.003571,-46.79,t,https://portal.wildtrax.ca/home/aru-tasks/recording.html?taskId=2622044,https://wildtrax-aru.s3-accelerate.amazonaws.com/65ae353d-eece-452b-bd1f-f29f0de5752c/3bcfbbe2cebd4354ae26498aaa9d2a8e.jpg,https://wildtrax-aru.s3-accelerate.amazonaws.com/65ae353d-eece-452b-bd1f-f29f0de5752c/851a25d97d324872abc9cdab27e008a1.flac
CANFOR,Interior Broadleaf Working Group ARU Monitoring 2025 Limited Amplitude Processing,3701,MUS061A-FR-C,492666,2025-06-10 05:09:00,2894218,1SPT,2622044,t,WTSP,White-throated Sparrow,ZONOTRICHIA ALBICOLLIS,Aves,62.02,180.00,1.78,2.51kHz,3.70kHz,5266949,1,Song,1,,f,2,Leonard Patterson,2623,,f,-31.02,-32.5,2,0.025384,0.002808,0.043121,-27.31,-64.72,-69.62,3,0,-0.003448,0.003052,-49.25,-33.92,-36.2,2,0.017174,-0.011871,0.034729,-29.19,-63.56,-68.74,3,0,-0.00235,0.002197,-52.58,t,https://portal.wildtrax.ca/home/aru-tasks/recording.html?taskId=2622044,https://wildtrax-aru.s3-accelerate.amazonaws.com/65ae353d-eece-452b-bd1f-f29f0de5752c/83300a3b9f76403bb9a94901bbe558a3.jpg,https://wildtrax-aru.s3-accelerate.amazonaws.com/65ae353d-eece-452b-bd1f-f29f0de5752c/c0db4fe8cdd247dbb182cd94bd8a208e.flac
CANFOR,Interior Broadleaf Working Group ARU Monitoring 2025 Limited Amplitude Processing,3701,MUS061A-FR-C,492666,2025-06-10 05:09:00,2894218,1SPT,2622044,t,PISI,Pine Siskin,SPINUS PINUS,Aves,68.16,180.00,0.33,3.54kHz,6.32kHz,5266916,1,Song,1,,f,1,Leonard Patterson,2623,,f,-31.75,-32.03,2,0.025451,0.018829,0.031464,-30.04,-65.24,-66.25,2,-0.000001,-0.005676,0.004089,-44.92,-34.94,-35.34,2,0.017261,0.009644,0.024384,-32.26,-64.46,-65.2,2,-0.000001,-0.004059,0.003082,-47.83,t,https://portal.wildtrax.ca/home/aru-tasks/recording.html?taskId=2622044,https://wildtrax-aru.s3-accelerate.amazonaws.com/65ae353d-eece-452b-bd1f-f29f0de5752c/3c82d6e4940b426c82704896ebc19141.jpg,https://wildtrax-aru.s3-accelerate.amazonaws.com/65ae353d-eece-452b-bd1f-f29f0de5752c/a19ef530b85d417e9ce83bbaddc26c98.flac
CANFOR,Interior Broadleaf Working Group ARU Monitoring 2025 Limited Amplitude Processing,3701,MUS061A-FR-C,492666,2025-06-10 05:09:00,2894218,1SPT,2622044,t,WETA,Western Tanager,PIRANGA LUDOVICIANA,Aves,109.80,180.00,2.00,1.57kHz,3.83kHz,5259678,1,Song,1,,f,1,Leonard Patterson,2623,,f,-31.6,-32.17,2,0.025306,0.014771,0.03476,-29.18,-51.74,-64.94,2,0,-0.00708,0.006836,-43,-34.57,-35.8,2,0.017145,0.00592,0.028748,-30.83,-51.12,-63.49,2,0,-0.007751,0.007812,-42.14,t,https://portal.wildtrax.ca/home/aru-tasks/recording.html?taskId=2622044,https://wildtrax-aru.s3-accelerate.amazonaws.com/65ae353d-eece-452b-bd1f-f29f0de5752c/d832007efed844f5af990518dad484c5.jpg,https://wildtrax-aru.s3-accelerate.amazonaws.com/65ae353d-eece-452b-bd1f-f29f0de5752c/67c966368175489c97b90e88e6667d96.flac
CANFOR,Interior Broadleaf Working Group ARU Monitoring 2025 Limited Amplitude Processing,3701,MUS061A-FR-C,492666,2025-06-10 05:09:00,2894218,1SPT,2622044,t,RCKI,Ruby-crowned Kinglet,CORTHYLIO CALENDULA,Aves,118.83,180.00,0.95,2.00kHz,4.78kHz,5266919,2,Song,1,,f,2,Leonard Patterson,2623,,f,-31.61,-32.17,2,0.025327,0.016022,0.032166,-29.85,-62.12,-64.68,2,-0.000001,-0.007477,0.003906,-42.53,-34.67,-35.85,2,0.017215,0.008789,0.026306,-31.6,-60.89,-63.47,2,-0.000001,-0.005798,0.003754,-44.73,t,https://portal.wildtrax.ca/home/aru-tasks/recording.html?taskId=2622044,https://wildtrax-aru.s3-accelerate.amazonaws.com/65ae353d-eece-452b-bd1f-f29f0de5752c/7428c8e89eaa466d89e69237bdb69bbf.jpg,https://wildtrax-aru.s3-accelerate.amazonaws.com/65ae353d-eece-452b-bd1f-f29f0de5752c/0bccd444f59b4b8c9412a53f953c3620.flac
CANFOR,Interior Broadleaf Working Group ARU Monitoring 2025 Limited Amplitude Processing,3701,MUS061A-FR-C,492666,2025-06-10 05:09:00,2894218,1SPT,2622044,t,CHSP,Chipping Sparrow,SPIZELLA PASSERINA,Aves,121.03,180.00,2.24,3.54kHz,5.71kHz,5266924,1,Song,1,,f,2,Leonard Patterson,2623,,f,-31.43,-32.24,2,0.025253,0.014648,0.035614,-28.97,-65.29,-68.48,3,0,-0.003571,0.002838,-48.95,-34.53,-35.91,2,0.017197,0.002167,0.028412,-30.93,-62.21,-66.79,4,0,-0.00351,0.002899,-49.1,t,https://portal.wildtrax.ca/home/aru-tasks/recording.html?taskId=2622044,https://wildtrax-aru.s3-accelerate.amazonaws.com/65ae353d-eece-452b-bd1f-f29f0de5752c/49c59ab2300046d880bf057992c3d487.jpg,https://wildtrax-aru.s3-accelerate.amazonaws.com/65ae353d-eece-452b-bd1f-f29f0de5752c/032da5eab5af41cf8f882195a060b11f.flac
CANFOR,Interior Broadleaf Working Group ARU Monitoring 2025 Limited Amplitude Processing,3701,MUS061A-FR-C,492666,2025-06-10 05:09:00,2894218,1SPT,2622044,t,RBNU,Red-breasted Nuthatch,SITTA CANADENSIS,Aves,175.75,180.00,0.34,2.51kHz,3.85kHz,5266941,1,Song,1,,f,2,Leonard Patterson,2623,,f,-31.86,-32.16,2,0.025166,0.017731,0.031006,-30.17,-65.7,-66.67,2,-0.000001,-0.003052,0.002533,-50.31,-35.02,-35.61,2,0.01712,0.00946,0.023743,-32.49,-63.85,-65.58,2,-0.000001,-0.00238,0.002319,-52.47,t,https://portal.wildtrax.ca/home/aru-tasks/recording.html?taskId=2622044,https://wildtrax-aru.s3-accelerate.amazonaws.com/65ae353d-eece-452b-bd1f-f29f0de5752c/a27cc020f8a64bd18f5ab3af51a677c3.jpg,https://wildtrax-aru.s3-accelerate.amazonaws.com/65ae353d-eece-452b-bd1f-f29f0de5752c/7d816f86f2324f61b4f80ebd940378a7.flac
CANFOR,Interior Broadleaf Working Group ARU Monitoring 2025 Limited Amplitude Processing,3701,MUS061A-FR-C,492666,2025-06-10 05:09:00,2894218,1SPT,2622044,t,HETH,Hermit Thrush,CATHARUS GUTTATUS,Aves,177.99,180.00,0.45,3.13kHz,4.32kHz,5266938,1,Call,1,,f,2,Leonard Patterson,2623,,f,-31.77,-32.06,2,0.025395,0.018341,0.031403,-30.06,-65.58,-69.14,2,-0.000001,-0.00351,0.003357,-49.1,-34.87,-35.58,2,0.017105,0.008881,0.025146,-31.99,-63.32,-67.58,2,0,-0.002655,0.002777,-51.13,t,https://portal.wildtrax.ca/home/aru-tasks/recording.html?taskId=2622044,https://wildtrax-aru.s3-accelerate.amazonaws.com/65ae353d-eece-452b-bd1f-f29f0de5752c/0911c4f814dd4d55bab818233f8d941b.jpg,https://wildtrax-aru.s3-accelerate.amazonaws.com/65ae353d-eece-452b-bd1f-f29f0de5752c/73827c507e4849c3bb92555ba9dcb3c5.flac
CANFOR,Interior Broadleaf Working Group ARU Monitoring 2025 Limited Amplitude Processing,3701,MUS061A-HR-C,492674,2024-06-07 05:10:00,2757400,1SPT,3174362,t,WAVI,Warbling Vireo,VIREO GILVUS,Aves,8.45,180.00,0.84,1.51kHz,3.21kHz,5591335,1,Song,1,,f,1,Leonard Patterson,2623,,f,-44.65,-50.36,2,-0.002468,-0.020996,0.006805,-33.56,-57.36,-60.23,2,0,-0.004639,0.004822,-46.34,-32.24,-35.29,2,0.019515,-0.009094,0.03656,-28.74,-55.82,-58.33,2,-0.000001,-0.004852,0.005005,-46.01,t,https://portal.wildtrax.ca/home/aru-tasks/recording.html?taskId=3174362,https://wildtrax-aru.s3-accelerate.amazonaws.com/57f38089-0eeb-48a8-bc43-4fe68eddc798/dc25e4868e4149ec9f7eeb4a274b86b5.jpg,https://wildtrax-aru.s3-accelerate.amazonaws.com/57f38089-0eeb-48a8-bc43-4fe68eddc798/31c721827bf74459ad97228261d3eaa2.flac
CANFOR,Interior Broadleaf Working Group ARU Monitoring 2025 Limited Amplitude Processing,3701,MUS061A-HR-C,492674,2025-06-04 05:12:00,2894220,1SPT,2622046,t,RUGR,Ruffed Grouse,BONASA UMBELLUS,Aves,0.08,180.00,3.04,0.05kHz,0.82kHz,5260586,1,Non-vocal,1,,f,2,Leonard Patterson,2623,,f,-29.45,-33.82,2,0.021614,-0.024872,0.067749,-23.38,-33.14,-37.63,3,-0.013971,-0.043091,0.015656,-27.31,-27.74,-32.53,2,0.025079,-0.029236,0.082184,-21.7,-31.43,-36.34,3,-0.016212,-0.053345,0.017944,-25.46,t,https://portal.wildtrax.ca/home/aru-tasks/recording.html?taskId=2622046,https://wildtrax-aru.s3-accelerate.amazonaws.com/3e10e469-b4bd-4dda-b0c4-2697ff97fd15/7d9bc0aa57fc4796b21a5651b988a146.jpg,https://wildtrax-aru.s3-accelerate.amazonaws.com/3e10e469-b4bd-4dda-b0c4-2697ff97fd15/431e2ae4d97044e0bebe8317e169ccef.flac
CANFOR,Interior Broadleaf Working Group ARU Monitoring 2025 Limited Amplitude Processing,3701,MUS061A-HR-C,492674,2025-06-04 05:12:00,2894220,1SPT,2622046,t,REDP,Redpoll,ACANTHIS FLAMMEA,Aves,1.85,180.00,0.66,2.35kHz,4.31kHz,5260678,1,Call,1,,f,2,Leonard Patterson,2623,,t,-30.43,-33.57,2,0.021284,-0.020966,0.065704,-23.65,-65.34,-67.39,2,0,-0.003998,0.002899,-47.96,-28.71,-32.42,2,0.024607,-0.024567,0.078857,-22.06,-64.71,-66.92,2,-0.000001,-0.005005,0.003754,-46.01,t,https://portal.wildtrax.ca/home/aru-tasks/recording.html?taskId=2622046,https://wildtrax-aru.s3-accelerate.amazonaws.com/3e10e469-b4bd-4dda-b0c4-2697ff97fd15/164f897294664bf9b642cccd1f4021eb.jpg,https://wildtrax-aru.s3-accelerate.amazonaws.com/3e10e469-b4bd-4dda-b0c4-2697ff97fd15/050c36fab10544329cfac4c452ec07ed.flac
CANFOR,Interior Broadleaf Working Group ARU Monitoring 2025 Limited Amplitude Processing,3701,MUS061A-HR-C,492674,2025-06-04 05:12:00,2894220,1SPT,2622046,t,LISP,Lincoln's Sparrow,MELOSPIZA LINCOLNII,Aves,6.41,180.00,1.40,1.55kHz,6.95kHz,5260587,1,Song,1,,f,1,Leonard Patterson,2623,,f,-32.84,-33.63,2,0.021714,0.010468,0.033112,-29.6,-51.79,-59.38,2,-0.000001,-0.01004,0.010956,-39.21,-31.51,-32.58,2,0.025151,0.011078,0.037994,-28.41,-50.78,-58.24,2,-0.000001,-0.011475,0.010315,-38.81,t,https://portal.wildtrax.ca/home/aru-tasks/recording.html?taskId=2622046,https://wildtrax-aru.s3-accelerate.amazonaws.com/3e10e469-b4bd-4dda-b0c4-2697ff97fd15/57f4d430fd3d41978fce5c5d4e1da0dd.jpg,https://wildtrax-aru.s3-accelerate.amazonaws.com/3e10e469-b4bd-4dda-b0c4-2697ff97fd15/5f9f0daecdce4a9e86143908cab6219f.flac
CANFOR,Interior Broadleaf Working Group ARU Monitoring 2025 Limited Amplitude Processing,3701,MUS061A-HR-C,492674,2025-06-04 05:12:00,2894220,1SPT,2622046,t,HETH,Hermit Thrush,CATHARUS GUTTATUS,Aves,13.06,180.00,1.35,1.60kHz,4.17kHz,5260588,1,Song,1,,f,2,Leonard Patterson,2623,,f,-32.7,-33.8,2,0.021595,0.006531,0.035828,-28.92,-45.4,-63.6,2,-0.000001,-0.012939,0.013062,-37.68,-31.41,-32.54,2,0.025138,0.004822,0.042175,-27.5,-43.77,-62.76,2,-0.000001,-0.016571,0.016052,-35.61,t,https://portal.wildtrax.ca/home/aru-tasks/recording.html?taskId=2622046,https://wildtrax-aru.s3-accelerate.amazonaws.com/3e10e469-b4bd-4dda-b0c4-2697ff97fd15/957ba6a084ff4a0fa40b809e41c63d27.jpg,https://wildtrax-aru.s3-accelerate.amazonaws.com/3e10e469-b4bd-4dda-b0c4-2697ff97fd15/da857f35dd4c41f4b2fc6fd338cda384.flac
CANFOR,Interior Broadleaf Working Group ARU Monitoring 2025 Limited Amplitude Processing,3701,MUS061A-HR-C,492674,2025-06-04 05:12:00,2894220,1SPT,2622046,t,DEJU,Dark-eyed Junco,JUNCO HYEMALIS,Aves,16.46,180.00,1.69,2.58kHz,7.11kHz,5260590,1,Song,1,,f,2,Leonard Patterson,2623,,f,-32.66,-33.62,2,0.021702,0.00708,0.037018,-28.63,-50.01,-61.38,2,0,-0.011536,0.012085,-38.36,-31.3,-32.42,2,0.025246,0.010315,0.0466,-26.63,-48.35,-60.58,2,0,-0.015289,0.013702,-36.31,t,https://portal.wildtrax.ca/home/aru-tasks/recording.html?taskId=2622046,https://wildtrax-aru.s3-accelerate.amazonaws.com/3e10e469-b4bd-4dda-b0c4-2697ff97fd15/3e2a5561e46141c5aae6309529ccffaa.jpg,https://wildtrax-aru.s3-accelerate.amazonaws.com/3e10e469-b4bd-4dda-b0c4-2697ff97fd15/a7608273840546b9873d391106683e05.flac
CANFOR,Interior Broadleaf Working Group ARU Monitoring 2025 Limited Amplitude Processing,3701,MUS061A-HR-C,492674,2025-06-04 05:12:00,2894220,1SPT,2622046,t,AMRO,American Robin,TURDUS MIGRATORIUS,Aves,34.06,180.00,0.66,1.53kHz,4.00kHz,5260679,1,Call,1,,f,2,Leonard Patterson,2623,,f,-32.83,-33.48,2,0.021652,0.011902,0.031677,-29.99,-55.72,-64.7,2,-0.000002,-0.006561,0.005615,-43.66,-31.46,-32.24,2,0.025041,0.014404,0.037659,-28.48,-55.02,-64.34,2,-0.000002,-0.007568,0.006561,-42.42,t,https://portal.wildtrax.ca/home/aru-tasks/recording.html?taskId=2622046,https://wildtrax-aru.s3-accelerate.amazonaws.com/3e10e469-b4bd-4dda-b0c4-2697ff97fd15/15a0594b8c7248a78eb3fc74af9cbd4f.jpg,https://wildtrax-aru.s3-accelerate.amazonaws.com/3e10e469-b4bd-4dda-b0c4-2697ff97fd15/76935f95141f42e9bc80d8b24c79e9c5.flac
CANFOR,Interior Broadleaf Working Group ARU Monitoring 2025 Limited Amplitude Processing,3701,MUS061A-HR-C,492674,2025-06-04 05:12:00,2894220,1SPT,2622046,t,HETH,Hermit Thrush,CATHARUS GUTTATUS,Aves,43.88,180.00,0.86,3.50kHz,6.85kHz,5260591,2,Song,1,,f,1,Leonard Patterson,2623,,f,-32.74,-33.77,2,0.021549,0.011475,0.031647,-29.99,-51.75,-63.14,2,0,-0.009644,0.009094,-40.32,-31.49,-32.32,2,0.025098,0.014343,0.037048,-28.62,-52.1,-62.5,2,0,-0.008423,0.007782,-41.49,t,https://portal.wildtrax.ca/home/aru-tasks/recording.html?taskId=2622046,https://wildtrax-aru.s3-accelerate.amazonaws.com/3e10e469-b4bd-4dda-b0c4-2697ff97fd15/d6f60db999d34d4895ffddfb47eb3fa8.jpg,https://wildtrax-aru.s3-accelerate.amazonaws.com/3e10e469-b4bd-4dda-b0c4-2697ff97fd15/eb9a336e12bd46e8be32d4af7ddfff47.flac
CANFOR,Interior Broadleaf Working Group ARU Monitoring 2025 Limited Amplitude Processing,3701,MUS061A-HR-C,492674,2025-06-04 05:12:00,2894220,1SPT,2622046,t,HAWO,Hairy Woodpecker,DRYOBATES VILLOSUS,Aves,44.75,180.00,0.21,1.08kHz,5.20kHz,5260595,1,Call,1,,f,1,Leonard Patterson,2623,,f,-33.16,-33.16,2,0.021697,0.005768,0.035339,-29.03,-52.22,-52.22,2,-0.000006,-0.012024,0.01358,-37.34,-31.76,-31.76,2,0.025369,0.006653,0.045013,-26.93,-49.65,-49.65,2,-0.000008,-0.016296,0.017517,-35.13,t,https://portal.wildtrax.ca/home/aru-tasks/recording.html?taskId=2622046,https://wildtrax-aru.s3-accelerate.amazonaws.com/3e10e469-b4bd-4dda-b0c4-2697ff97fd15/b26fcc21f9eb4842a58a5cefae38ebef.jpg,https://wildtrax-aru.s3-accelerate.amazonaws.com/3e10e469-b4bd-4dda-b0c4-2697ff97fd15/df86d4fcfa7a4a289711e8c32cab6faa.flac
CANFOR,Interior Broadleaf Working Group ARU Monitoring 2025 Limited Amplitude Processing,3701,MUS061A-HR-C,492674,2025-06-04 05:12:00,2894220,1SPT,2622046,t,LISP,Lincoln's Sparrow,MELOSPIZA LINCOLNII,Aves,58.80,180.00,2.28,1.13kHz,4.43kHz,5260632,2,Song,1,,f,2,Leonard Patterson,2623,,f,-32.84,-33.88,3,0.021525,0.012024,0.03125,-30.1,-60.08,-63.66,2,-0.000001,-0.007904,0.004059,-42.04,-30.99,-32.7,2,0.025065,0.013519,0.037689,-28.48,-59.46,-64.02,2,-0.000001,-0.010742,0.004028,-39.38,t,https://portal.wildtrax.ca/home/aru-tasks/recording.html?taskId=2622046,https://wildtrax-aru.s3-accelerate.amazonaws.com/3e10e469-b4bd-4dda-b0c4-2697ff97fd15/96957d966fc840d0949fd698d090872a.jpg,https://wildtrax-aru.s3-accelerate.amazonaws.com/3e10e469-b4bd-4dda-b0c4-2697ff97fd15/29a87157edbb43658d27fac81c87c378.flac
CANFOR,Interior Broadleaf Working Group ARU Monitoring 2025 Limited Amplitude Processing,3701,MUS061A-HR-C,492674,2025-06-04 05:12:00,2894220,1SPT,2622046,t,CHSP,Chipping Sparrow,SPIZELLA PASSERINA,Aves,60.89,180.00,3.06,3.71kHz,5.92kHz,5260592,1,Song,1,,f,2,Leonard Patterson,2623,,f,-32.18,-34,2,0.021552,0.007172,0.036499,-28.75,-56.26,-60.35,2,0,-0.006989,0.006897,-43.11,-31.22,-32.56,2,0.025096,0.008362,0.043213,-27.29,-53.61,-58.01,2,0,-0.00882,0.008514,-41.09,t,https://portal.wildtrax.ca/home/aru-tasks/recording.html?taskId=2622046,https://wildtrax-aru.s3-accelerate.amazonaws.com/3e10e469-b4bd-4dda-b0c4-2697ff97fd15/212133ee23f140749ff253692c17ef34.jpg,https://wildtrax-aru.s3-accelerate.amazonaws.com/3e10e469-b4bd-4dda-b0c4-2697ff97fd15/1a59850805b340ad862f47029ae3be7c.flac
CANFOR,Interior Broadleaf Working Group ARU Monitoring 2025 Limited Amplitude Processing,3701,MUS061A-HR-C,492674,2025-06-04 05:12:00,2894220,1SPT,2622046,t,OCWA,Orange-crowned Warbler,LEIOTHLYPIS CELATA,Aves,68.91,180.00,1.76,2.68kHz,6.03kHz,5260638,1,Song,1,,f,2,Leonard Patterson,2623,,f,-32.86,-33.68,2,0.021616,0.012695,0.029388,-30.64,-61.89,-65.41,2,0,-0.006226,0.003693,-44.12,-31.28,-32.59,2,0.025125,0.015045,0.03479,-29.17,-59.17,-64.67,2,0,-0.008331,0.005524,-41.59,t,https://portal.wildtrax.ca/home/aru-tasks/recording.html?taskId=2622046,https://wildtrax-aru.s3-accelerate.amazonaws.com/3e10e469-b4bd-4dda-b0c4-2697ff97fd15/202c35399c344403a6ad8c3102c50dc3.jpg,https://wildtrax-aru.s3-accelerate.amazonaws.com/3e10e469-b4bd-4dda-b0c4-2697ff97fd15/c4cbf8dfc5a74fa68dba1a75568d7646.flac
CANFOR,Interior Broadleaf Working Group ARU Monitoring 2025 Limited Amplitude Processing,3701,MUS061A-HR-C,492674,2025-06-04 05:12:00,2894220,1SPT,2622046,t,DEJU,Dark-eyed Junco,JUNCO HYEMALIS,Aves,89.66,180.00,1.60,3.19kHz,5.92kHz,5260642,2,Song,1,,f,2,Leonard Patterson,2623,,f,-32.73,-33.69,2,0.021634,0.012268,0.031311,-30.09,-62.31,-65.04,2,0,-0.003815,0.003021,-48.37,-31.36,-32.56,2,0.025067,0.014923,0.036163,-28.83,-59.72,-64.31,2,0,-0.005768,0.004944,-44.78,t,https://portal.wildtrax.ca/home/aru-tasks/recording.html?taskId=2622046,https://wildtrax-aru.s3-accelerate.amazonaws.com/3e10e469-b4bd-4dda-b0c4-2697ff97fd15/10596be02e24427da340b1f3bcfa6b5c.jpg,https://wildtrax-aru.s3-accelerate.amazonaws.com/3e10e469-b4bd-4dda-b0c4-2697ff97fd15/e44942985b504a9ebf3ff720efb6746e.flac
CANFOR,Interior Broadleaf Working Group ARU Monitoring 2025 Limited Amplitude Processing,3701,MUS061A-HR-C,492674,2025-06-04 05:12:00,2894220,1SPT,2622046,t,WTSP,White-throated Sparrow,ZONOTRICHIA ALBICOLLIS,Aves,173.43,180.00,3.10,3.45kHz,5.72kHz,5260647,1,Song,1,,f,1,Leonard Patterson,2623,,f,-32.52,-33.99,2,0.02141,0.004578,0.036835,-28.67,-45.15,-65.38,2,0,-0.012329,0.012512,-38.05,-31.07,-32.53,2,0.025146,0.006439,0.04245,-27.44,-47.93,-63.98,2,0,-0.009003,0.008667,-40.91,t,https://portal.wildtrax.ca/home/aru-tasks/recording.html?taskId=2622046,https://wildtrax-aru.s3-accelerate.amazonaws.com/3e10e469-b4bd-4dda-b0c4-2697ff97fd15/1a7f95c133134d048a40024d5f6111cd.jpg,https://wildtrax-aru.s3-accelerate.amazonaws.com/3e10e469-b4bd-4dda-b0c4-2697ff97fd15/6c20d7bc97794c05aa0696b3ce3ce832.flac
CANFOR,Interior Broadleaf Working Group ARU Monitoring 2025 Limited Amplitude Processing,3701,MUS061A-HR-C,492674,2025-06-07 05:10:00,2894221,1SPT,2622047,t,UNSA,Unidentified Sapsucker,SPHYRAPICUS,Aves,2.15,180.00,0.54,0.10kHz,8.24kHz,5260652,1,Call,1,,f,2,Leonard Patterson,2623,,f,-32.79,-33.7,2,0.021597,0.008789,0.034637,-29.21,-41.44,-42.43,2,-0.007804,-0.019287,0.00412,-34.29,-31.17,-32.38,2,0.024967,0.005554,0.045868,-26.77,-39.74,-41.09,2,-0.009022,-0.027679,0.009796,-31.16,t,https://portal.wildtrax.ca/home/aru-tasks/recording.html?taskId=2622047,https://wildtrax-aru.s3-accelerate.amazonaws.com/ddfcc8ab-f59a-4188-9e34-6417a516e6a9/4cb1f0003caf42bdb994f4414350cfae.jpg,https://wildtrax-aru.s3-accelerate.amazonaws.com/ddfcc8ab-f59a-4188-9e34-6417a516e6a9/de053eb33f0048fcb586fcd953aa6b8c.flac
CANFOR,Interior Broadleaf Working Group ARU Monitoring 2025 Limited Amplitude Processing,3701,MUS061A-HR-C,492674,2025-06-07 05:10:00,2894221,1SPT,2622047,t,DEJU,Dark-eyed Junco,JUNCO HYEMALIS,Aves,4.83,180.00,1.94,2.01kHz,6.64kHz,5260655,1,Song,1,,f,1,Leonard Patterson,2623,,f,-32.41,-34.17,2,0.021612,0.002441,0.03717,-28.6,-48.81,-57.88,2,0,-0.012177,0.012115,-38.29,-30.04,-33.23,2,0.025075,0.002289,0.047485,-26.47,-48.19,-56.93,3,0,-0.01358,0.014221,-36.94,t,https://portal.wildtrax.ca/home/aru-tasks/recording.html?taskId=2622047,https://wildtrax-aru.s3-accelerate.amazonaws.com/ddfcc8ab-f59a-4188-9e34-6417a516e6a9/7ecd9be5a8e84fd79b1292ea82db6bc1.jpg,https://wildtrax-aru.s3-accelerate.amazonaws.com/ddfcc8ab-f59a-4188-9e34-6417a516e6a9/ebe2afb2d92245d496b4b9282aae9fc9.flac
CANFOR,Interior Broadleaf Working Group ARU Monitoring 2025 Limited Amplitude Processing,3701,MUS061A-HR-C,492674,2025-06-07 05:10:00,2894221,1SPT,2622047,t,AMRO,American Robin,TURDUS MIGRATORIUS,Aves,7.37,180.00,1.43,1.38kHz,3.23kHz,5260676,1,Song,1,,f,2,Leonard Patterson,2623,,f,-32.15,-34.19,2,0.021739,0.010834,0.035339,-29.03,-63.89,-67.25,2,-0.000001,-0.006134,0.003174,-44.25,-30.71,-32.92,2,0.025157,0.010529,0.039886,-27.98,-63.8,-67.34,2,-0.000001,-0.006989,0.003418,-43.11,t,https://portal.wildtrax.ca/home/aru-tasks/recording.html?taskId=2622047,https://wildtrax-aru.s3-accelerate.amazonaws.com/ddfcc8ab-f59a-4188-9e34-6417a516e6a9/551e3310b0454d84ab7bcc5f59cb1e4c.jpg,https://wildtrax-aru.s3-accelerate.amazonaws.com/ddfcc8ab-f59a-4188-9e34-6417a516e6a9/37c90e12920e443ca19ec9f4dcfd8c73.flac
CANFOR,Interior Broadleaf Working Group ARU Monitoring 2025 Limited Amplitude Processing,3701,MUS061A-HR-C,492674,2025-06-07 05:10:00,2894221,1SPT,2622047,t,OCWA,Orange-crowned Warbler,LEIOTHLYPIS CELATA,Aves,9.20,180.00,1.48,3.55kHz,5.87kHz,5260656,1,Song,1,,f,2,Leonard Patterson,2623,,f,-32.26,-33.98,2,0.021557,0.008911,0.033386,-29.53,-55.8,-64.13,2,0,-0.006409,0.006744,-43.42,-30.71,-33.01,2,0.025134,0.010864,0.039093,-28.16,-54.5,-64.63,2,0,-0.006805,0.006439,-43.34,t,https://portal.wildtrax.ca/home/aru-tasks/recording.html?taskId=2622047,https://wildtrax-aru.s3-accelerate.amazonaws.com/ddfcc8ab-f59a-4188-9e34-6417a516e6a9/daf5bd12a5c144fb9ae292f4c9dd030a.jpg,https://wildtrax-aru.s3-accelerate.amazonaws.com/ddfcc8ab-f59a-4188-9e34-6417a516e6a9/001ce718c4b14fe79057a21c7aa3d3dc.flac
CANFOR,Interior Broadleaf Working Group ARU Monitoring 2025 Limited Amplitude Processing,3701,MUS061A-HR-C,492674,2025-06-07 05:10:00,2894221,1SPT,2622047,t,MGWA,MacGillivray's Warbler,GEOTHLYPIS TOLMIEI,Aves,17.15,180.00,1.56,1.39kHz,6.44kHz,5260660,1,Song,1,,f,1,Leonard Patterson,2623,,t,-32.48,-34,2,0.021682,0.012085,0.032623,-29.73,-59.15,-62.71,2,-0.000001,-0.009796,0.003876,-40.18,-31.08,-32.8,2,0.025127,0.013428,0.036102,-28.85,-59.33,-62.62,2,-0.000001,-0.009552,0.003998,-40.4,t,https://portal.wildtrax.ca/home/aru-tasks/recording.html?taskId=2622047,https://wildtrax-aru.s3-accelerate.amazonaws.com/ddfcc8ab-f59a-4188-9e34-6417a516e6a9/3594973981814387a95734aba1be5f8c.jpg,https://wildtrax-aru.s3-accelerate.amazonaws.com/ddfcc8ab-f59a-4188-9e34-6417a516e6a9/597fc25798504b9884cfcf031e9414db.flac
CANFOR,Interior Broadleaf Working Group ARU Monitoring 2025 Limited Amplitude Processing,3701,MUS061A-HR-C,492674,2025-06-07 05:10:00,2894221,1SPT,2622047,t,DEJU,Dark-eyed Junco,JUNCO HYEMALIS,Aves,30.30,180.00,1.00,2.68kHz,4.69kHz,5260661,2,Song,1,,f,1,Leonard Patterson,2623,,f,-32.62,-33.83,2,0.021454,0.012634,0.032013,-29.89,-62.57,-66.43,2,0,-0.004364,0.003784,-47.2,-31.29,-32.5,2,0.025007,0.014862,0.03949,-28.07,-63.49,-66.3,2,0,-0.004517,0.003448,-46.9,t,https://portal.wildtrax.ca/home/aru-tasks/recording.html?taskId=2622047,https://wildtrax-aru.s3-accelerate.amazonaws.com/ddfcc8ab-f59a-4188-9e34-6417a516e6a9/058911f925fe49fa88e58511f5a9963e.jpg,https://wildtrax-aru.s3-accelerate.amazonaws.com/ddfcc8ab-f59a-4188-9e34-6417a516e6a9/a448705bc2244eac9613b3bda2378b10.flac
CANFOR,Interior Broadleaf Working Group ARU Monitoring 2025 Limited Amplitude Processing,3701,MUS061A-HR-C,492674,2025-06-07 05:10:00,2894221,1SPT,2622047,t,AMRE,American Redstart,SETOPHAGA RUTICILLA,Aves,33.29,180.00,0.76,4.02kHz,7.73kHz,5260662,1,Song,1,,f,2,Leonard Patterson,2623,,f,-32.47,-33.6,2,0.021627,0.00824,0.036987,-28.64,-59.04,-63.62,2,0,-0.00415,0.003906,-47.64,-30.99,-32.96,2,0.025235,0.012268,0.044434,-27.05,-59.26,-63.86,2,-0.000001,-0.00705,0.00412,-43.04,t,https://portal.wildtrax.ca/home/aru-tasks/recording.html?taskId=2622047,https://wildtrax-aru.s3-accelerate.amazonaws.com/ddfcc8ab-f59a-4188-9e34-6417a516e6a9/e65ca2f1651e41cfae546fc1f62ccaa0.jpg,https://wildtrax-aru.s3-accelerate.amazonaws.com/ddfcc8ab-f59a-4188-9e34-6417a516e6a9/feb266a53bad4717b29be7aa2261e48b.flac
CANFOR,Interior Broadleaf Working Group ARU Monitoring 2025 Limited Amplitude Processing,3701,MUS061A-HR-C,492674,2025-06-07 05:10:00,2894221,1SPT,2622047,t,RUGR,Ruffed Grouse,BONASA UMBELLUS,Aves,50.01,180.00,4.15,0.00kHz,0.62kHz,5260663,1,Non-vocal,1,,f,2,Leonard Patterson,2623,,f,-30.2,-34.01,2,0.021673,-0.023285,0.063599,-23.93,-30.21,-34.02,6,0.021672,-0.020691,0.059998,-24.44,-28.15,-32.95,2,0.025144,-0.029694,0.077911,-22.17,-28.16,-32.97,12,0.025144,-0.026947,0.073944,-22.62,t,https://portal.wildtrax.ca/home/aru-tasks/recording.html?taskId=2622047,https://wildtrax-aru.s3-accelerate.amazonaws.com/ddfcc8ab-f59a-4188-9e34-6417a516e6a9/a5fde516b3704bc0b4d6052062a54331.jpg,https://wildtrax-aru.s3-accelerate.amazonaws.com/ddfcc8ab-f59a-4188-9e34-6417a516e6a9/af21e269791e47258457fc10c1cb3b05.flac
CANFOR,Interior Broadleaf Working Group ARU Monitoring 2025 Limited Amplitude Processing,3701,MUS061A-HR-C,492674,2025-06-07 05:10:00,2894221,1SPT,2622047,t,WTSP,White-throated Sparrow,ZONOTRICHIA ALBICOLLIS,Aves,57.51,180.00,0.91,2.01kHz,2.73kHz,5260675,1,Song,1,,f,1,Leonard Patterson,2623,,f,-32.6,-33.86,2,0.021627,0.001221,0.036102,-28.85,-65.5,-70.07,2,0,-0.002319,0.002075,-52.69,-30.96,-32.75,2,0.024972,-0.000031,0.041626,-27.61,-67.15,-71.1,2,0,-0.002808,0.002563,-51.03,t,https://portal.wildtrax.ca/home/aru-tasks/recording.html?taskId=2622047,https://wildtrax-aru.s3-accelerate.amazonaws.com/ddfcc8ab-f59a-4188-9e34-6417a516e6a9/c313f1eed70842d4b9dc7ce2f63d4758.jpg,https://wildtrax-aru.s3-accelerate.amazonaws.com/ddfcc8ab-f59a-4188-9e34-6417a516e6a9/b271b9cd196c47abb249b6a004f2552c.flac
CANFOR,Interior Broadleaf Working Group ARU Monitoring 2025 Limited Amplitude Processing,3701,MUS061A-HR-C,492674,2025-06-07 05:10:00,2894221,1SPT,2622047,t,HAWO,Hairy Woodpecker,DRYOBATES VILLOSUS,Aves,58.76,180.00,0.19,1.91kHz,5.15kHz,5260664,1,Call,1,,f,1,Leonard Patterson,2623,,f,-33.08,-33.08,2,0.021686,0.00238,0.035706,-28.95,-60.6,-60.6,2,-0.000005,-0.007416,0.003967,-42.6,-31.84,-31.84,2,0.024898,0.001526,0.040863,-27.77,-58.77,-58.77,2,-0.000004,-0.007721,0.007782,-42.18,t,https://portal.wildtrax.ca/home/aru-tasks/recording.html?taskId=2622047,https://wildtrax-aru.s3-accelerate.amazonaws.com/ddfcc8ab-f59a-4188-9e34-6417a516e6a9/b1ad378a51ec459b8722dff10ede516e.jpg,https://wildtrax-aru.s3-accelerate.amazonaws.com/ddfcc8ab-f59a-4188-9e34-6417a516e6a9/d99b13cfb0b345b9b3499b93aae59fa0.flac
CANFOR,Interior Broadleaf Working Group ARU Monitoring 2025 Limited Amplitude Processing,3701,MUS061A-HR-C,492674,2025-06-07 05:10:00,2894221,1SPT,2622047,t,WTSP,White-throated Sparrow,ZONOTRICHIA ALBICOLLIS,Aves,83.04,180.00,2.54,3.19kHz,3.97kHz,5260674,2,Song,1,,f,1,Leonard Patterson,2623,,f,-32.23,-33.93,3,0.021628,0.010101,0.036346,-28.79,-57.17,-69.01,3,0,-0.003906,0.003998,-47.96,-31.13,-32.71,3,0.025232,0.011627,0.038696,-28.25,-60,-69.1,2,0,-0.002594,0.002747,-51.22,t,https://portal.wildtrax.ca/home/aru-tasks/recording.html?taskId=2622047,https://wildtrax-aru.s3-accelerate.amazonaws.com/ddfcc8ab-f59a-4188-9e34-6417a516e6a9/9f974156ebcf4d3086cea99d8c8802c5.jpg,https://wildtrax-aru.s3-accelerate.amazonaws.com/ddfcc8ab-f59a-4188-9e34-6417a516e6a9/95b95473005041ae8ab8a85184af460f.flac
CANFOR,Interior Broadleaf Working Group ARU Monitoring 2025 Limited Amplitude Processing,3701,MUS061A-HR-C,492674,2025-06-07 05:10:00,2894221,1SPT,2622047,t,WAVI,Warbling Vireo,VIREO GILVUS,Aves,86.40,180.00,1.18,3.04kHz,4.94kHz,5260666,1,Song,1,,f,1,Leonard Patterson,2623,,f,-32.43,-34.36,2,0.02154,0.009247,0.035339,-29.03,-61.57,-67.53,2,0,-0.002808,0.00296,-50.57,-30.74,-33.15,2,0.025139,0.009644,0.039948,-27.97,-62.37,-67.16,3,0,-0.003815,0.003296,-48.37,t,https://portal.wildtrax.ca/home/aru-tasks/recording.html?taskId=2622047,https://wildtrax-aru.s3-accelerate.amazonaws.com/ddfcc8ab-f59a-4188-9e34-6417a516e6a9/a6d521eaac67456bad94dd4c20376378.jpg,https://wildtrax-aru.s3-accelerate.amazonaws.com/ddfcc8ab-f59a-4188-9e34-6417a516e6a9/82fd5caaad014cbe876f109d5932256a.flac
CANFOR,Interior Broadleaf Working Group ARU Monitoring 2025 Limited Amplitude Processing,3701,MUS061A-HR-C,492674,2025-06-07 05:10:00,2894221,1SPT,2622047,t,LISP,Lincoln's Sparrow,MELOSPIZA LINCOLNII,Aves,88.18,180.00,1.61,1.13kHz,6.59kHz,5260658,1,Song,1,,f,2,Leonard Patterson,2623,,f,-32.4,-33.97,2,0.021601,0.010559,0.034515,-29.24,-54.2,-60.6,3,-0.000001,-0.007721,0.00647,-42.25,-30.87,-32.73,2,0.025224,0.009674,0.04071,-27.81,-52.98,-60.3,2,-0.000001,-0.009766,0.008301,-40.21,t,https://portal.wildtrax.ca/home/aru-tasks/recording.html?taskId=2622047,https://wildtrax-aru.s3-accelerate.amazonaws.com/ddfcc8ab-f59a-4188-9e34-6417a516e6a9/3f4ae0af229d432b92b7c84c99676b4b.jpg,https://wildtrax-aru.s3-accelerate.amazonaws.com/ddfcc8ab-f59a-4188-9e34-6417a516e6a9/3f13cfca3dcf488c8d0359165465cdcb.flac
CANFOR,Interior Broadleaf Working Group ARU Monitoring 2025 Limited Amplitude Processing,3701,MUS061A-HR-C,492674,2025-06-07 05:10:00,2894221,1SPT,2622047,t,GCKI,Golden-crowned Kinglet,REGULUS SATRAPA,Aves,122.42,180.00,1.46,2.20kHz,6.48kHz,5260677,1,Song,1,,f,1,Leonard Patterson,2623,,t,-32.55,-33.74,2,0.021672,0.011108,0.03241,-29.79,-59.18,-63.88,2,0,-0.006714,0.004059,-43.46,-31.05,-32.78,2,0.025223,0.014465,0.037231,-28.58,-59.68,-63.48,2,0,-0.00766,0.003723,-42.32,t,https://portal.wildtrax.ca/home/aru-tasks/recording.html?taskId=2622047,https://wildtrax-aru.s3-accelerate.amazonaws.com/ddfcc8ab-f59a-4188-9e34-6417a516e6a9/8c18910c752b4122801568972e4e260e.jpg,https://wildtrax-aru.s3-accelerate.amazonaws.com/ddfcc8ab-f59a-4188-9e34-6417a516e6a9/3391653d27164b8fb8fe42d244f25575.flac
CANFOR,Interior Broadleaf Working Group ARU Monitoring 2025 Limited Amplitude Processing,3701,MUS061A-HR-C,492674,2025-06-07 05:10:00,2894221,1SPT,2622047,t,UNBI,Unidentified bird,"",Aves,124.11,180.00,2.75,1.03kHz,6.18kHz,5260668,1,Song,1,,f,2,Leonard Patterson,2623,,t,-32.42,-34.25,2,0.021583,0.01059,0.033539,-29.49,-57.69,-63.05,2,-0.000001,-0.012421,0.004456,-38.12,-30.89,-33.36,2,0.025123,0.011871,0.038483,-28.29,-57.26,-62.81,2,-0.000001,-0.016174,0.005035,-35.82,t,https://portal.wildtrax.ca/home/aru-tasks/recording.html?taskId=2622047,https://wildtrax-aru.s3-accelerate.amazonaws.com/ddfcc8ab-f59a-4188-9e34-6417a516e6a9/c91c174797f74359af1c19e8f43957af.jpg,https://wildtrax-aru.s3-accelerate.amazonaws.com/ddfcc8ab-f59a-4188-9e34-6417a516e6a9/f49533b14d1b42c8adebea6270be2500.flac
CANFOR,Interior Broadleaf Working Group ARU Monitoring 2025 Limited Amplitude Processing,3701,MUS061A-HR-C,492674,2025-06-07 05:10:00,2894221,1SPT,2622047,t,DUFL,Dusky Flycatcher,EMPIDONAX OBERHOLSERI,Aves,126.98,180.00,0.34,3.50kHz,6.54kHz,5260667,1,Song,1,,f,2,Leonard Patterson,2623,,f,-33.29,-33.83,2,0.021835,0.011597,0.038177,-28.36,-59.36,-62.9,2,-0.000001,-0.004974,0.003723,-46.07,-31.92,-32.41,2,0.025167,0.014801,0.039795,-28,-59.4,-63.04,2,-0.000001,-0.004028,0.003235,-47.9,t,https://portal.wildtrax.ca/home/aru-tasks/recording.html?taskId=2622047,https://wildtrax-aru.s3-accelerate.amazonaws.com/ddfcc8ab-f59a-4188-9e34-6417a516e6a9/891ca1da57ad4798b98e651653162646.jpg,https://wildtrax-aru.s3-accelerate.amazonaws.com/ddfcc8ab-f59a-4188-9e34-6417a516e6a9/d163b357ce9e485b8ff7e2652c0c82e9.flac
CANFOR,Interior Broadleaf Working Group ARU Monitoring 2025 Limited Amplitude Processing,3701,MUS061A-HR-C,492674,2025-06-07 05:10:00,2894221,1SPT,2622047,t,LEFL,Least Flycatcher,EMPIDONAX MINIMUS,Aves,131.50,180.00,1.03,3.35kHz,6.44kHz,5260669,1,Song,1,,f,2,Leonard Patterson,2623,,f,-32.6,-34.08,3,0.021488,0.011627,0.030945,-30.19,-61.81,-65.3,2,0,-0.005127,0.003601,-45.8,-30.76,-33.51,3,0.025129,0.011414,0.039001,-28.18,-60.35,-65.3,2,0,-0.006134,0.004425,-44.25,t,https://portal.wildtrax.ca/home/aru-tasks/recording.html?taskId=2622047,https://wildtrax-aru.s3-accelerate.amazonaws.com/ddfcc8ab-f59a-4188-9e34-6417a516e6a9/affe310ee3654dbf9c328ca26d581a7d.jpg,https://wildtrax-aru.s3-accelerate.amazonaws.com/ddfcc8ab-f59a-4188-9e34-6417a516e6a9/0b71627d1a134274b1c8265b330c0ea8.flac
CANFOR,Interior Broadleaf Working Group ARU Monitoring 2025 Limited Amplitude Processing,3701,MUS061A-HR-C,492674,2025-06-07 05:10:00,2894221,1SPT,2622047,t,WTSP,White-throated Sparrow,ZONOTRICHIA ALBICOLLIS,Aves,140.06,180.00,1.64,2.99kHz,3.76kHz,5260673,3,Song,1,,f,2,Leonard Patterson,2623,,f,-32.48,-34.1,2,0.021575,0.009216,0.034454,-29.26,-57.97,-66.6,4,0,-0.002838,0.002838,-50.94,-31.05,-33.15,2,0.025059,0.008911,0.041382,-27.66,-60.57,-70.79,2,0,-0.003113,0.003143,-50.05,t,https://portal.wildtrax.ca/home/aru-tasks/recording.html?taskId=2622047,https://wildtrax-aru.s3-accelerate.amazonaws.com/ddfcc8ab-f59a-4188-9e34-6417a516e6a9/429c72a7839a45a8a7f56db4287515a1.jpg,https://wildtrax-aru.s3-accelerate.amazonaws.com/ddfcc8ab-f59a-4188-9e34-6417a516e6a9/a2e7f48d94354699829025045bd6c0e8.flac
CANFOR,Interior Broadleaf Working Group ARU Monitoring 2025 Limited Amplitude Processing,3701,MUS061A-HR-C,492674,2025-06-07 05:10:00,2894221,1SPT,2622047,t,AMBI,American Bittern,BOTAURUS LENTIGINOSUS,Aves,147.63,180.00,3.53,0.10kHz,1.29kHz,5260670,1,Song,1,,f,2,Leonard Patterson,2623,,f,-32.49,-33.91,2,0.02154,0.003571,0.041748,-27.59,-41.38,-42.79,2,-0.007765,-0.017883,-0.003662,-34.95,-30.95,-33.17,2,0.024997,0.005615,0.048065,-26.36,-39.89,-42.05,3,-0.009011,-0.020264,-0.003387,-33.87,t,https://portal.wildtrax.ca/home/aru-tasks/recording.html?taskId=2622047,https://wildtrax-aru.s3-accelerate.amazonaws.com/ddfcc8ab-f59a-4188-9e34-6417a516e6a9/86ab2a23f0c64ae383f0a3956e054205.jpg,https://wildtrax-aru.s3-accelerate.amazonaws.com/ddfcc8ab-f59a-4188-9e34-6417a516e6a9/6766fdc30976434f978ce788e1a87c1e.flac
CANFOR,Interior Broadleaf Working Group ARU Monitoring 2025 Limited Amplitude Processing,3701,MUS061A-HR-C,492674,2025-06-07 05:10:00,2894221,1SPT,2622047,t,SWTH,Swainson's Thrush,CATHARUS USTULATUS,Aves,153.06,180.00,1.69,1.24kHz,6.08kHz,5260659,1,Song,1,,f,2,Leonard Patterson,2623,,f,-32.38,-34.32,2,0.021619,0.005585,0.034546,-29.23,-52.12,-62.67,2,-0.000001,-0.00882,0.00705,-41.09,-30.27,-32.82,2,0.025242,0.001343,0.041443,-27.65,-47.76,-61.94,2,-0.000001,-0.010498,0.010284,-39.58,t,https://portal.wildtrax.ca/home/aru-tasks/recording.html?taskId=2622047,https://wildtrax-aru.s3-accelerate.amazonaws.com/ddfcc8ab-f59a-4188-9e34-6417a516e6a9/8087ed07b0a842fda8fe0a2980d5e4b2.jpg,https://wildtrax-aru.s3-accelerate.amazonaws.com/ddfcc8ab-f59a-4188-9e34-6417a516e6a9/178e1b2d235a44d49466b07e81af22e9.flac
CANFOR,Interior Broadleaf Working Group ARU Monitoring 2025 Limited Amplitude Processing,3701,MUS061A-HR-C,492674,2025-06-07 05:10:00,2894221,1SPT,2622047,t,SWTH,Swainson's Thrush,CATHARUS USTULATUS,Aves,156.24,180.00,0.75,1.03kHz,3.66kHz,5260671,2,Song,1,,f,2,Leonard Patterson,2623,,f,-32.35,-34.04,2,0.021775,0.00354,0.036255,-28.81,-52.52,-60.62,3,-0.000002,-0.008453,0.006775,-41.46,-31.02,-32.46,2,0.025029,0.005463,0.042297,-27.47,-52.42,-61.45,2,-0.000002,-0.010681,0.007111,-39.43,t,https://portal.wildtrax.ca/home/aru-tasks/recording.html?taskId=2622047,https://wildtrax-aru.s3-accelerate.amazonaws.com/ddfcc8ab-f59a-4188-9e34-6417a516e6a9/e2eeca1763d249aa9dcc1d13029278ce.jpg,https://wildtrax-aru.s3-accelerate.amazonaws.com/ddfcc8ab-f59a-4188-9e34-6417a516e6a9/03149ff6749e4c2abfc31e576eab573f.flac
CANFOR,Interior Broadleaf Working Group ARU Monitoring 2025 Limited Amplitude Processing,3701,MUS061A-HR-C,492674,2025-06-07 05:10:00,2894221,1SPT,2622047,t,SWTH,Swainson's Thrush,CATHARUS USTULATUS,Aves,158.49,180.00,0.94,1.65kHz,4.89kHz,5260672,3,Song,1,,f,1,Leonard Patterson,2623,,f,-32.61,-33.78,2,0.021652,0.005829,0.056458,-24.97,-58.56,-64.05,2,-0.000001,-0.007141,0.009033,-40.88,-30.81,-33.63,2,0.025055,0.010254,0.040192,-27.92,-60.83,-63.62,2,-0.000001,-0.007141,0.003174,-42.92,t,https://portal.wildtrax.ca/home/aru-tasks/recording.html?taskId=2622047,https://wildtrax-aru.s3-accelerate.amazonaws.com/ddfcc8ab-f59a-4188-9e34-6417a516e6a9/5efefbae57df49e89185be0e1d5aabb1.jpg,https://wildtrax-aru.s3-accelerate.amazonaws.com/ddfcc8ab-f59a-4188-9e34-6417a516e6a9/874cbc89ba7d4a249d5d086918e270b4.flac
CANFOR,Interior Broadleaf Working Group ARU Monitoring 2025 Limited Amplitude Processing,3701,MUS061A-HR-C,492674,2025-06-10 05:09:00,2894222,1SPT,2622048,t,UNBI,Unidentified bird,"",Aves,2.20,180.00,1.18,1.22kHz,4.67kHz,5261128,1,Song,1,,f,1,Leonard Patterson,2623,,f,-32.7,-33.65,2,0.021871,0.013092,0.031189,-30.12,-55.37,-63.53,2,-0.000001,-0.009277,0.004852,-40.65,-31.31,-32.55,2,0.025207,0.014038,0.035522,-28.99,-56.97,-63.13,2,-0.000001,-0.010223,0.004395,-39.81,t,https://portal.wildtrax.ca/home/aru-tasks/recording.html?taskId=2622048,https://wildtrax-aru.s3-accelerate.amazonaws.com/a017f073-0b24-430d-a1a9-ef20c051fd83/d2f9cf9a1591429182a1ee655d34026d.jpg,https://wildtrax-aru.s3-accelerate.amazonaws.com/a017f073-0b24-430d-a1a9-ef20c051fd83/76b1bf32ae1e434fa55e00ac669bcb2d.flac
CANFOR,Interior Broadleaf Working Group ARU Monitoring 2025 Limited Amplitude Processing,3701,MUS061A-HR-C,492674,2025-06-10 05:09:00,2894222,1SPT,2622048,t,SWTH,Swainson's Thrush,CATHARUS USTULATUS,Aves,5.23,180.00,1.94,0.96kHz,6.83kHz,5260680,1,Song,1,,f,2,Leonard Patterson,2623,,f,-32.71,-33.58,2,0.021728,0.006958,0.0383,-28.34,-46.75,-60.45,2,-0.000001,-0.015015,0.015167,-36.38,-31.32,-32.44,2,0.025178,0.006622,0.043488,-27.23,-45.78,-60.27,2,-0.000001,-0.017059,0.016266,-35.36,t,https://portal.wildtrax.ca/home/aru-tasks/recording.html?taskId=2622048,https://wildtrax-aru.s3-accelerate.amazonaws.com/a017f073-0b24-430d-a1a9-ef20c051fd83/e388581c89764db1bea9870f12c8a053.jpg,https://wildtrax-aru.s3-accelerate.amazonaws.com/a017f073-0b24-430d-a1a9-ef20c051fd83/ec710f56014d4ec0aacb211a801af424.flac
CANFOR,Interior Broadleaf Working Group ARU Monitoring 2025 Limited Amplitude Processing,3701,MUS061A-HR-C,492674,2025-06-10 05:09:00,2894222,1SPT,2622048,t,DUFL,Dusky Flycatcher,EMPIDONAX OBERHOLSERI,Aves,7.70,180.00,1.90,1.79kHz,5.91kHz,5260681,1,Song,1,,f,1,Leonard Patterson,2623,,f,-32.68,-33.69,2,0.02186,0.008698,0.033417,-29.52,-49.92,-63.87,2,-0.000001,-0.011078,0.011017,-39.11,-31.29,-32.58,2,0.025361,0.010437,0.04071,-27.81,-49.84,-63.7,2,0,-0.013245,0.013184,-37.56,t,https://portal.wildtrax.ca/home/aru-tasks/recording.html?taskId=2622048,https://wildtrax-aru.s3-accelerate.amazonaws.com/a017f073-0b24-430d-a1a9-ef20c051fd83/bcb42bd0234c4726a8fc4ac245ae1c29.jpg,https://wildtrax-aru.s3-accelerate.amazonaws.com/a017f073-0b24-430d-a1a9-ef20c051fd83/fa81fc3f2dcb4d26af55f903c4b283c9.flac
CANFOR,Interior Broadleaf Working Group ARU Monitoring 2025 Limited Amplitude Processing,3701,MUS061A-HR-C,492674,2025-06-10 05:09:00,2894222,1SPT,2622048,t,WTSP,White-throated Sparrow,ZONOTRICHIA ALBICOLLIS,Aves,13.79,180.00,0.29,3.74kHz,4.26kHz,5261188,1,Song,1,,f,1,Leonard Patterson,2623,,f,-33.07,-33.24,2,0.021954,0.010559,0.033386,-29.53,-68.04,-69.61,2,0,-0.001434,0.001434,-56.87,-31.82,-31.91,2,0.025424,0.011658,0.037567,-28.5,-64.48,-64.96,3,-0.000001,-0.00174,0.001709,-55.19,t,https://portal.wildtrax.ca/home/aru-tasks/recording.html?taskId=2622048,https://wildtrax-aru.s3-accelerate.amazonaws.com/a017f073-0b24-430d-a1a9-ef20c051fd83/45fdc4c35ae5465c8c4a617172746dcb.jpg,https://wildtrax-aru.s3-accelerate.amazonaws.com/a017f073-0b24-430d-a1a9-ef20c051fd83/316b1aee305e4c24825a455168935eac.flac
CANFOR,Interior Broadleaf Working Group ARU Monitoring 2025 Limited Amplitude Processing,3701,MUS061A-HR-C,492674,2025-06-10 05:09:00,2894222,1SPT,2622048,t,AMRO,American Robin,TURDUS MIGRATORIUS,Aves,16.18,180.00,1.16,1.17kHz,2.92kHz,5260682,1,Song,1,,f,1,Leonard Patterson,2623,,f,-32.75,-33.7,2,0.021761,0.014069,0.03064,-30.27,-61.6,-67.21,2,-0.000001,-0.005676,0.002716,-44.92,-31.5,-32.32,2,0.025148,0.016357,0.034485,-29.25,-62.14,-67.2,2,-0.000001,-0.006531,0.002838,-43.7,t,https://portal.wildtrax.ca/home/aru-tasks/recording.html?taskId=2622048,https://wildtrax-aru.s3-accelerate.amazonaws.com/a017f073-0b24-430d-a1a9-ef20c051fd83/05b27e9731634788893cd1f58dbe3de8.jpg,https://wildtrax-aru.s3-accelerate.amazonaws.com/a017f073-0b24-430d-a1a9-ef20c051fd83/be7eb87fb61147f9b2c765a55fdd5eba.flac
CANFOR,Interior Broadleaf Working Group ARU Monitoring 2025 Limited Amplitude Processing,3701,MUS061A-HR-C,492674,2025-06-10 05:09:00,2894222,1SPT,2622048,t,DEJU,Dark-eyed Junco,JUNCO HYEMALIS,Aves,21.79,180.00,1.90,1.94kHz,6.68kHz,5260683,1,Song,1,,f,1,Leonard Patterson,2623,,f,-32.7,-33.57,2,0.021715,0.000122,0.039764,-28.01,-47.22,-59.27,2,0,-0.017151,0.017487,-35.15,-31.49,-32.48,2,0.025242,0.010101,0.04187,-27.56,-48.23,-59.18,2,0,-0.013245,0.014252,-36.92,t,https://portal.wildtrax.ca/home/aru-tasks/recording.html?taskId=2622048,https://wildtrax-aru.s3-accelerate.amazonaws.com/a017f073-0b24-430d-a1a9-ef20c051fd83/1764b21acc1442d8a80754159ef7d7a3.jpg,https://wildtrax-aru.s3-accelerate.amazonaws.com/a017f073-0b24-430d-a1a9-ef20c051fd83/ae9cff8b57e04cc081769bb005d93e27.flac
CANFOR,Interior Broadleaf Working Group ARU Monitoring 2025 Limited Amplitude Processing,3701,MUS061A-HR-C,492674,2025-06-10 05:09:00,2894222,1SPT,2622048,t,WTSP,White-throated Sparrow,ZONOTRICHIA ALBICOLLIS,Aves,30.82,180.00,0.65,3.59kHz,4.00kHz,5261185,2,Song,1,,f,2,Leonard Patterson,2623,,f,-32.88,-33.54,2,0.021851,0.013214,0.030823,-30.22,-61.94,-71.97,2,0,-0.003754,0.003693,-48.51,-31.52,-32.38,2,0.025243,0.014252,0.035858,-28.91,-61.83,-72.83,2,0,-0.004364,0.004364,-47.2,t,https://portal.wildtrax.ca/home/aru-tasks/recording.html?taskId=2622048,https://wildtrax-aru.s3-accelerate.amazonaws.com/a017f073-0b24-430d-a1a9-ef20c051fd83/1995243ef8714f308968859b7bf801f7.jpg,https://wildtrax-aru.s3-accelerate.amazonaws.com/a017f073-0b24-430d-a1a9-ef20c051fd83/63fafd6083fb4c26aa07a94340674cf1.flac
CANFOR,Interior Broadleaf Working Group ARU Monitoring 2025 Limited Amplitude Processing,3701,MUS061A-HR-C,492674,2025-06-10 05:09:00,2894222,1SPT,2622048,t,LEFL,Least Flycatcher,EMPIDONAX MINIMUS,Aves,63.81,180.00,3.18,5.19kHz,7.66kHz,5260684,1,Song,1,,f,1,Leonard Patterson,2623,,f,-32.38,-34.22,2,0.021767,0.011139,0.0336,-29.47,-61.82,-67.86,4,0,-0.003448,0.003418,-49.25,-31.09,-32.61,2,0.025227,0.010712,0.040497,-27.85,-64,-67.79,2,0,-0.002808,0.002655,-51.03,t,https://portal.wildtrax.ca/home/aru-tasks/recording.html?taskId=2622048,https://wildtrax-aru.s3-accelerate.amazonaws.com/a017f073-0b24-430d-a1a9-ef20c051fd83/001dd26a630f4ee78e8cc504e50907ac.jpg,https://wildtrax-aru.s3-accelerate.amazonaws.com/a017f073-0b24-430d-a1a9-ef20c051fd83/52790e038e5c44d59876b09c84fe2822.flac
CANFOR,Interior Broadleaf Working Group ARU Monitoring 2025 Limited Amplitude Processing,3701,MUS061A-HR-C,492674,2025-06-10 05:09:00,2894222,1SPT,2622048,t,LISP,Lincoln's Sparrow,MELOSPIZA LINCOLNII,Aves,71.55,180.00,1.06,1.59kHz,3.60kHz,5260685,1,Song,1,,f,2,Leonard Patterson,2623,,f,-32.69,-33.62,2,0.021766,0.012329,0.029816,-30.51,-60.22,-64.77,2,-0.000001,-0.006012,0.003418,-44.42,-31.4,-32.62,2,0.025132,0.010895,0.035858,-28.91,-57.58,-62.83,2,-0.000001,-0.006226,0.005035,-44.12,t,https://portal.wildtrax.ca/home/aru-tasks/recording.html?taskId=2622048,https://wildtrax-aru.s3-accelerate.amazonaws.com/a017f073-0b24-430d-a1a9-ef20c051fd83/d99f7c470f0d483495079784ab215897.jpg,https://wildtrax-aru.s3-accelerate.amazonaws.com/a017f073-0b24-430d-a1a9-ef20c051fd83/fca0ac52e57344aaa2ab7f472bba75c2.flac
CANFOR,Interior Broadleaf Working Group ARU Monitoring 2025 Limited Amplitude Processing,3701,MUS061A-HR-C,492674,2025-06-10 05:09:00,2894222,1SPT,2622048,t,NOFL,Northern Flicker,COLAPTES AURATUS,Aves,80.64,180.00,7.59,0.56kHz,1.59kHz,5260686,1,Song,1,,f,2,Leonard Patterson,2623,,f,-32.55,-33.99,2,0.021732,0.0047,0.038849,-28.21,-60.44,-68.29,3,0,-0.007294,0.005188,-42.74,-31.31,-32.66,2,0.025083,0.007385,0.04483,-26.97,-60.21,-68.33,2,-0.000001,-0.009094,0.004822,-40.82,t,https://portal.wildtrax.ca/home/aru-tasks/recording.html?taskId=2622048,https://wildtrax-aru.s3-accelerate.amazonaws.com/a017f073-0b24-430d-a1a9-ef20c051fd83/ab2feb7dd2b64cdca40e75056d5e3942.jpg,https://wildtrax-aru.s3-accelerate.amazonaws.com/a017f073-0b24-430d-a1a9-ef20c051fd83/a8e0365e5f0748d7a532d383321b97f9.flac
CANFOR,Interior Broadleaf Working Group ARU Monitoring 2025 Limited Amplitude Processing,3701,MUS061A-HR-C,492674,2025-06-10 05:09:00,2894222,1SPT,2622048,t,DUFL,Dusky Flycatcher,EMPIDONAX OBERHOLSERI,Aves,90.42,180.00,0.56,3.39kHz,6.22kHz,5260687,2,Song,1,,f,1,Leonard Patterson,2623,,f,-32.41,-34.38,2,0.021762,0.010925,0.031128,-30.14,-61.85,-65.45,2,0,-0.003632,0.003113,-48.8,-31.47,-33.01,2,0.025135,0.013733,0.033844,-29.41,-61.79,-65.23,2,-0.000001,-0.004761,0.004059,-46.45,t,https://portal.wildtrax.ca/home/aru-tasks/recording.html?taskId=2622048,https://wildtrax-aru.s3-accelerate.amazonaws.com/a017f073-0b24-430d-a1a9-ef20c051fd83/79c6e8778ac04bee8c9b4e15f08dfb01.jpg,https://wildtrax-aru.s3-accelerate.amazonaws.com/a017f073-0b24-430d-a1a9-ef20c051fd83/f86902af6ac341b4a32357765f60d9a9.flac
CANFOR,Interior Broadleaf Working Group ARU Monitoring 2025 Limited Amplitude Processing,3701,MUS061A-HR-C,492674,2025-06-10 05:09:00,2894222,1SPT,2622048,t,WTSP,White-throated Sparrow,ZONOTRICHIA ALBICOLLIS,Aves,91.97,180.00,0.55,4.47kHz,5.19kHz,5261182,3,Song,1,,f,1,Leonard Patterson,2623,,f,-32.74,-33.95,2,0.021764,0.012482,0.030609,-30.28,-56.84,-62.98,2,0,-0.003723,0.003693,-48.58,-30.98,-32.83,2,0.024943,0.014465,0.035614,-28.97,-62.25,-65.88,2,0,-0.002991,0.002838,-50.48,t,https://portal.wildtrax.ca/home/aru-tasks/recording.html?taskId=2622048,https://wildtrax-aru.s3-accelerate.amazonaws.com/a017f073-0b24-430d-a1a9-ef20c051fd83/688b2fce06bd43f090e756b9dd232d59.jpg,https://wildtrax-aru.s3-accelerate.amazonaws.com/a017f073-0b24-430d-a1a9-ef20c051fd83/b747551cef8243e09d1bd0bd65b9408a.flac
CANFOR,Interior Broadleaf Working Group ARU Monitoring 2025 Limited Amplitude Processing,3701,MUS061A-HR-C,492674,2025-06-10 05:09:00,2894222,1SPT,2622048,t,WAVI,Warbling Vireo,VIREO GILVUS,Aves,94.98,180.00,1.50,1.32kHz,3.33kHz,5261136,1,Song,1,,f,1,Leonard Patterson,2623,,f,-32.74,-33.69,2,0.021726,0.013062,0.031982,-29.9,-60.98,-66.44,2,-0.000001,-0.006073,0.002777,-44.33,-31.53,-32.6,2,0.02504,0.012024,0.034912,-29.14,-60.66,-66.07,2,-0.000001,-0.006531,0.003448,-43.7,t,https://portal.wildtrax.ca/home/aru-tasks/recording.html?taskId=2622048,https://wildtrax-aru.s3-accelerate.amazonaws.com/a017f073-0b24-430d-a1a9-ef20c051fd83/547c990dd4614400a843a58f8bccfd56.jpg,https://wildtrax-aru.s3-accelerate.amazonaws.com/a017f073-0b24-430d-a1a9-ef20c051fd83/9706b242c9f74f2a90e5930edfa82469.flac
CANFOR,Interior Broadleaf Working Group ARU Monitoring 2025 Limited Amplitude Processing,3701,MUS061A-HR-C,492674,2025-06-10 05:09:00,2894222,1SPT,2622048,t,RUGR,Ruffed Grouse,BONASA UMBELLUS,Aves,124.38,180.00,5.75,0.09kHz,0.60kHz,5261138,1,Non-vocal,1,,f,2,Leonard Patterson,2623,,f,-32.04,-34.53,2,0.021829,-0.004974,0.046661,-26.62,-39.28,-41.77,6,-0.00951,-0.015106,-0.004669,-36.42,-30.14,-33.61,2,0.025022,-0.011017,0.060242,-24.4,-37.36,-40.84,7,-0.0109,-0.0177,-0.004852,-35.04,t,https://portal.wildtrax.ca/home/aru-tasks/recording.html?taskId=2622048,https://wildtrax-aru.s3-accelerate.amazonaws.com/a017f073-0b24-430d-a1a9-ef20c051fd83/983591de09e6458aa54059a73b2a3abb.jpg,https://wildtrax-aru.s3-accelerate.amazonaws.com/a017f073-0b24-430d-a1a9-ef20c051fd83/224ac2e5f2ca4b3eaed36c77d679291e.flac
CANFOR,Interior Broadleaf Working Group ARU Monitoring 2025 Limited Amplitude Processing,3701,MUS061A-HR-C,492674,2025-06-10 05:09:00,2894222,1SPT,2622048,t,SWTH,Swainson's Thrush,CATHARUS USTULATUS,Aves,130.41,180.00,1.01,1.43kHz,4.57kHz,5261172,2,Song,1,,f,1,Leonard Patterson,2623,,f,-31.38,-34.55,2,0.021822,0.005737,0.038818,-28.22,-57.9,-64.24,2,-0.000001,-0.007843,0.004089,-42.11,-31.3,-32.58,2,0.024887,0.015137,0.033813,-29.42,-61.17,-64.14,3,-0.000001,-0.010406,0.003418,-39.65,t,https://portal.wildtrax.ca/home/aru-tasks/recording.html?taskId=2622048,https://wildtrax-aru.s3-accelerate.amazonaws.com/a017f073-0b24-430d-a1a9-ef20c051fd83/09b45b75e372430ca51172f453fff1e8.jpg,https://wildtrax-aru.s3-accelerate.amazonaws.com/a017f073-0b24-430d-a1a9-ef20c051fd83/520f516b25ca437b8da3971ccaac9dd7.flac
CANFOR,Interior Broadleaf Working Group ARU Monitoring 2025 Limited Amplitude Processing,3701,MUS061A-HR-C,492674,2025-06-10 05:09:00,2894222,1SPT,2622048,t,HAWO,Hairy Woodpecker,DRYOBATES VILLOSUS,Aves,146.08,180.00,1.50,0.92kHz,3.96kHz,5261166,1,Song,1,,f,2,Leonard Patterson,2623,,f,-32.19,-34.35,2,0.021862,0.006378,0.033722,-29.44,-58.58,-63.91,2,-0.000001,-0.009583,0.004639,-40.37,-30.79,-33.03,2,0.025042,0.010681,0.039612,-28.04,-53.03,-63.62,3,-0.000002,-0.012268,0.007965,-38.22,t,https://portal.wildtrax.ca/home/aru-tasks/recording.html?taskId=2622048,https://wildtrax-aru.s3-accelerate.amazonaws.com/a017f073-0b24-430d-a1a9-ef20c051fd83/9d395ad0662c49b88315b3c73834818b.jpg,https://wildtrax-aru.s3-accelerate.amazonaws.com/a017f073-0b24-430d-a1a9-ef20c051fd83/ba9ee4e347d54d53acffc060e21028ed.flac
CANFOR,Interior Broadleaf Working Group ARU Monitoring 2025 Limited Amplitude Processing,3701,MUS061A-HR-C,492674,2025-06-10 05:09:00,2894222,1SPT,2622048,t,OCWA,Orange-crowned Warbler,LEIOTHLYPIS CELATA,Aves,170.15,180.00,1.41,2.77kHz,8.02kHz,5261175,1,Song,1,,f,1,Leonard Patterson,2623,,f,-32.57,-33.43,2,0.0219,0.001251,0.042786,-27.37,-45.2,-58.19,2,0,-0.017944,0.018738,-34.55,-31.23,-32.36,2,0.0252,-0.001801,0.052979,-25.52,-43.99,-56.72,2,-0.000001,-0.025818,0.027191,-31.31,t,https://portal.wildtrax.ca/home/aru-tasks/recording.html?taskId=2622048,https://wildtrax-aru.s3-accelerate.amazonaws.com/a017f073-0b24-430d-a1a9-ef20c051fd83/39435c79efbd41ed865f667a1d80b4c3.jpg,https://wildtrax-aru.s3-accelerate.amazonaws.com/a017f073-0b24-430d-a1a9-ef20c051fd83/b93451be3de94d89a993ab5776786cb4.flac
CANFOR,Interior Broadleaf Working Group ARU Monitoring 2025 Limited Amplitude Processing,3701,MUS061A-HR-C,492674,2025-06-10 05:09:00,2894222,1SPT,2622048,t,WTSP,White-throated Sparrow,ZONOTRICHIA ALBICOLLIS,Aves,173.32,180.00,2.33,2.20kHz,3.85kHz,5261184,4,Song,1,,f,1,Leonard Patterson,2623,,f,-32.16,-34.04,2,0.021801,0.009613,0.034332,-29.29,-55.3,-67.03,2,0,-0.004761,0.004669,-46.45,-30.96,-32.77,2,0.025158,0.011719,0.036804,-28.68,-58.09,-65.49,2,0,-0.005737,0.005737,-44.83,t,https://portal.wildtrax.ca/home/aru-tasks/recording.html?taskId=2622048,https://wildtrax-aru.s3-accelerate.amazonaws.com/a017f073-0b24-430d-a1a9-ef20c051fd83/a0d2d0216ea24ba8ba870d961523565c.jpg,https://wildtrax-aru.s3-accelerate.amazonaws.com/a017f073-0b24-430d-a1a9-ef20c051fd83/f13a16543df14a43abba4d66fc0f9554.flac
CANFOR,Interior Broadleaf Working Group ARU Monitoring 2025 Limited Amplitude Processing,3701,MUS061A-LR-C,492663,2025-06-04 05:12:00,2894224,1SPT,2622050,t,AMRO,American Robin,TURDUS MIGRATORIUS,Aves,5.70,180.00,0.83,0.66kHz,2.10kHz,5261817,1,Call,1,,f,2,Leonard Patterson,2623,,f,-33.26,-34.36,2,0.020151,0.01062,0.030914,-30.2,-59.86,-66.75,2,-0.000002,-0.006287,0.003845,-44.03,-32.65,-33.86,2,0.021299,0.00946,0.033112,-29.6,-56.16,-65.86,2,-0.000003,-0.006836,0.00589,-43.3,t,https://portal.wildtrax.ca/home/aru-tasks/recording.html?taskId=2622050,https://wildtrax-aru.s3-accelerate.amazonaws.com/0d5d060b-afab-4c57-92f5-68f992202056/9dd6021a65824ae88e165a572c0de59c.jpg,https://wildtrax-aru.s3-accelerate.amazonaws.com/0d5d060b-afab-4c57-92f5-68f992202056/b76e6fc3261b469cad9aa921e6dfd8ab.flac
CANFOR,Interior Broadleaf Working Group ARU Monitoring 2025 Limited Amplitude Processing,3701,MUS061A-LR-C,492663,2025-06-04 05:12:00,2894224,1SPT,2622050,t,OCWA,Orange-crowned Warbler,LEIOTHLYPIS CELATA,Aves,5.76,180.00,0.29,3.75kHz,6.02kHz,5261793,1,Song,1,,f,1,Leonard Patterson,2623,,f,-33.58,-33.92,3,0.020209,0.012146,0.027344,-31.26,-61.82,-63.7,2,-0.000001,-0.003632,0.00354,-48.8,-33.18,-33.57,2,0.021318,0.01297,0.03299,-29.63,-58.22,-59.81,2,-0.000001,-0.004089,0.00412,-47.7,t,https://portal.wildtrax.ca/home/aru-tasks/recording.html?taskId=2622050,https://wildtrax-aru.s3-accelerate.amazonaws.com/0d5d060b-afab-4c57-92f5-68f992202056/294df730b18341dab8363cd9e6c74ee7.jpg,https://wildtrax-aru.s3-accelerate.amazonaws.com/0d5d060b-afab-4c57-92f5-68f992202056/1170507c126b4ee495e47f267ce7939f.flac
CANFOR,Interior Broadleaf Working Group ARU Monitoring 2025 Limited Amplitude Processing,3701,MUS061A-LR-C,492663,2025-06-04 05:12:00,2894224,1SPT,2622050,t,RBNU,Red-breasted Nuthatch,SITTA CANADENSIS,Aves,11.58,180.00,0.45,2.31kHz,3.44kHz,5261814,1,Song,1,,f,1,Leonard Patterson,2623,,f,-33.64,-34.19,2,0.020155,0.012787,0.027802,-31.12,-67.72,-68.96,2,-0.000001,-0.002869,0.002655,-50.85,-33.22,-33.67,2,0.02126,0.012878,0.029602,-30.57,-67.3,-68.53,2,-0.000001,-0.002899,0.002533,-50.75,t,https://portal.wildtrax.ca/home/aru-tasks/recording.html?taskId=2622050,https://wildtrax-aru.s3-accelerate.amazonaws.com/0d5d060b-afab-4c57-92f5-68f992202056/7fb097598d7740349d2e1b523b2e7752.jpg,https://wildtrax-aru.s3-accelerate.amazonaws.com/0d5d060b-afab-4c57-92f5-68f992202056/ec5f0160c72c4582b2b1800d60cd706d.flac
CANFOR,Interior Broadleaf Working Group ARU Monitoring 2025 Limited Amplitude Processing,3701,MUS061A-LR-C,492663,2025-06-04 05:12:00,2894224,1SPT,2622050,t,RCKI,Ruby-crowned Kinglet,CORTHYLIO CALENDULA,Aves,14.65,180.00,2.66,0.81kHz,3.90kHz,5261815,1,Song,1,,f,2,Leonard Patterson,2623,,f,-33.26,-34.66,2,0.020035,0.00824,0.0289,-30.78,-61.9,-64.46,3,-0.000001,-0.009064,0.002625,-40.85,-32.73,-34.08,2,0.021242,0.0112,0.030762,-30.24,-60.56,-64.3,2,-0.000001,-0.008148,0.003571,-41.78,t,https://portal.wildtrax.ca/home/aru-tasks/recording.html?taskId=2622050,https://wildtrax-aru.s3-accelerate.amazonaws.com/0d5d060b-afab-4c57-92f5-68f992202056/f374518ba90646b5942ff86f2f68d1e2.jpg,https://wildtrax-aru.s3-accelerate.amazonaws.com/0d5d060b-afab-4c57-92f5-68f992202056/c599d7a5c7eb4e6aa8c4afdf414a7b1d.flac
CANFOR,Interior Broadleaf Working Group ARU Monitoring 2025 Limited Amplitude Processing,3701,MUS061A-LR-C,492663,2025-06-04 05:12:00,2894224,1SPT,2622050,t,DUFL,Dusky Flycatcher,EMPIDONAX OBERHOLSERI,Aves,24.69,180.00,3.45,1.33kHz,7.61kHz,5261784,1,Song,1,,f,2,Leonard Patterson,2623,,f,-32.09,-34.67,2,0.020097,-0.001801,0.044952,-26.94,-44.38,-62.2,2,0,-0.021149,0.02121,-33.47,-31.7,-34.2,2,0.02124,-0.002625,0.048828,-26.23,-42.71,-62.09,2,0,-0.021027,0.021576,-33.32,t,https://portal.wildtrax.ca/home/aru-tasks/recording.html?taskId=2622050,https://wildtrax-aru.s3-accelerate.amazonaws.com/0d5d060b-afab-4c57-92f5-68f992202056/31089433d2c14c2995a6d1d11ad34a73.jpg,https://wildtrax-aru.s3-accelerate.amazonaws.com/0d5d060b-afab-4c57-92f5-68f992202056/d20774d16d854ed3850858fe88798ee5.flac
CANFOR,Interior Broadleaf Working Group ARU Monitoring 2025 Limited Amplitude Processing,3701,MUS061A-LR-C,492663,2025-06-04 05:12:00,2894224,1SPT,2622050,t,HETH,Hermit Thrush,CATHARUS GUTTATUS,Aves,31.56,180.00,1.23,1.90kHz,5.29kHz,5261785,1,Song,1,,f,2,Leonard Patterson,2623,,f,-32.67,-34.25,2,0.020094,-0.029724,0.067993,-23.35,-61.5,-64.33,2,-0.000001,-0.006683,0.003174,-43.5,-31.97,-33.97,2,0.021197,-0.034302,0.074829,-22.52,-59.73,-63.79,2,-0.000001,-0.006378,0.003632,-43.91,t,https://portal.wildtrax.ca/home/aru-tasks/recording.html?taskId=2622050,https://wildtrax-aru.s3-accelerate.amazonaws.com/0d5d060b-afab-4c57-92f5-68f992202056/118166d741324f7a87b2022a8edb8a6e.jpg,https://wildtrax-aru.s3-accelerate.amazonaws.com/0d5d060b-afab-4c57-92f5-68f992202056/4a473c34690746e3b6d8bf20fb6be076.flac
CANFOR,Interior Broadleaf Working Group ARU Monitoring 2025 Limited Amplitude Processing,3701,MUS061A-LR-C,492663,2025-06-04 05:12:00,2894224,1SPT,2622050,t,SWTH,Swainson's Thrush,CATHARUS USTULATUS,Aves,36.73,180.00,0.90,1.84kHz,3.75kHz,5261819,1,Song,1,,f,2,Leonard Patterson,2623,,f,-33.37,-34.4,2,0.02015,0.009308,0.02829,-30.97,-62.98,-66.03,2,-0.000001,-0.005859,0.003937,-44.64,-32.6,-34.11,2,0.021105,0.011078,0.03244,-29.78,-60.01,-65.66,2,-0.000001,-0.005554,0.003693,-45.11,t,https://portal.wildtrax.ca/home/aru-tasks/recording.html?taskId=2622050,https://wildtrax-aru.s3-accelerate.amazonaws.com/0d5d060b-afab-4c57-92f5-68f992202056/5038eb2d9b0643a88b863b5da500c39c.jpg,https://wildtrax-aru.s3-accelerate.amazonaws.com/0d5d060b-afab-4c57-92f5-68f992202056/9cdd6a09559f4df4b72c528f060f8a0b.flac
CANFOR,Interior Broadleaf Working Group ARU Monitoring 2025 Limited Amplitude Processing,3701,MUS061A-LR-C,492663,2025-06-04 05:12:00,2894224,1SPT,2622050,t,PISI,Pine Siskin,SPINUS PINUS,Aves,66.34,180.00,0.46,3.29kHz,6.63kHz,5261796,1,Song,1,,f,2,Leonard Patterson,2623,,f,-33.51,-34.23,2,0.020151,0.009827,0.029358,-30.65,-54.55,-61.38,2,-0.000001,-0.006042,0.005676,-44.38,-33.02,-33.86,2,0.021419,0.009247,0.033295,-29.55,-52.4,-60.65,2,-0.000001,-0.006958,0.006897,-43.15,t,https://portal.wildtrax.ca/home/aru-tasks/recording.html?taskId=2622050,https://wildtrax-aru.s3-accelerate.amazonaws.com/0d5d060b-afab-4c57-92f5-68f992202056/8a7a49fe7f164ba2882d6c4309d19fbf.jpg,https://wildtrax-aru.s3-accelerate.amazonaws.com/0d5d060b-afab-4c57-92f5-68f992202056/ed24af420a9043219aa0be758a0791f7.flac
CANFOR,Interior Broadleaf Working Group ARU Monitoring 2025 Limited Amplitude Processing,3701,MUS061A-LR-C,492663,2025-06-04 05:12:00,2894224,1SPT,2622050,t,WAVI,Warbling Vireo,VIREO GILVUS,Aves,112.44,180.00,1.64,1.43kHz,4.68kHz,5261787,1,Song,1,,f,2,Leonard Patterson,2623,,f,-33.08,-34.56,2,0.020071,0.011108,0.033173,-29.58,-56.56,-63.57,2,-0.000001,-0.008911,0.00473,-41,-31.99,-34.76,2,0.021072,0.006653,0.036591,-28.73,-53.24,-62.72,2,-0.000001,-0.010681,0.006439,-39.43,t,https://portal.wildtrax.ca/home/aru-tasks/recording.html?taskId=2622050,https://wildtrax-aru.s3-accelerate.amazonaws.com/0d5d060b-afab-4c57-92f5-68f992202056/5eab407cb3cf476189e0589e64583e1e.jpg,https://wildtrax-aru.s3-accelerate.amazonaws.com/0d5d060b-afab-4c57-92f5-68f992202056/0804905555234ad08980597b7aec8b55.flac
CANFOR,Interior Broadleaf Working Group ARU Monitoring 2025 Limited Amplitude Processing,3701,MUS061A-LR-C,492663,2025-06-04 05:12:00,2894224,1SPT,2622050,t,WAVI,Warbling Vireo,VIREO GILVUS,Aves,114.41,180.00,1.47,1.12kHz,4.47kHz,5261788,2,Song,1,,f,2,Leonard Patterson,2623,,f,-33.3,-34.73,2,0.020058,0.010468,0.030304,-30.37,-57.51,-63.25,3,-0.000001,-0.007996,0.004089,-41.94,-32.58,-34.44,2,0.021143,0.008057,0.032043,-29.89,-52.8,-62.61,2,-0.000001,-0.008881,0.007446,-41.03,t,https://portal.wildtrax.ca/home/aru-tasks/recording.html?taskId=2622050,https://wildtrax-aru.s3-accelerate.amazonaws.com/0d5d060b-afab-4c57-92f5-68f992202056/b7b645f37bd24a218f12945dc46aeae8.jpg,https://wildtrax-aru.s3-accelerate.amazonaws.com/0d5d060b-afab-4c57-92f5-68f992202056/8f258984519441e2a9ede1544e0ab23c.flac
CANFOR,Interior Broadleaf Working Group ARU Monitoring 2025 Limited Amplitude Processing,3701,MUS061A-LR-C,492663,2025-06-04 05:12:00,2894224,1SPT,2622050,t,RUGR,Ruffed Grouse,BONASA UMBELLUS,Aves,135.91,180.00,8.09,0.09kHz,0.81kHz,5261798,1,Non-vocal,1,,f,2,Leonard Patterson,2623,,f,-26.73,-35.25,2,0.020035,-0.067078,0.134552,-17.42,-33.93,-42.95,7,-0.008207,-0.05307,0.029449,-25.5,-26.05,-35.58,2,0.02107,-0.078857,0.154846,-16.2,-33.24,-43.35,5,-0.008631,-0.059387,0.032745,-24.53,t,https://portal.wildtrax.ca/home/aru-tasks/recording.html?taskId=2622050,https://wildtrax-aru.s3-accelerate.amazonaws.com/0d5d060b-afab-4c57-92f5-68f992202056/74ae1d2bec5c4d9187f0e036e792c335.jpg,https://wildtrax-aru.s3-accelerate.amazonaws.com/0d5d060b-afab-4c57-92f5-68f992202056/152b682de16d4bb49847afe0c7c232ee.flac
CANFOR,Interior Broadleaf Working Group ARU Monitoring 2025 Limited Amplitude Processing,3701,MUS061A-LR-C,492663,2025-06-04 05:12:00,2894224,1SPT,2622050,t,OCWA,Orange-crowned Warbler,LEIOTHLYPIS CELATA,Aves,142.03,180.00,0.98,3.54kHz,6.22kHz,5261791,2,Song,1,,f,1,Leonard Patterson,2623,,f,-27.74,-33.77,2,0.020074,-0.042206,0.104889,-19.59,-56.79,-62.54,3,0,-0.005493,0.005463,-45.2,-26.58,-33.69,2,0.02119,-0.047607,0.117035,-18.63,-55.14,-60.01,2,0,-0.007782,0.007446,-42.18,t,https://portal.wildtrax.ca/home/aru-tasks/recording.html?taskId=2622050,https://wildtrax-aru.s3-accelerate.amazonaws.com/0d5d060b-afab-4c57-92f5-68f992202056/03080d536f2c42e9b8b6c79d5c45f377.jpg,https://wildtrax-aru.s3-accelerate.amazonaws.com/0d5d060b-afab-4c57-92f5-68f992202056/945322c429964195be93b4f0dca98ccf.flac
CANFOR,Interior Broadleaf Working Group ARU Monitoring 2025 Limited Amplitude Processing,3701,MUS061A-LR-C,492663,2025-06-04 05:12:00,2894224,1SPT,2622050,t,AMRE,American Redstart,SETOPHAGA RUTICILLA,Aves,145.36,180.00,0.84,4.78kHz,8.13kHz,5261790,1,Song,1,,f,2,Leonard Patterson,2623,,f,-33.29,-34.67,2,0.019931,0.01062,0.029572,-30.58,-64.04,-65.83,2,0,-0.003571,0.00354,-48.95,-32.75,-34.76,2,0.021012,0.010162,0.031799,-29.95,-58.57,-65.24,2,0,-0.004791,0.005188,-45.7,t,https://portal.wildtrax.ca/home/aru-tasks/recording.html?taskId=2622050,https://wildtrax-aru.s3-accelerate.amazonaws.com/0d5d060b-afab-4c57-92f5-68f992202056/fbcd181d83474fcc952e59ecd6c2ceb9.jpg,https://wildtrax-aru.s3-accelerate.amazonaws.com/0d5d060b-afab-4c57-92f5-68f992202056/4891695dbd704268ba0e780d9b74fded.flac
CANFOR,Interior Broadleaf Working Group ARU Monitoring 2025 Limited Amplitude Processing,3701,MUS061A-LR-C,492663,2025-06-04 05:12:00,2894224,1SPT,2622050,t,AMRE,American Redstart,SETOPHAGA RUTICILLA,Aves,152.43,180.00,0.81,4.83kHz,8.18kHz,5261789,2,Song,1,,f,2,Leonard Patterson,2623,,f,-33.41,-34.4,2,0.020115,0.011444,0.029022,-30.75,-63.22,-65.34,2,-0.000001,-0.005768,0.004608,-44.78,-32.49,-34.47,2,0.021134,0.006714,0.033081,-29.61,-55.04,-62.58,2,0,-0.005341,0.005035,-45.45,t,https://portal.wildtrax.ca/home/aru-tasks/recording.html?taskId=2622050,https://wildtrax-aru.s3-accelerate.amazonaws.com/0d5d060b-afab-4c57-92f5-68f992202056/b8a1aa9889104c5f8d264fde3bed03f4.jpg,https://wildtrax-aru.s3-accelerate.amazonaws.com/0d5d060b-afab-4c57-92f5-68f992202056/f24a1107d43549b0a2556db18218e215.flac
CANFOR,Interior Broadleaf Working Group ARU Monitoring 2025 Limited Amplitude Processing,3701,MUS061A-LR-C,492663,2025-06-04 05:12:00,2894224,1SPT,2622050,t,DUFL,Dusky Flycatcher,EMPIDONAX OBERHOLSERI,Aves,157.90,180.00,0.40,4.00kHz,6.37kHz,5261812,2,Song,1,,f,1,Leonard Patterson,2623,,f,-33.52,-34.14,2,0.02018,0.011871,0.02832,-30.96,-63.02,-65.42,2,-0.000001,-0.002991,0.002533,-50.48,-33.22,-33.89,2,0.020814,0.012634,0.029449,-30.62,-64.08,-65.79,2,0,-0.003082,0.002686,-50.22,t,https://portal.wildtrax.ca/home/aru-tasks/recording.html?taskId=2622050,https://wildtrax-aru.s3-accelerate.amazonaws.com/0d5d060b-afab-4c57-92f5-68f992202056/fb0f93424ebb41a99e763b8f506865cb.jpg,https://wildtrax-aru.s3-accelerate.amazonaws.com/0d5d060b-afab-4c57-92f5-68f992202056/ca747ee37bf742cb82e0a8aaf74e1e39.flac
CANFOR,Interior Broadleaf Working Group ARU Monitoring 2025 Limited Amplitude Processing,3701,MUS061A-LR-C,492663,2025-06-07 05:10:00,2894223,1SPT,2622049,t,OCWA,Orange-crowned Warbler,LEIOTHLYPIS CELATA,Aves,7.90,180.00,1.09,3.39kHz,6.02kHz,5261297,1,Song,1,,f,2,Leonard Patterson,2623,,f,-32.64,-34.62,2,0.020288,0.006866,0.032806,-29.68,-60.31,-64.29,2,0,-0.003937,0.003448,-48.1,-32.12,-34.28,2,0.021292,0.006195,0.035126,-29.09,-57.61,-62.4,2,0,-0.005554,0.005493,-45.11,t,https://portal.wildtrax.ca/home/aru-tasks/recording.html?taskId=2622049,https://wildtrax-aru.s3-accelerate.amazonaws.com/a84a1e1b-7d95-4eb2-9535-aa111bfa3cc8/dbeb268d1e084c3bb57b5ee282d421fa.jpg,https://wildtrax-aru.s3-accelerate.amazonaws.com/a84a1e1b-7d95-4eb2-9535-aa111bfa3cc8/cd3000f83c58441e868aeaef44a4dd00.flac
CANFOR,Interior Broadleaf Working Group ARU Monitoring 2025 Limited Amplitude Processing,3701,MUS061A-LR-C,492663,2025-06-07 05:10:00,2894223,1SPT,2622049,t,DEJU,Dark-eyed Junco,JUNCO HYEMALIS,Aves,10.58,180.00,1.14,2.62kHz,5.19kHz,5261298,1,Song,1,,f,2,Leonard Patterson,2623,,f,-32.24,-34.67,2,0.02019,0.006134,0.037048,-28.62,-61.61,-65.11,3,-0.000001,-0.005859,0.00412,-44.64,-31.81,-34.21,2,0.021309,0.006592,0.039978,-27.96,-59.76,-64.22,2,0,-0.006042,0.004089,-44.38,t,https://portal.wildtrax.ca/home/aru-tasks/recording.html?taskId=2622049,https://wildtrax-aru.s3-accelerate.amazonaws.com/a84a1e1b-7d95-4eb2-9535-aa111bfa3cc8/1c59077c372541e3bca5b0bbb163d255.jpg,https://wildtrax-aru.s3-accelerate.amazonaws.com/a84a1e1b-7d95-4eb2-9535-aa111bfa3cc8/1b170a2ecf2640f69385f6ce334ab386.flac
CANFOR,Interior Broadleaf Working Group ARU Monitoring 2025 Limited Amplitude Processing,3701,MUS061A-LR-C,492663,2025-06-07 05:10:00,2894223,1SPT,2622049,t,RUGR,Ruffed Grouse,BONASA UMBELLUS,Aves,23.10,180.00,9.98,0.09kHz,0.61kHz,5261303,1,Non-vocal,1,,f,2,Leonard Patterson,2623,,f,-27.26,-35.37,2,0.02024,-0.025482,0.10672,-19.44,-34.59,-43.17,7,-0.008291,-0.045624,0.011139,-26.82,-26.72,-34.9,3,0.021341,-0.029022,0.112579,-18.97,-34.05,-42.7,3,-0.008742,-0.048431,0.011902,-26.3,t,https://portal.wildtrax.ca/home/aru-tasks/recording.html?taskId=2622049,https://wildtrax-aru.s3-accelerate.amazonaws.com/a84a1e1b-7d95-4eb2-9535-aa111bfa3cc8/ca56a5d70ffb419a82110563a8f466d3.jpg,https://wildtrax-aru.s3-accelerate.amazonaws.com/a84a1e1b-7d95-4eb2-9535-aa111bfa3cc8/2d154a411674402d95a8551bb62edcd8.flac
CANFOR,Interior Broadleaf Working Group ARU Monitoring 2025 Limited Amplitude Processing,3701,MUS061A-LR-C,492663,2025-06-07 05:10:00,2894223,1SPT,2622049,t,SWTH,Swainson's Thrush,CATHARUS USTULATUS,Aves,28.55,180.00,0.93,1.48kHz,3.38kHz,5261304,1,Song,1,,f,2,Leonard Patterson,2623,,f,-28.76,-35.29,2,0.020441,-0.022095,0.099548,-20.04,-59.02,-65.21,2,-0.000001,-0.003296,0.002808,-49.64,-28.34,-34.66,2,0.021609,-0.023895,0.104614,-19.61,-56.49,-64.45,2,-0.000001,-0.003998,0.003662,-47.96,t,https://portal.wildtrax.ca/home/aru-tasks/recording.html?taskId=2622049,https://wildtrax-aru.s3-accelerate.amazonaws.com/a84a1e1b-7d95-4eb2-9535-aa111bfa3cc8/b3f98cca3d244213aa7ddd3467218cb2.jpg,https://wildtrax-aru.s3-accelerate.amazonaws.com/a84a1e1b-7d95-4eb2-9535-aa111bfa3cc8/1202089c67874f08ab75c1af8e073c98.flac
CANFOR,Interior Broadleaf Working Group ARU Monitoring 2025 Limited Amplitude Processing,3701,MUS061A-LR-C,492663,2025-06-07 05:10:00,2894223,1SPT,2622049,t,UNBI,Unidentified bird,"",Aves,34.96,180.00,0.59,3.02kHz,5.34kHz,5261305,1,Call,1,,f,1,Leonard Patterson,2623,,f,-32.98,-34.52,2,0.020169,0.006836,0.032471,-29.77,-57.35,-64.36,2,-0.000001,-0.004456,0.004364,-47.02,-32.51,-34.15,2,0.021241,0.008148,0.034637,-29.21,-56.71,-63.62,2,-0.000001,-0.004517,0.00473,-46.5,t,https://portal.wildtrax.ca/home/aru-tasks/recording.html?taskId=2622049,https://wildtrax-aru.s3-accelerate.amazonaws.com/a84a1e1b-7d95-4eb2-9535-aa111bfa3cc8/b3da174de7f64aaaa8463f2bad56479b.jpg,https://wildtrax-aru.s3-accelerate.amazonaws.com/a84a1e1b-7d95-4eb2-9535-aa111bfa3cc8/b6a5c63ac84a402c9846148f360b39c9.flac
CANFOR,Interior Broadleaf Working Group ARU Monitoring 2025 Limited Amplitude Processing,3701,MUS061A-LR-C,492663,2025-06-07 05:10:00,2894223,1SPT,2622049,t,OCWA,Orange-crowned Warbler,LEIOTHLYPIS CELATA,Aves,100.69,180.00,1.78,3.29kHz,6.12kHz,5261295,2,Song,1,,f,2,Leonard Patterson,2623,,f,-32.81,-34.69,2,0.02015,0.003967,0.035492,-29,-55.01,-64.76,2,0,-0.006561,0.006409,-43.66,-32.3,-34.27,2,0.021232,0.003876,0.038269,-28.34,-53.73,-63.77,2,0,-0.00705,0.006531,-43.04,t,https://portal.wildtrax.ca/home/aru-tasks/recording.html?taskId=2622049,https://wildtrax-aru.s3-accelerate.amazonaws.com/a84a1e1b-7d95-4eb2-9535-aa111bfa3cc8/6163a006194f4c50a5ace4d6387d0639.jpg,https://wildtrax-aru.s3-accelerate.amazonaws.com/a84a1e1b-7d95-4eb2-9535-aa111bfa3cc8/820d122a88fb404ca2f2b68d21521493.flac
CANFOR,Interior Broadleaf Working Group ARU Monitoring 2025 Limited Amplitude Processing,3701,MUS061A-LR-C,492663,2025-06-07 05:10:00,2894223,1SPT,2622049,t,RCKI,Ruby-crowned Kinglet,CORTHYLIO CALENDULA,Aves,105.46,180.00,1.95,1.95kHz,3.96kHz,5261307,1,Song,1,,f,2,Leonard Patterson,2623,,f,-32.68,-34.6,2,0.020149,-0.000275,0.040466,-27.86,-60.77,-66.36,2,0,-0.004028,0.003235,-47.9,-32.1,-34.12,2,0.021347,-0.000977,0.047516,-26.46,-56.09,-64.9,2,0,-0.004425,0.004272,-47.08,t,https://portal.wildtrax.ca/home/aru-tasks/recording.html?taskId=2622049,https://wildtrax-aru.s3-accelerate.amazonaws.com/a84a1e1b-7d95-4eb2-9535-aa111bfa3cc8/4e9e4051dfb441a283c5617bb761a81f.jpg,https://wildtrax-aru.s3-accelerate.amazonaws.com/a84a1e1b-7d95-4eb2-9535-aa111bfa3cc8/0ca0791ba0cb4bbfb1692c2d552b6ad8.flac
CANFOR,Interior Broadleaf Working Group ARU Monitoring 2025 Limited Amplitude Processing,3701,MUS061A-LR-C,492663,2025-06-07 05:10:00,2894223,1SPT,2622049,t,AMRE,American Redstart,SETOPHAGA RUTICILLA,Aves,148.50,180.00,0.79,5.09kHz,8.23kHz,5261300,1,Song,1,,f,2,Leonard Patterson,2623,,f,-32.82,-34.76,2,0.020295,0.008362,0.034698,-29.19,-62.84,-65.95,2,0,-0.003296,0.002991,-49.64,-32.4,-34.29,2,0.021388,0.007538,0.036133,-28.84,-54.98,-63.97,2,0,-0.004883,0.006226,-44.12,t,https://portal.wildtrax.ca/home/aru-tasks/recording.html?taskId=2622049,https://wildtrax-aru.s3-accelerate.amazonaws.com/a84a1e1b-7d95-4eb2-9535-aa111bfa3cc8/71dcc4d91da04a9a899ebdb3de50a351.jpg,https://wildtrax-aru.s3-accelerate.amazonaws.com/a84a1e1b-7d95-4eb2-9535-aa111bfa3cc8/464f39e8cee042269baa8a06db53a1a5.flac
CANFOR,Interior Broadleaf Working Group ARU Monitoring 2025 Limited Amplitude Processing,3701,MUS061A-LR-C,492663,2025-06-07 05:10:00,2894223,1SPT,2622049,t,DUFL,Dusky Flycatcher,EMPIDONAX OBERHOLSERI,Aves,158.44,180.00,2.71,1.90kHz,8.13kHz,5261302,1,Song,1,,f,2,Leonard Patterson,2623,,f,-32.29,-34.88,2,0.020185,-0.010712,0.048431,-26.3,-41.06,-62.46,2,0,-0.026855,0.028381,-30.94,-31.63,-34.5,2,0.02133,-0.009918,0.055969,-25.04,-39.52,-62.58,2,0,-0.02771,0.027161,-31.15,t,https://portal.wildtrax.ca/home/aru-tasks/recording.html?taskId=2622049,https://wildtrax-aru.s3-accelerate.amazonaws.com/a84a1e1b-7d95-4eb2-9535-aa111bfa3cc8/448c2c04495f48ddb28230b67c511bac.jpg,https://wildtrax-aru.s3-accelerate.amazonaws.com/a84a1e1b-7d95-4eb2-9535-aa111bfa3cc8/2629e8423a11424282b76b3a97941027.flac
CANFOR,Interior Broadleaf Working Group ARU Monitoring 2025 Limited Amplitude Processing,3701,MUS061A-LR-C,492663,2025-06-07 05:10:00,2894223,1SPT,2622049,t,WAVI,Warbling Vireo,VIREO GILVUS,Aves,163.47,180.00,1.43,1.54kHz,4.73kHz,5261325,1,Song,1,,f,2,Leonard Patterson,2623,,f,-32.59,-34.72,2,0.020154,0.004761,0.03421,-29.32,-61.95,-64.63,2,-0.000001,-0.008423,0.003174,-41.49,-32.04,-34.37,2,0.021192,0.004669,0.036987,-28.64,-59.77,-64.03,2,-0.000001,-0.009491,0.003296,-40.45,t,https://portal.wildtrax.ca/home/aru-tasks/recording.html?taskId=2622049,https://wildtrax-aru.s3-accelerate.amazonaws.com/a84a1e1b-7d95-4eb2-9535-aa111bfa3cc8/3c50a2267ebc4e959c0b39e936fb1e9a.jpg,https://wildtrax-aru.s3-accelerate.amazonaws.com/a84a1e1b-7d95-4eb2-9535-aa111bfa3cc8/2136b12ef281474b829eda1ddfa173c4.flac
CANFOR,Interior Broadleaf Working Group ARU Monitoring 2025 Limited Amplitude Processing,3701,MUS061A-LR-C,492663,2025-06-07 05:10:00,2894223,1SPT,2622049,t,AMRE,American Redstart,SETOPHAGA RUTICILLA,Aves,166.17,180.00,0.99,3.90kHz,7.87kHz,5261315,2,Song,1,,f,2,Leonard Patterson,2623,,f,-32.82,-34.71,2,0.020285,0.007294,0.031189,-30.12,-61.78,-64.02,2,0,-0.004852,0.003052,-46.28,-32.42,-34.27,2,0.021327,0.006348,0.034546,-29.23,-58.48,-63.12,3,0,-0.005035,0.004578,-45.96,t,https://portal.wildtrax.ca/home/aru-tasks/recording.html?taskId=2622049,https://wildtrax-aru.s3-accelerate.amazonaws.com/a84a1e1b-7d95-4eb2-9535-aa111bfa3cc8/14dc00893e8a43208392ac4138ed8412.jpg,https://wildtrax-aru.s3-accelerate.amazonaws.com/a84a1e1b-7d95-4eb2-9535-aa111bfa3cc8/c00fd6d1e87442748e936e75924c88a9.flac
CANFOR,Interior Broadleaf Working Group ARU Monitoring 2025 Limited Amplitude Processing,3701,MUS061A-LR-C,492663,2025-06-07 05:10:00,2894223,1SPT,2622049,t,WTSP,White-throated Sparrow,ZONOTRICHIA ALBICOLLIS,Aves,177.12,180.00,0.95,3.54kHz,5.03kHz,5261318,1,Song,1,,f,1,Leonard Patterson,2623,,f,-32.84,-34.76,2,0.02018,0.008118,0.034088,-29.35,-59.58,-66.97,2,0,-0.002747,0.002716,-51.22,-32.32,-34.29,2,0.021226,0.008118,0.035278,-29.05,-61.69,-67.05,2,0,-0.002747,0.002808,-51.03,t,https://portal.wildtrax.ca/home/aru-tasks/recording.html?taskId=2622049,https://wildtrax-aru.s3-accelerate.amazonaws.com/a84a1e1b-7d95-4eb2-9535-aa111bfa3cc8/1a7ee459dbf34b1c8e7af1552ddc8861.jpg,https://wildtrax-aru.s3-accelerate.amazonaws.com/a84a1e1b-7d95-4eb2-9535-aa111bfa3cc8/5775b9cabd014d7ba6221e31a425eb4c.flac
CANFOR,Interior Broadleaf Working Group ARU Monitoring 2025 Limited Amplitude Processing,3701,MUS061A-LR-C,492663,2025-06-10 05:09:00,2894225,1SPT,2622051,t,UNWO,Unidentified Woodpecker,"",Aves,0.40,180.00,1.63,0.09kHz,2.87kHz,5266974,1,Non-vocal,1,,f,2,Leonard Patterson,2623,,f,-32.94,-34.4,2,0.020321,0.006531,0.032623,-29.73,-40.02,-41.53,2,-0.008966,-0.021027,-0.00296,-33.54,-32.65,-34.17,2,0.021401,0.006775,0.034485,-29.25,-39.72,-41.26,3,-0.009443,-0.018646,-0.000946,-34.59,t,https://portal.wildtrax.ca/home/aru-tasks/recording.html?taskId=2622051,https://wildtrax-aru.s3-accelerate.amazonaws.com/0d43281a-ea24-4f78-9127-d75b604f0e01/b280c2761bf24fe59cf3d42fb4e2a21c.jpg,https://wildtrax-aru.s3-accelerate.amazonaws.com/0d43281a-ea24-4f78-9127-d75b604f0e01/a57f2d2c335b4536b78504e54bfe4790.flac
CANFOR,Interior Broadleaf Working Group ARU Monitoring 2025 Limited Amplitude Processing,3701,MUS061A-LR-C,492663,2025-06-10 05:09:00,2894225,1SPT,2622051,t,DEJU,Dark-eyed Junco,JUNCO HYEMALIS,Aves,3.90,180.00,0.75,2.76kHz,5.54kHz,5261822,1,Song,1,,f,1,Leonard Patterson,2623,,f,-33.01,-34.22,2,0.020245,0.010315,0.030792,-30.23,-56.51,-60.16,2,0,-0.005066,0.005463,-45.25,-32.46,-33.79,2,0.02136,0.009399,0.033569,-29.48,-54.9,-58.5,2,0,-0.006348,0.006531,-43.7,t,https://portal.wildtrax.ca/home/aru-tasks/recording.html?taskId=2622051,https://wildtrax-aru.s3-accelerate.amazonaws.com/0d43281a-ea24-4f78-9127-d75b604f0e01/8d8afd9843654860a9c0311973f4a9f3.jpg,https://wildtrax-aru.s3-accelerate.amazonaws.com/0d43281a-ea24-4f78-9127-d75b604f0e01/99d86889a1bf4fd79c7e63d5d4d0b1ca.flac
CANFOR,Interior Broadleaf Working Group ARU Monitoring 2025 Limited Amplitude Processing,3701,MUS061A-LR-C,492663,2025-06-10 05:09:00,2894225,1SPT,2622051,t,DEJU,Dark-eyed Junco,JUNCO HYEMALIS,Aves,6.96,180.00,1.79,2.71kHz,6.57kHz,5261820,2,Song,1,,f,1,Leonard Patterson,2623,,f,-33.18,-34.27,2,0.020262,0.00351,0.038269,-28.34,-47.78,-60.83,2,0,-0.014709,0.015167,-36.38,-32.82,-33.74,2,0.021466,0.009033,0.035828,-28.92,-50.06,-61.23,2,0,-0.010498,0.010559,-39.53,t,https://portal.wildtrax.ca/home/aru-tasks/recording.html?taskId=2622051,https://wildtrax-aru.s3-accelerate.amazonaws.com/0d43281a-ea24-4f78-9127-d75b604f0e01/91bdcc6ccf7f4818874b589b8e8365e7.jpg,https://wildtrax-aru.s3-accelerate.amazonaws.com/0d43281a-ea24-4f78-9127-d75b604f0e01/ad5c709339b84e76a21260ee345d4a1e.flac
CANFOR,Interior Broadleaf Working Group ARU Monitoring 2025 Limited Amplitude Processing,3701,MUS061A-LR-C,492663,2025-06-10 05:09:00,2894225,1SPT,2622051,t,WTSP,White-throated Sparrow,ZONOTRICHIA ALBICOLLIS,Aves,20.68,180.00,1.29,3.17kHz,4.15kHz,5266972,1,Song,1,,f,1,Leonard Patterson,2623,,f,-33.31,-34.24,2,0.020203,0.012665,0.029236,-30.68,-64.29,-69.95,4,0,-0.001953,0.001831,-54.19,-32.88,-33.75,2,0.021295,0.012756,0.031189,-30.12,-65.95,-69.63,2,0,-0.002075,0.002106,-53.53,t,https://portal.wildtrax.ca/home/aru-tasks/recording.html?taskId=2622051,https://wildtrax-aru.s3-accelerate.amazonaws.com/0d43281a-ea24-4f78-9127-d75b604f0e01/afea32a4f0e546239346a743ea0c8cdd.jpg,https://wildtrax-aru.s3-accelerate.amazonaws.com/0d43281a-ea24-4f78-9127-d75b604f0e01/5e2ff2784ad845baa55912755cd30082.flac
CANFOR,Interior Broadleaf Working Group ARU Monitoring 2025 Limited Amplitude Processing,3701,MUS061A-LR-C,492663,2025-06-10 05:09:00,2894225,1SPT,2622051,t,YRWA,Yellow-rumped Warbler,SETOPHAGA CORONATA,Aves,25.73,180.00,1.39,3.12kHz,6.06kHz,5261823,1,Song,1,,f,2,Leonard Patterson,2623,,f,-33.1,-34.38,2,0.020247,0.005432,0.035583,-28.98,-46.91,-60.17,2,0,-0.012909,0.013153,-37.62,-32.7,-34.06,2,0.021292,0.001404,0.042175,-27.5,-43.81,-58.39,2,0,-0.018616,0.019196,-34.34,t,https://portal.wildtrax.ca/home/aru-tasks/recording.html?taskId=2622051,https://wildtrax-aru.s3-accelerate.amazonaws.com/0d43281a-ea24-4f78-9127-d75b604f0e01/6f530c6d6c394fda912c66bcb951f1c7.jpg,https://wildtrax-aru.s3-accelerate.amazonaws.com/0d43281a-ea24-4f78-9127-d75b604f0e01/9a9ce98c2298451e948da016f01544ab.flac
CANFOR,Interior Broadleaf Working Group ARU Monitoring 2025 Limited Amplitude Processing,3701,MUS061A-LR-C,492663,2025-06-10 05:09:00,2894225,1SPT,2622051,t,AMRE,American Redstart,SETOPHAGA RUTICILLA,Aves,38.25,180.00,1.29,3.54kHz,8.69kHz,5266983,1,Song,1,,f,1,Leonard Patterson,2623,,f,-33.37,-34.48,2,0.020156,0.009613,0.028473,-30.91,-56.84,-63.89,2,0,-0.007385,0.006958,-42.63,-32.89,-33.83,2,0.021262,0.010681,0.031372,-30.07,-57.15,-64,2,0,-0.00589,0.004456,-44.6,t,https://portal.wildtrax.ca/home/aru-tasks/recording.html?taskId=2622051,https://wildtrax-aru.s3-accelerate.amazonaws.com/0d43281a-ea24-4f78-9127-d75b604f0e01/4517301a9d614e32a09b8c9c5254379a.jpg,https://wildtrax-aru.s3-accelerate.amazonaws.com/0d43281a-ea24-4f78-9127-d75b604f0e01/6cb11ffe93a24e28af4819e554d452a9.flac
CANFOR,Interior Broadleaf Working Group ARU Monitoring 2025 Limited Amplitude Processing,3701,MUS061A-LR-C,492663,2025-06-10 05:09:00,2894225,1SPT,2622051,t,DUFL,Dusky Flycatcher,EMPIDONAX OBERHOLSERI,Aves,47.63,180.00,2.69,1.06kHz,7.55kHz,5261824,1,Song,1,,f,1,Leonard Patterson,2623,,f,-32.95,-34.34,2,0.020262,0.001587,0.046021,-26.74,-43.75,-60.54,2,-0.000001,-0.021545,0.020996,-33.33,-32.53,-34.02,2,0.021328,0.000458,0.043274,-27.28,-43.66,-60.38,2,-0.000001,-0.018799,0.019165,-34.35,t,https://portal.wildtrax.ca/home/aru-tasks/recording.html?taskId=2622051,https://wildtrax-aru.s3-accelerate.amazonaws.com/0d43281a-ea24-4f78-9127-d75b604f0e01/1febcd214e654208892c9554e8525a6a.jpg,https://wildtrax-aru.s3-accelerate.amazonaws.com/0d43281a-ea24-4f78-9127-d75b604f0e01/422d76edc2144a9197c587d578e2228e.flac
CANFOR,Interior Broadleaf Working Group ARU Monitoring 2025 Limited Amplitude Processing,3701,MUS061A-LR-C,492663,2025-06-10 05:09:00,2894225,1SPT,2622051,t,OCWA,Orange-crowned Warbler,LEIOTHLYPIS CELATA,Aves,53.25,180.00,0.46,3.02kHz,5.39kHz,5267001,1,Song,1,,f,1,Leonard Patterson,2623,,f,-33.44,-33.99,2,0.020107,0.010925,0.028503,-30.9,-60.49,-62.67,2,-0.000001,-0.003815,0.003998,-47.96,-33.13,-33.54,2,0.021105,0.012207,0.029053,-30.74,-58.71,-60.86,3,-0.000001,-0.004547,0.003937,-46.85,t,https://portal.wildtrax.ca/home/aru-tasks/recording.html?taskId=2622051,https://wildtrax-aru.s3-accelerate.amazonaws.com/0d43281a-ea24-4f78-9127-d75b604f0e01/448b89c955004f5b9f24619a61878172.jpg,https://wildtrax-aru.s3-accelerate.amazonaws.com/0d43281a-ea24-4f78-9127-d75b604f0e01/5dc3fa27f86b476497724f5618679bff.flac
CANFOR,Interior Broadleaf Working Group ARU Monitoring 2025 Limited Amplitude Processing,3701,MUS061A-LR-C,492663,2025-06-10 05:09:00,2894225,1SPT,2622051,t,DUFL,Dusky Flycatcher,EMPIDONAX OBERHOLSERI,Aves,60.68,180.00,0.40,3.38kHz,6.78kHz,5266998,2,Song,1,,f,1,Leonard Patterson,2623,,f,-33.6,-34.25,2,0.020254,0.011414,0.028687,-30.85,-57,-63.88,2,-0.000001,-0.006165,0.006134,-44.2,-33.06,-33.77,2,0.021392,0.013367,0.02829,-30.97,-60.05,-64.45,2,-0.000001,-0.005432,0.004272,-45.3,t,https://portal.wildtrax.ca/home/aru-tasks/recording.html?taskId=2622051,https://wildtrax-aru.s3-accelerate.amazonaws.com/0d43281a-ea24-4f78-9127-d75b604f0e01/c417610a0aba4f77bb423576997c34e2.jpg,https://wildtrax-aru.s3-accelerate.amazonaws.com/0d43281a-ea24-4f78-9127-d75b604f0e01/47251af7de0a471da8cdd5147186d814.flac
CANFOR,Interior Broadleaf Working Group ARU Monitoring 2025 Limited Amplitude Processing,3701,MUS061A-LR-C,492663,2025-06-10 05:09:00,2894225,1SPT,2622051,t,DEJU,Dark-eyed Junco,JUNCO HYEMALIS,Aves,82.79,180.00,1.25,2.82kHz,5.24kHz,5267011,3,Song,1,,f,1,Leonard Patterson,2623,,f,-33.27,-34.26,3,0.020219,0.012085,0.028198,-31,-63.77,-65.96,2,0,-0.004517,0.003479,-46.9,-32.9,-33.84,2,0.021295,0.012634,0.028564,-30.88,-63.55,-65.54,2,0,-0.004578,0.003174,-46.79,t,https://portal.wildtrax.ca/home/aru-tasks/recording.html?taskId=2622051,https://wildtrax-aru.s3-accelerate.amazonaws.com/0d43281a-ea24-4f78-9127-d75b604f0e01/fe9ef2282d1d437eb794cba8962708da.jpg,https://wildtrax-aru.s3-accelerate.amazonaws.com/0d43281a-ea24-4f78-9127-d75b604f0e01/12a22d79068840999bef211ba66e7b88.flac
CANFOR,Interior Broadleaf Working Group ARU Monitoring 2025 Limited Amplitude Processing,3701,MUS061A-LR-C,492663,2025-06-10 05:09:00,2894225,1SPT,2622051,t,WISN,Wilson's Snipe,GALLINAGO DELICATA,Aves,97.33,180.00,1.79,0.09kHz,1.38kHz,5267018,1,Non-vocal,1,,f,2,Leonard Patterson,2623,,f,-33.01,-34.14,2,0.020257,-0.004761,0.050995,-25.85,-40.33,-41.45,4,-0.008936,-0.014526,-0.003235,-36.76,-32.47,-33.87,2,0.021332,-0.00473,0.05542,-25.13,-39.74,-41.06,4,-0.009411,-0.015869,-0.003723,-35.99,t,https://portal.wildtrax.ca/home/aru-tasks/recording.html?taskId=2622051,https://wildtrax-aru.s3-accelerate.amazonaws.com/0d43281a-ea24-4f78-9127-d75b604f0e01/77a050fe007d475d9752542eb3173f5e.jpg,https://wildtrax-aru.s3-accelerate.amazonaws.com/0d43281a-ea24-4f78-9127-d75b604f0e01/d5fa264e979640fe9e4ba7bdd92def31.flac
CANFOR,Interior Broadleaf Working Group ARU Monitoring 2025 Limited Amplitude Processing,3701,MUS061A-LR-C,492663,2025-06-10 05:09:00,2894225,1SPT,2622051,t,SWTH,Swainson's Thrush,CATHARUS USTULATUS,Aves,102.71,180.00,0.78,1.27kHz,2.87kHz,5266993,1,Song,1,,f,2,Leonard Patterson,2623,,f,-33.37,-34.32,2,0.020205,0.000702,0.038605,-28.27,-64.74,-67.26,2,-0.000001,-0.004059,0.002441,-47.83,-32.94,-34.01,2,0.021331,0.006287,0.034912,-29.14,-60.88,-66.97,2,-0.000001,-0.004883,0.002747,-46.23,t,https://portal.wildtrax.ca/home/aru-tasks/recording.html?taskId=2622051,https://wildtrax-aru.s3-accelerate.amazonaws.com/0d43281a-ea24-4f78-9127-d75b604f0e01/b42c8bee29f04485a4a38e527865c60c.jpg,https://wildtrax-aru.s3-accelerate.amazonaws.com/0d43281a-ea24-4f78-9127-d75b604f0e01/a391bb11c332436d80f3b94620d587e5.flac
CANFOR,Interior Broadleaf Working Group ARU Monitoring 2025 Limited Amplitude Processing,3701,MUS061A-LR-C,492663,2025-06-10 05:09:00,2894225,1SPT,2622051,t,OCWA,Orange-crowned Warbler,LEIOTHLYPIS CELATA,Aves,110.68,180.00,1.53,3.28kHz,6.37kHz,5261825,2,Song,1,,f,2,Leonard Patterson,2623,,f,-33.23,-34.22,2,0.0203,0.007111,0.032928,-29.65,-50.19,-61.06,2,0,-0.011261,0.010681,-38.97,-32.76,-34.03,2,0.021348,0.003998,0.038239,-28.35,-45.97,-58.6,3,0,-0.015381,0.015472,-36.21,t,https://portal.wildtrax.ca/home/aru-tasks/recording.html?taskId=2622051,https://wildtrax-aru.s3-accelerate.amazonaws.com/0d43281a-ea24-4f78-9127-d75b604f0e01/db898af48e7e44f78cda8a6d27989654.jpg,https://wildtrax-aru.s3-accelerate.amazonaws.com/0d43281a-ea24-4f78-9127-d75b604f0e01/4248edc522c54666a6d21e0f0d090205.flac
CANFOR,Interior Broadleaf Working Group ARU Monitoring 2025 Limited Amplitude Processing,3701,MUS061A-LR-C,492663,2025-06-10 05:09:00,2894225,1SPT,2622051,t,RUGR,Ruffed Grouse,BONASA UMBELLUS,Aves,130.77,180.00,9.89,0.08kHz,0.85kHz,5267025,1,Non-vocal,1,,f,2,Leonard Patterson,2623,,f,-30.03,-34.72,2,0.020278,-0.016174,0.072357,-22.81,-36.4,-41.34,6,-0.009488,-0.034058,0.008148,-29.36,-29.44,-34.37,2,0.021305,-0.018707,0.077148,-22.25,-35.8,-40.99,5,-0.009969,-0.037506,0.008575,-28.52,t,https://portal.wildtrax.ca/home/aru-tasks/recording.html?taskId=2622051,https://wildtrax-aru.s3-accelerate.amazonaws.com/0d43281a-ea24-4f78-9127-d75b604f0e01/7a652f5291e247c98ff45615ca5ff5e0.jpg,https://wildtrax-aru.s3-accelerate.amazonaws.com/0d43281a-ea24-4f78-9127-d75b604f0e01/9ce4d9bca3bf407bbba573016af53699.flac
CANFOR,Interior Broadleaf Working Group ARU Monitoring 2025 Limited Amplitude Processing,3701,MUS061A-LR-C,492663,2025-06-10 05:09:00,2894225,1SPT,2622051,t,WTSP,White-throated Sparrow,ZONOTRICHIA ALBICOLLIS,Aves,147.47,180.00,2.41,2.30kHz,4.72kHz,5266966,2,Song,1,,f,1,Leonard Patterson,2623,,f,-33.04,-34.43,2,0.020282,0.002289,0.039429,-28.08,-42.16,-65.19,2,0,-0.014526,0.01416,-36.76,-32.48,-34.06,2,0.021262,0.005066,0.036255,-28.81,-45.08,-65.01,2,0,-0.012451,0.012512,-38.05,t,https://portal.wildtrax.ca/home/aru-tasks/recording.html?taskId=2622051,https://wildtrax-aru.s3-accelerate.amazonaws.com/0d43281a-ea24-4f78-9127-d75b604f0e01/f7fe22c8386d4777b2819e62c8d36a97.jpg,https://wildtrax-aru.s3-accelerate.amazonaws.com/0d43281a-ea24-4f78-9127-d75b604f0e01/ca26fac56851487981fa386a460a216e.flac
CANFOR,Interior Broadleaf Working Group ARU Monitoring 2025 Limited Amplitude Processing,3701,MUS061A-LR-C,492663,2025-06-10 05:09:00,2894225,1SPT,2622051,t,WTSP,White-throated Sparrow,ZONOTRICHIA ALBICOLLIS,Aves,159.23,180.00,1.73,2.55kHz,3.48kHz,5266961,3,Song,1,,f,1,Leonard Patterson,2623,,f,-32.67,-34.32,2,0.020257,-0.001678,0.04187,-27.56,-62.43,-69.05,3,0,-0.002136,0.002167,-53.28,-32.39,-34.14,2,0.021391,0.000061,0.042908,-27.35,-63.95,-69.74,2,0,-0.002594,0.002625,-51.62,t,https://portal.wildtrax.ca/home/aru-tasks/recording.html?taskId=2622051,https://wildtrax-aru.s3-accelerate.amazonaws.com/0d43281a-ea24-4f78-9127-d75b604f0e01/0b71a3a208f9461ca05edcfa8be93c4f.jpg,https://wildtrax-aru.s3-accelerate.amazonaws.com/0d43281a-ea24-4f78-9127-d75b604f0e01/6436cff0c14a42439f1553e8b91202c6.flac
CANFOR,Interior Broadleaf Working Group ARU Monitoring 2025 Limited Amplitude Processing,3701,MUS061A-LR-C,492663,2025-06-10 05:09:00,2894225,1SPT,2622051,t,RCKI,Ruby-crowned Kinglet,CORTHYLIO CALENDULA,Aves,161.69,180.00,1.08,1.99kHz,3.69kHz,5267037,1,Song,1,,f,1,Leonard Patterson,2623,,t,-33.31,-34.47,2,0.020259,0.001068,0.037781,-28.45,-62.62,-67.32,2,0,-0.004089,0.003113,-47.77,-32.69,-34.03,2,0.021384,0.003021,0.041931,-27.55,-64.44,-67.78,2,0,-0.004303,0.003113,-47.32,t,https://portal.wildtrax.ca/home/aru-tasks/recording.html?taskId=2622051,https://wildtrax-aru.s3-accelerate.amazonaws.com/0d43281a-ea24-4f78-9127-d75b604f0e01/87914d69029f484b813373b122c027a2.jpg,https://wildtrax-aru.s3-accelerate.amazonaws.com/0d43281a-ea24-4f78-9127-d75b604f0e01/0908aa26e52e4a3c888d3c90bf97f0c9.flac
CANFOR,Interior Broadleaf Working Group ARU Monitoring 2025 Limited Amplitude Processing,3701,MUS061A-LR-C,492663,2025-06-10 05:09:00,2894225,1SPT,2622051,t,AMRO,American Robin,TURDUS MIGRATORIUS,Aves,169.18,180.00,1.09,1.83kHz,3.74kHz,5267047,1,Song,1,,f,2,Leonard Patterson,2623,,f,-33.24,-34.28,2,0.020208,0.010529,0.031799,-29.95,-59.84,-67.12,2,-0.000001,-0.004883,0.003235,-46.23,-32.79,-33.91,2,0.02134,0.009705,0.034882,-29.15,-53.74,-66.58,2,-0.000001,-0.005219,0.005585,-45.06,t,https://portal.wildtrax.ca/home/aru-tasks/recording.html?taskId=2622051,https://wildtrax-aru.s3-accelerate.amazonaws.com/0d43281a-ea24-4f78-9127-d75b604f0e01/fcd784f50bf04ec3a730dfe08db5c36c.jpg,https://wildtrax-aru.s3-accelerate.amazonaws.com/0d43281a-ea24-4f78-9127-d75b604f0e01/d26e7d255ea74c2a8bb8f3a81385465e.flac
CANFOR,Interior Broadleaf Working Group ARU Monitoring 2025 Limited Amplitude Processing,3701,MUS061A-LR-C,492663,2025-06-10 05:09:00,2894225,1SPT,2622051,t,CHSP,Chipping Sparrow,SPIZELLA PASSERINA,Aves,176.13,180.00,1.31,3.53kHz,5.28kHz,5267033,1,Song,1,,f,1,Leonard Patterson,2623,,f,-33.27,-34.28,2,0.020321,0.00882,0.031128,-30.14,-58.32,-62.14,2,0,-0.0047,0.004822,-46.34,-32.77,-33.84,2,0.021313,0.010437,0.031464,-30.04,-59.08,-62.66,2,0,-0.004456,0.004364,-47.02,t,https://portal.wildtrax.ca/home/aru-tasks/recording.html?taskId=2622051,https://wildtrax-aru.s3-accelerate.amazonaws.com/0d43281a-ea24-4f78-9127-d75b604f0e01/26e668a102874cd6a1905e1ba1073bcc.jpg,https://wildtrax-aru.s3-accelerate.amazonaws.com/0d43281a-ea24-4f78-9127-d75b604f0e01/9b682a329c884cfdbda5aac510b67c97.flac
CANFOR,Interior Broadleaf Working Group ARU Monitoring 2025 Limited Amplitude Processing,3701,MUS061A-LR-C,492663,2025-06-10 05:09:00,2894225,1SPT,2622051,t,WAVI,Warbling Vireo,VIREO GILVUS,Aves,177.43,180.00,1.18,1.43kHz,4.47kHz,5266990,1,Song,1,,f,2,Leonard Patterson,2623,,f,-33.27,-34.37,2,0.020182,0.008881,0.029572,-30.58,-59.96,-64.33,2,-0.000001,-0.006653,0.003021,-43.54,-32.79,-33.96,2,0.02124,0.008759,0.033203,-29.58,-55.9,-63.32,2,-0.000001,-0.006287,0.005249,-44.03,t,https://portal.wildtrax.ca/home/aru-tasks/recording.html?taskId=2622051,https://wildtrax-aru.s3-accelerate.amazonaws.com/0d43281a-ea24-4f78-9127-d75b604f0e01/39fc1a8c7dbb4c8f92461ea95de01857.jpg,https://wildtrax-aru.s3-accelerate.amazonaws.com/0d43281a-ea24-4f78-9127-d75b604f0e01/6bd4a6ed08f44ebba79569ea68f69a7b.flac
CANFOR,Interior Broadleaf Working Group ARU Monitoring 2025 Limited Amplitude Processing,3701,MUS111-FR-C,492659,2024-06-07 05:10:00,2757406,1SPT,3174363,t,ALFL,Alder Flycatcher,EMPIDONAX ALNORUM,Aves,14.95,180.00,0.28,3.57kHz,6.10kHz,5591344,1,Song,1,,f,2,Leonard Patterson,2623,,f,-31.82,-32.24,2,0.024787,0.013,0.0354,-29.02,-62.39,-63.22,2,-0.000001,-0.005524,0.005737,-44.83,-30.19,-30.39,2,0.031648,0.020905,0.044464,-27.04,-61.66,-62.67,2,-0.000001,-0.007355,0.005066,-42.67,t,https://portal.wildtrax.ca/home/aru-tasks/recording.html?taskId=3174363,https://wildtrax-aru.s3-accelerate.amazonaws.com/9b9e99a7-67f8-48b4-ab5d-905267c6c7c8/eec6132b143140019edbc8eed438d00e.jpg,https://wildtrax-aru.s3-accelerate.amazonaws.com/9b9e99a7-67f8-48b4-ab5d-905267c6c7c8/32abba4a09f349d1b6f0ca12e60c365d.flac
CANFOR,Interior Broadleaf Working Group ARU Monitoring 2025 Limited Amplitude Processing,3701,MUS111-FR-C,492659,2025-06-04 05:12:00,2894227,1SPT,2622053,t,RUGR,Ruffed Grouse,BONASA UMBELLUS,Aves,1.50,180.00,7.34,0.09kHz,0.40kHz,5266381,1,Non-vocal,1,,f,1,Leonard Patterson,2623,,f,-30.86,-33.11,2,0.024608,0.001831,0.051453,-25.77,-38.03,-40.37,2,-0.010719,-0.020905,-0.002197,-33.6,-29.18,-30.57,2,0.03108,0.00296,0.059204,-24.55,-36.38,-37.81,4,-0.013538,-0.022614,-0.006256,-32.91,t,https://portal.wildtrax.ca/home/aru-tasks/recording.html?taskId=2622053,https://wildtrax-aru.s3-accelerate.amazonaws.com/a04cb533-8d23-4902-b360-98cc8d545b53/9d57de2750f3495babccdef991f1e38f.jpg,https://wildtrax-aru.s3-accelerate.amazonaws.com/a04cb533-8d23-4902-b360-98cc8d545b53/d4c1805c4cc542dcba35d915cd4d45ff.flac
CANFOR,Interior Broadleaf Working Group ARU Monitoring 2025 Limited Amplitude Processing,3701,MUS111-FR-C,492659,2025-06-04 05:12:00,2894227,1SPT,2622053,t,WAVI,Warbling Vireo,VIREO GILVUS,Aves,10.93,180.00,1.86,1.38kHz,6.32kHz,5266383,1,Song,1,,f,2,Leonard Patterson,2623,,f,-31.58,-32.78,2,0.02461,0.010223,0.036682,-28.71,-51.21,-60.38,2,-0.000001,-0.0112,0.008606,-39.02,-29.63,-30.47,2,0.031052,0.015625,0.044281,-27.08,-46.61,-61.06,2,-0.000001,-0.012054,0.011688,-38.38,t,https://portal.wildtrax.ca/home/aru-tasks/recording.html?taskId=2622053,https://wildtrax-aru.s3-accelerate.amazonaws.com/a04cb533-8d23-4902-b360-98cc8d545b53/c586a20b418d4bd38a5b65d31972bb10.jpg,https://wildtrax-aru.s3-accelerate.amazonaws.com/a04cb533-8d23-4902-b360-98cc8d545b53/a621a930262347c1b4ada3bd500cc5a9.flac
CANFOR,Interior Broadleaf Working Group ARU Monitoring 2025 Limited Amplitude Processing,3701,MUS111-FR-C,492659,2025-06-04 05:12:00,2894227,1SPT,2622053,t,DUFL,Dusky Flycatcher,EMPIDONAX OBERHOLSERI,Aves,13.36,180.00,2.10,2.51kHz,7.25kHz,5266385,1,Song,1,,f,2,Leonard Patterson,2623,,f,-31.36,-32.97,2,0.02457,0.000763,0.047333,-26.5,-43.02,-62.17,2,0,-0.020386,0.020569,-33.74,-29.45,-30.5,2,0.031003,-0.002167,0.065186,-23.72,-38.8,-64.04,2,0,-0.032166,0.032318,-29.81,t,https://portal.wildtrax.ca/home/aru-tasks/recording.html?taskId=2622053,https://wildtrax-aru.s3-accelerate.amazonaws.com/a04cb533-8d23-4902-b360-98cc8d545b53/b3e35f5423b04f3cacf8d5334f722125.jpg,https://wildtrax-aru.s3-accelerate.amazonaws.com/a04cb533-8d23-4902-b360-98cc8d545b53/501988081d3d4e4ea32ee74a0fb48c67.flac
CANFOR,Interior Broadleaf Working Group ARU Monitoring 2025 Limited Amplitude Processing,3701,MUS111-FR-C,492659,2025-06-04 05:12:00,2894227,1SPT,2622053,t,DUFL,Dusky Flycatcher,EMPIDONAX OBERHOLSERI,Aves,22.80,180.00,0.23,3.59kHz,6.73kHz,5266386,2,Song,1,,f,1,Leonard Patterson,2623,,f,-32.11,-32.11,2,0.024565,0.010193,0.035553,-28.98,-54.45,-54.45,2,-0.000001,-0.006989,0.006622,-43.11,-30.02,-30.02,2,0.031407,0.018494,0.04245,-27.44,-52.8,-52.8,2,-0.000002,-0.009033,0.009186,-40.74,t,https://portal.wildtrax.ca/home/aru-tasks/recording.html?taskId=2622053,https://wildtrax-aru.s3-accelerate.amazonaws.com/a04cb533-8d23-4902-b360-98cc8d545b53/d375c5790acc4f459d252aaecc2aacc4.jpg,https://wildtrax-aru.s3-accelerate.amazonaws.com/a04cb533-8d23-4902-b360-98cc8d545b53/a5d3f686d11e46c2893503d26ab6532c.flac
CANFOR,Interior Broadleaf Working Group ARU Monitoring 2025 Limited Amplitude Processing,3701,MUS111-FR-C,492659,2025-06-04 05:12:00,2894227,1SPT,2622053,t,DEJU,Dark-eyed Junco,JUNCO HYEMALIS,Aves,75.81,180.00,1.40,3.69kHz,6.78kHz,5266393,1,Song,1,,f,1,Leonard Patterson,2623,,f,-31.26,-33.03,2,0.02442,0.011597,0.038116,-28.38,-60.55,-64.19,3,0,-0.005493,0.003937,-45.2,-29.67,-30.56,2,0.031143,0.021362,0.040619,-27.83,-63.95,-65.83,2,0,-0.006134,0.004425,-44.25,t,https://portal.wildtrax.ca/home/aru-tasks/recording.html?taskId=2622053,https://wildtrax-aru.s3-accelerate.amazonaws.com/a04cb533-8d23-4902-b360-98cc8d545b53/2fc1838cd527404582f2126765caf8fb.jpg,https://wildtrax-aru.s3-accelerate.amazonaws.com/a04cb533-8d23-4902-b360-98cc8d545b53/a5a490eae5ff4fbb82967b815f34bd05.flac
CANFOR,Interior Broadleaf Working Group ARU Monitoring 2025 Limited Amplitude Processing,3701,MUS111-FR-C,492659,2025-06-04 05:12:00,2894227,1SPT,2622053,t,WTSP,White-throated Sparrow,ZONOTRICHIA ALBICOLLIS,Aves,87.06,180.00,2.51,2.93kHz,3.44kHz,5266405,1,Song,1,,f,2,Leonard Patterson,2623,,f,-31.12,-33.26,2,0.024452,0.003418,0.042694,-27.39,-68.9,-73.01,3,0,-0.001434,0.001434,-56.87,-29.57,-30.67,2,0.031013,0.001953,0.058197,-24.7,-66.46,-74.61,2,0,-0.001984,0.002014,-53.92,t,https://portal.wildtrax.ca/home/aru-tasks/recording.html?taskId=2622053,https://wildtrax-aru.s3-accelerate.amazonaws.com/a04cb533-8d23-4902-b360-98cc8d545b53/2f43ccc4ee4b4e2f8d1c4087dccd7995.jpg,https://wildtrax-aru.s3-accelerate.amazonaws.com/a04cb533-8d23-4902-b360-98cc8d545b53/9fd99223c044438a9ed2a352cea6c95b.flac
CANFOR,Interior Broadleaf Working Group ARU Monitoring 2025 Limited Amplitude Processing,3701,MUS111-FR-C,492659,2025-06-04 05:12:00,2894227,1SPT,2622053,t,WTSP,White-throated Sparrow,ZONOTRICHIA ALBICOLLIS,Aves,110.20,180.00,1.14,3.44kHz,3.96kHz,5266404,2,Song,1,,f,2,Leonard Patterson,2623,,f,-31.41,-32.79,2,0.024646,0.008942,0.038422,-28.31,-64.64,-72.35,6,0,-0.001709,0.00177,-55.04,-29.77,-30.59,2,0.030977,0.020966,0.042572,-27.42,-63.14,-71.28,2,0,-0.00174,0.00177,-55.04,t,https://portal.wildtrax.ca/home/aru-tasks/recording.html?taskId=2622053,https://wildtrax-aru.s3-accelerate.amazonaws.com/a04cb533-8d23-4902-b360-98cc8d545b53/073681fb9fae473f92bac01db46a96d8.jpg,https://wildtrax-aru.s3-accelerate.amazonaws.com/a04cb533-8d23-4902-b360-98cc8d545b53/b770deb98a5a440e953b5ed136303c44.flac
CANFOR,Interior Broadleaf Working Group ARU Monitoring 2025 Limited Amplitude Processing,3701,MUS111-FR-C,492659,2025-06-04 05:12:00,2894227,1SPT,2622053,t,OCWA,Orange-crowned Warbler,LEIOTHLYPIS CELATA,Aves,112.40,180.00,0.38,4.63kHz,6.53kHz,5266399,1,Song,1,,f,2,Leonard Patterson,2623,,f,-31.39,-32.26,2,0.024677,0.011292,0.03476,-29.18,-64.13,-65.74,2,0,-0.00354,0.003113,-49.02,-29.75,-30.33,2,0.031041,0.023804,0.038788,-28.23,-64.88,-66.58,2,-0.000001,-0.003296,0.002899,-49.64,t,https://portal.wildtrax.ca/home/aru-tasks/recording.html?taskId=2622053,https://wildtrax-aru.s3-accelerate.amazonaws.com/a04cb533-8d23-4902-b360-98cc8d545b53/71f586855cb14b7792b642e7a9eecabd.jpg,https://wildtrax-aru.s3-accelerate.amazonaws.com/a04cb533-8d23-4902-b360-98cc8d545b53/38d42299efb64e2488c875eb7cfb35ee.flac
CANFOR,Interior Broadleaf Working Group ARU Monitoring 2025 Limited Amplitude Processing,3701,MUS111-FR-C,492659,2025-06-04 05:12:00,2894227,1SPT,2622053,t,WAVI,Warbling Vireo,VIREO GILVUS,Aves,141.56,180.00,1.29,1.90kHz,4.93kHz,5266406,2,Song,1,,f,1,Leonard Patterson,2623,,f,-31.48,-33.19,2,0.024467,0.011932,0.037872,-28.43,-54.38,-62.5,3,0,-0.00708,0.00766,-42.32,-29.67,-30.7,2,0.030953,0.020264,0.041473,-27.64,-56.65,-64.72,2,-0.000001,-0.008514,0.005096,-41.4,t,https://portal.wildtrax.ca/home/aru-tasks/recording.html?taskId=2622053,https://wildtrax-aru.s3-accelerate.amazonaws.com/a04cb533-8d23-4902-b360-98cc8d545b53/8862cb678d8a40c7b843bd4fb3cc7ff1.jpg,https://wildtrax-aru.s3-accelerate.amazonaws.com/a04cb533-8d23-4902-b360-98cc8d545b53/3ce43d4b7e27481e81969ac89bf97d95.flac
CANFOR,Interior Broadleaf Working Group ARU Monitoring 2025 Limited Amplitude Processing,3701,MUS111-FR-C,492659,2025-06-04 05:12:00,2894227,1SPT,2622053,t,OCWA,Orange-crowned Warbler,LEIOTHLYPIS CELATA,Aves,163.43,180.00,1.04,6.02kHz,10.08kHz,5266403,2,Song,1,,t,2,Leonard Patterson,2623,2623,f,-31.46,-32.81,2,0.024578,0.010406,0.037476,-28.53,-61.06,-63.67,2,0,-0.003601,0.00354,-48.87,-29.89,-30.53,2,0.030829,0.019958,0.04071,-27.81,-58.27,-63.6,2,0,-0.006073,0.006134,-44.25,t,https://portal.wildtrax.ca/home/aru-tasks/recording.html?taskId=2622053,https://wildtrax-aru.s3-accelerate.amazonaws.com/a04cb533-8d23-4902-b360-98cc8d545b53/03f821cbc6ce47bd8b78b82cd4e193ae.jpg,https://wildtrax-aru.s3-accelerate.amazonaws.com/a04cb533-8d23-4902-b360-98cc8d545b53/e895a3969ab143e8a513047d4838b534.flac
CANFOR,Interior Broadleaf Working Group ARU Monitoring 2025 Limited Amplitude Processing,3701,MUS111-FR-C,492659,2025-06-07 05:10:00,2894226,1SPT,2622052,t,MGWA,MacGillivray's Warbler,GEOTHLYPIS TOLMIEI,Aves,3.13,180.00,1.41,1.84kHz,6.42kHz,5266363,1,Song,1,,f,2,Leonard Patterson,2623,,f,-30.46,-32.61,2,0.024497,-0.031708,0.081696,-21.76,-36.09,-55.55,2,-0.000001,-0.055542,0.05838,-24.67,-28.49,-30.53,2,0.031068,-0.035736,0.091461,-20.78,-34.45,-55.25,2,-0.000001,-0.056732,0.061584,-24.21,t,https://portal.wildtrax.ca/home/aru-tasks/recording.html?taskId=2622052,https://wildtrax-aru.s3-accelerate.amazonaws.com/42d5cffa-f469-463e-9004-8fb0766963a9/18f4ddda03de4c5e8d3f7d536fd34ccb.jpg,https://wildtrax-aru.s3-accelerate.amazonaws.com/42d5cffa-f469-463e-9004-8fb0766963a9/d52083cccb894aa9bc6b9276074c1f2b.flac
CANFOR,Interior Broadleaf Working Group ARU Monitoring 2025 Limited Amplitude Processing,3701,MUS111-FR-C,492659,2025-06-07 05:10:00,2894226,1SPT,2622052,t,YRWA,Yellow-rumped Warbler,SETOPHAGA CORONATA,Aves,4.56,180.00,1.33,2.41kHz,5.86kHz,5266366,1,Song,1,,f,2,Leonard Patterson,2623,,f,-31.4,-32.81,2,0.024575,0.01004,0.038116,-28.38,-52.34,-62.23,2,-0.000001,-0.007935,0.007874,-42.01,-29.28,-30.86,2,0.031242,0.014801,0.048553,-26.28,-51.57,-62.99,2,-0.000001,-0.009033,0.008575,-40.88,t,https://portal.wildtrax.ca/home/aru-tasks/recording.html?taskId=2622052,https://wildtrax-aru.s3-accelerate.amazonaws.com/42d5cffa-f469-463e-9004-8fb0766963a9/9506f10530044e24a89896c547737679.jpg,https://wildtrax-aru.s3-accelerate.amazonaws.com/42d5cffa-f469-463e-9004-8fb0766963a9/a441fb0474df42cb84579e48be034c69.flac
CANFOR,Interior Broadleaf Working Group ARU Monitoring 2025 Limited Amplitude Processing,3701,MUS111-FR-C,492659,2025-06-07 05:10:00,2894226,1SPT,2622052,t,DUFL,Dusky Flycatcher,EMPIDONAX OBERHOLSERI,Aves,8.66,180.00,1.05,2.71kHz,7.30kHz,5266368,1,Song,1,,f,2,Leonard Patterson,2623,,f,-31.22,-32.76,2,0.024398,0.005432,0.045837,-26.78,-47.98,-63.47,2,0,-0.014862,0.014709,-36.56,-28.88,-31.27,2,0.030882,0.002136,0.06424,-23.84,-43.71,-63.75,2,-0.000001,-0.025909,0.026245,-31.62,t,https://portal.wildtrax.ca/home/aru-tasks/recording.html?taskId=2622052,https://wildtrax-aru.s3-accelerate.amazonaws.com/42d5cffa-f469-463e-9004-8fb0766963a9/37d52790dcd54fe69da6db62d01f5f9e.jpg,https://wildtrax-aru.s3-accelerate.amazonaws.com/42d5cffa-f469-463e-9004-8fb0766963a9/0f995202adf84795a2f1a1584604273a.flac
CANFOR,Interior Broadleaf Working Group ARU Monitoring 2025 Limited Amplitude Processing,3701,MUS111-FR-C,492659,2025-06-07 05:10:00,2894226,1SPT,2622052,t,SWTH,Swainson's Thrush,CATHARUS USTULATUS,Aves,10.69,180.00,1.76,0.76kHz,6.11kHz,5266369,1,Song,1,,f,2,Leonard Patterson,2623,,f,-31.09,-32.97,2,0.024498,0.006866,0.040405,-27.87,-52.24,-61.57,2,-0.000002,-0.014923,0.008789,-36.52,-28.71,-31.73,2,0.031058,0.014832,0.049042,-26.19,-51.18,-62.29,2,-0.000003,-0.018616,0.00943,-34.6,t,https://portal.wildtrax.ca/home/aru-tasks/recording.html?taskId=2622052,https://wildtrax-aru.s3-accelerate.amazonaws.com/42d5cffa-f469-463e-9004-8fb0766963a9/8ef1509c5bc04fa5ba258b2e999ce9a8.jpg,https://wildtrax-aru.s3-accelerate.amazonaws.com/42d5cffa-f469-463e-9004-8fb0766963a9/f6b967cdfae5461a88abd276654dfb14.flac
CANFOR,Interior Broadleaf Working Group ARU Monitoring 2025 Limited Amplitude Processing,3701,MUS111-FR-C,492659,2025-06-07 05:10:00,2894226,1SPT,2622052,t,DUFL,Dusky Flycatcher,EMPIDONAX OBERHOLSERI,Aves,15.06,180.00,0.23,3.59kHz,6.53kHz,5266367,2,Song,1,,f,1,Leonard Patterson,2623,,f,-31.99,-31.99,2,0.024801,0.01236,0.03952,-28.06,-57.52,-57.52,2,-0.000001,-0.005707,0.005768,-44.78,-29.95,-29.95,2,0.031376,0.016907,0.048523,-26.28,-55.99,-55.99,2,-0.000001,-0.005524,0.005554,-45.11,t,https://portal.wildtrax.ca/home/aru-tasks/recording.html?taskId=2622052,https://wildtrax-aru.s3-accelerate.amazonaws.com/42d5cffa-f469-463e-9004-8fb0766963a9/6cce359f6a0f4600a6bab47f3b234638.jpg,https://wildtrax-aru.s3-accelerate.amazonaws.com/42d5cffa-f469-463e-9004-8fb0766963a9/af4e2ccc3c5d4116b2e0844d285b193c.flac
CANFOR,Interior Broadleaf Working Group ARU Monitoring 2025 Limited Amplitude Processing,3701,MUS111-FR-C,492659,2025-06-07 05:10:00,2894226,1SPT,2622052,t,RUGR,Ruffed Grouse,BONASA UMBELLUS,Aves,37.01,180.00,6.41,0.09kHz,0.76kHz,5266372,1,Non-vocal,1,,f,1,Leonard Patterson,2623,,f,-30.68,-32.93,2,0.024551,-0.030701,0.072876,-22.75,-37.91,-40.17,6,-0.010695,-0.020355,-0.001923,-33.83,-28.72,-31.04,2,0.031053,-0.035675,0.083527,-21.56,-36.1,-38.27,12,-0.013527,-0.023163,-0.002289,-32.7,t,https://portal.wildtrax.ca/home/aru-tasks/recording.html?taskId=2622052,https://wildtrax-aru.s3-accelerate.amazonaws.com/42d5cffa-f469-463e-9004-8fb0766963a9/4d3ebd650bae40e08a017b39c881fd0d.jpg,https://wildtrax-aru.s3-accelerate.amazonaws.com/42d5cffa-f469-463e-9004-8fb0766963a9/c956aa34438a40afb212e7b8dc4dbcd5.flac
CANFOR,Interior Broadleaf Working Group ARU Monitoring 2025 Limited Amplitude Processing,3701,MUS111-FR-C,492659,2025-06-07 05:10:00,2894226,1SPT,2622052,t,SWTH,Swainson's Thrush,CATHARUS USTULATUS,Aves,61.18,180.00,0.98,1.23kHz,3.90kHz,5266374,2,Song,1,,f,2,Leonard Patterson,2623,,f,-31.03,-33.35,2,0.024607,0.006744,0.0466,-26.63,-60.18,-64.01,2,-0.000001,-0.007843,0.003326,-42.11,-29.39,-30.81,2,0.031034,0.013824,0.051208,-25.81,-58.75,-64.8,2,-0.000002,-0.01123,0.003754,-38.99,t,https://portal.wildtrax.ca/home/aru-tasks/recording.html?taskId=2622052,https://wildtrax-aru.s3-accelerate.amazonaws.com/42d5cffa-f469-463e-9004-8fb0766963a9/3caee3d8a2914c499098e06030a3bfd2.jpg,https://wildtrax-aru.s3-accelerate.amazonaws.com/42d5cffa-f469-463e-9004-8fb0766963a9/e1c0355b84d745e1bc28dc02dc7bd3a9.flac
CANFOR,Interior Broadleaf Working Group ARU Monitoring 2025 Limited Amplitude Processing,3701,MUS111-FR-C,492659,2025-06-07 05:10:00,2894226,1SPT,2622052,t,WAVI,Warbling Vireo,VIREO GILVUS,Aves,63.31,180.00,1.19,1.63kHz,4.83kHz,5266370,1,Song,1,,f,2,Leonard Patterson,2623,,f,-31.09,-32.78,2,0.024627,-0.002747,0.044952,-26.94,-53.47,-61.23,2,-0.000001,-0.015839,0.009338,-36.01,-29.15,-30.71,2,0.031081,-0.001038,0.055756,-25.07,-48.79,-58.82,2,-0.000001,-0.010284,0.009857,-39.76,t,https://portal.wildtrax.ca/home/aru-tasks/recording.html?taskId=2622052,https://wildtrax-aru.s3-accelerate.amazonaws.com/42d5cffa-f469-463e-9004-8fb0766963a9/5d512c337f114fb994d80258d6b9d257.jpg,https://wildtrax-aru.s3-accelerate.amazonaws.com/42d5cffa-f469-463e-9004-8fb0766963a9/f32e10db3ac1461ca596585e329a338c.flac
CANFOR,Interior Broadleaf Working Group ARU Monitoring 2025 Limited Amplitude Processing,3701,MUS111-FR-C,492659,2025-06-07 05:10:00,2894226,1SPT,2622052,t,SWTH,Swainson's Thrush,CATHARUS USTULATUS,Aves,77.93,180.00,1.61,0.87kHz,4.57kHz,5266376,3,Song,1,,f,2,Leonard Patterson,2623,,f,-31.55,-32.67,2,0.024429,0.012207,0.03656,-28.74,-59.18,-63.51,2,-0.000001,-0.010193,0.004608,-39.83,-29.44,-30.66,2,0.031006,0.016998,0.045319,-26.87,-55.36,-63.76,2,-0.000002,-0.01413,0.004669,-37,t,https://portal.wildtrax.ca/home/aru-tasks/recording.html?taskId=2622052,https://wildtrax-aru.s3-accelerate.amazonaws.com/42d5cffa-f469-463e-9004-8fb0766963a9/0482def85c61440f95342445ef34d737.jpg,https://wildtrax-aru.s3-accelerate.amazonaws.com/42d5cffa-f469-463e-9004-8fb0766963a9/6b9465fdf3d141aebbb2fb2049767c54.flac
CANFOR,Interior Broadleaf Working Group ARU Monitoring 2025 Limited Amplitude Processing,3701,MUS111-FR-C,492659,2025-06-07 05:10:00,2894226,1SPT,2622052,t,WTSP,White-throated Sparrow,ZONOTRICHIA ALBICOLLIS,Aves,168.46,180.00,1.01,3.18kHz,3.74kHz,5266379,1,Song,1,,f,1,Leonard Patterson,2623,,f,-31.42,-32.83,2,0.024531,0.012573,0.038757,-28.23,-64.94,-72.97,3,0,-0.002289,0.002258,-52.81,-29.47,-30.76,2,0.031131,0.017212,0.047424,-26.48,-67.91,-75.29,2,0,-0.00174,0.001709,-55.19,t,https://portal.wildtrax.ca/home/aru-tasks/recording.html?taskId=2622052,https://wildtrax-aru.s3-accelerate.amazonaws.com/42d5cffa-f469-463e-9004-8fb0766963a9/8b1dd3c59bca46758138cd1486473cad.jpg,https://wildtrax-aru.s3-accelerate.amazonaws.com/42d5cffa-f469-463e-9004-8fb0766963a9/a1323bfdcd7244a09da1e94c6f5dc014.flac
CANFOR,Interior Broadleaf Working Group ARU Monitoring 2025 Limited Amplitude Processing,3701,MUS111-FR-C,492659,2025-06-07 05:10:00,2894226,1SPT,2622052,t,OCWA,Orange-crowned Warbler,LEIOTHLYPIS CELATA,Aves,170.03,180.00,1.39,3.44kHz,6.73kHz,5266378,1,Song,1,,f,2,Leonard Patterson,2623,,f,-31.62,-32.8,2,0.024606,0.012177,0.03717,-28.6,-55.3,-63.08,2,0,-0.005463,0.005341,-45.25,-29.49,-30.81,2,0.031204,0.017792,0.046936,-26.57,-52.49,-64.34,2,0,-0.007477,0.007782,-42.18,t,https://portal.wildtrax.ca/home/aru-tasks/recording.html?taskId=2622052,https://wildtrax-aru.s3-accelerate.amazonaws.com/42d5cffa-f469-463e-9004-8fb0766963a9/ac4e852de1b641a28f060a9e3627e5c1.jpg,https://wildtrax-aru.s3-accelerate.amazonaws.com/42d5cffa-f469-463e-9004-8fb0766963a9/92620629969f432e86e6dfff8e4b42a7.flac
CANFOR,Interior Broadleaf Working Group ARU Monitoring 2025 Limited Amplitude Processing,3701,MUS111-FR-C,492659,2025-06-10 05:09:00,2894228,1SPT,2622054,t,WTSP,White-throated Sparrow,ZONOTRICHIA ALBICOLLIS,Aves,10.11,180.00,1.33,2.93kHz,4.01kHz,5268081,1,Song,1,,f,1,Leonard Patterson,2623,,f,-30.15,-31.85,2,0.024632,-0.014435,0.064697,-23.78,-34.22,-44.95,2,0,-0.036438,0.036194,-28.77,-29.5,-30.23,2,0.031222,0.005188,0.052734,-25.56,-41.13,-51.29,4,0,-0.023071,0.022949,-32.74,t,https://portal.wildtrax.ca/home/aru-tasks/recording.html?taskId=2622054,https://wildtrax-aru.s3-accelerate.amazonaws.com/d8a688b6-18cf-467b-a306-c0e21e468b5c/eb2244329dde4f698088b82001c28b02.jpg,https://wildtrax-aru.s3-accelerate.amazonaws.com/d8a688b6-18cf-467b-a306-c0e21e468b5c/e2f1a1cdc06f44f28a990895887e5fc0.flac
CANFOR,Interior Broadleaf Working Group ARU Monitoring 2025 Limited Amplitude Processing,3701,MUS111-FR-C,492659,2025-06-10 05:09:00,2894228,1SPT,2622054,t,WAVI,Warbling Vireo,VIREO GILVUS,Aves,13.15,180.00,2.05,1.79kHz,5.14kHz,5267065,1,Song,1,,f,2,Leonard Patterson,2623,,f,-31.69,-32.57,2,0.024597,0.00824,0.040833,-27.78,-46.81,-58.45,2,0,-0.012054,0.012268,-38.22,-29.63,-30.46,2,0.031206,0.015045,0.047241,-26.51,-46.12,-59.1,2,-0.000001,-0.012726,0.012756,-37.89,t,https://portal.wildtrax.ca/home/aru-tasks/recording.html?taskId=2622054,https://wildtrax-aru.s3-accelerate.amazonaws.com/d8a688b6-18cf-467b-a306-c0e21e468b5c/e7af1e7bb1fb425980f241367fb297c8.jpg,https://wildtrax-aru.s3-accelerate.amazonaws.com/d8a688b6-18cf-467b-a306-c0e21e468b5c/314f621e458c4bf390ec28def23dfe0c.flac
CANFOR,Interior Broadleaf Working Group ARU Monitoring 2025 Limited Amplitude Processing,3701,MUS111-FR-C,492659,2025-06-10 05:09:00,2894228,1SPT,2622054,t,LISP,Lincoln's Sparrow,MELOSPIZA LINCOLNII,Aves,36.38,180.00,2.23,0.66kHz,7.56kHz,5267066,1,Song,1,,f,2,Leonard Patterson,2623,,f,-29.34,-32.41,2,0.02447,-0.046112,0.106049,-19.49,-32.6,-55.08,2,-0.000002,-0.079224,0.07312,-22.02,-25.68,-30.36,2,0.031273,-0.113098,0.187347,-14.55,-27.74,-55,2,-0.000002,-0.155853,0.144836,-16.15,t,https://portal.wildtrax.ca/home/aru-tasks/recording.html?taskId=2622054,https://wildtrax-aru.s3-accelerate.amazonaws.com/d8a688b6-18cf-467b-a306-c0e21e468b5c/0a9d9ce02c9046a69d751188c6840865.jpg,https://wildtrax-aru.s3-accelerate.amazonaws.com/d8a688b6-18cf-467b-a306-c0e21e468b5c/3da979d11a4141cebcf01ad7ca0e02e6.flac
CANFOR,Interior Broadleaf Working Group ARU Monitoring 2025 Limited Amplitude Processing,3701,MUS111-FR-C,492659,2025-06-10 05:09:00,2894228,1SPT,2622054,t,CHSP,Chipping Sparrow,SPIZELLA PASSERINA,Aves,40.90,180.00,0.89,4.83kHz,6.74kHz,5268079,1,Song,1,,f,2,Leonard Patterson,2623,,f,-31.68,-32.42,2,0.024534,0.008636,0.039185,-28.14,-62.5,-67.05,2,0,-0.002808,0.00296,-50.57,-29.48,-30.42,2,0.031255,0.008545,0.054077,-25.34,-58.83,-64.62,2,0,-0.004333,0.004364,-47.2,t,https://portal.wildtrax.ca/home/aru-tasks/recording.html?taskId=2622054,https://wildtrax-aru.s3-accelerate.amazonaws.com/d8a688b6-18cf-467b-a306-c0e21e468b5c/4ce5eaf61f5d4193892eb81676a040f2.jpg,https://wildtrax-aru.s3-accelerate.amazonaws.com/d8a688b6-18cf-467b-a306-c0e21e468b5c/62a4043695b84f668f552dd66f175db0.flac
CANFOR,Interior Broadleaf Working Group ARU Monitoring 2025 Limited Amplitude Processing,3701,MUS111-FR-C,492659,2025-06-10 05:09:00,2894228,1SPT,2622054,t,PUFI,Purple Finch,HAEMORHOUS PURPUREUS,Aves,68.16,180.00,1.38,1.84kHz,5.45kHz,5268084,1,Song,1,,f,2,Leonard Patterson,2623,,f,-31.84,-32.52,2,0.024557,0.014008,0.035645,-28.96,-55.25,-59.59,2,-0.000001,-0.007782,0.005859,-42.18,-29.53,-30.66,2,0.031292,0.018127,0.04425,-27.08,-53.7,-58.32,2,-0.000001,-0.010956,0.0065,-39.21,t,https://portal.wildtrax.ca/home/aru-tasks/recording.html?taskId=2622054,https://wildtrax-aru.s3-accelerate.amazonaws.com/d8a688b6-18cf-467b-a306-c0e21e468b5c/40cd04554fdb45448b2a5a1e6ba08346.jpg,https://wildtrax-aru.s3-accelerate.amazonaws.com/d8a688b6-18cf-467b-a306-c0e21e468b5c/8cf641e01adb4e3aa33b77739228f6f6.flac
CANFOR,Interior Broadleaf Working Group ARU Monitoring 2025 Limited Amplitude Processing,3701,MUS111-FR-C,492659,2025-06-10 05:09:00,2894228,1SPT,2622054,t,WTSP,White-throated Sparrow,ZONOTRICHIA ALBICOLLIS,Aves,69.85,180.00,0.40,3.49kHz,4.21kHz,5268113,2,Song,1,,f,2,Leonard Patterson,2623,,f,-31.91,-32.34,2,0.024399,0.015961,0.033539,-29.49,-64.33,-65.63,3,0,-0.002075,0.002075,-53.66,-29.84,-30.27,2,0.031366,0.020996,0.041992,-27.54,-62.24,-64.41,2,0,-0.002411,0.002441,-52.25,t,https://portal.wildtrax.ca/home/aru-tasks/recording.html?taskId=2622054,https://wildtrax-aru.s3-accelerate.amazonaws.com/d8a688b6-18cf-467b-a306-c0e21e468b5c/dc6127ba61284a89a4acb3742c91b585.jpg,https://wildtrax-aru.s3-accelerate.amazonaws.com/d8a688b6-18cf-467b-a306-c0e21e468b5c/434fce30a6ad45ffb39d6ef0edf08a59.flac
CANFOR,Interior Broadleaf Working Group ARU Monitoring 2025 Limited Amplitude Processing,3701,MUS111-FR-C,492659,2025-06-10 05:09:00,2894228,1SPT,2622054,t,OSFL,Olive-sided Flycatcher,CONTOPUS COOPERI,Aves,72.58,180.00,0.33,2.41kHz,3.59kHz,5268083,1,Song,1,,f,1,Leonard Patterson,2623,,f,-32.09,-32.46,2,0.024311,0.013977,0.033478,-29.5,-55.04,-58.64,2,-0.000001,-0.004578,0.004578,-46.79,-29.91,-30.26,2,0.031146,0.021973,0.040802,-27.79,-57.01,-60.44,2,-0.000002,-0.005463,0.005432,-45.25,t,https://portal.wildtrax.ca/home/aru-tasks/recording.html?taskId=2622054,https://wildtrax-aru.s3-accelerate.amazonaws.com/d8a688b6-18cf-467b-a306-c0e21e468b5c/14ac0d5ac59d4a1db38aa765a1845089.jpg,https://wildtrax-aru.s3-accelerate.amazonaws.com/d8a688b6-18cf-467b-a306-c0e21e468b5c/4f6fcb96bf594c37ab9dd64e40c080bc.flac
CANFOR,Interior Broadleaf Working Group ARU Monitoring 2025 Limited Amplitude Processing,3701,MUS111-FR-C,492659,2025-06-10 05:09:00,2894228,1SPT,2622054,t,SWTH,Swainson's Thrush,CATHARUS USTULATUS,Aves,87.66,180.00,0.94,0.61kHz,3.13kHz,5268086,1,Song,1,,f,2,Leonard Patterson,2623,,f,-31.67,-32.66,2,0.024548,0.005859,0.042847,-27.36,-53.49,-63.47,2,-0.000004,-0.011688,0.005646,-38.65,-29.59,-30.36,2,0.031249,0.011963,0.049591,-26.09,-51.85,-63.68,2,-0.000005,-0.014648,0.007019,-36.68,t,https://portal.wildtrax.ca/home/aru-tasks/recording.html?taskId=2622054,https://wildtrax-aru.s3-accelerate.amazonaws.com/d8a688b6-18cf-467b-a306-c0e21e468b5c/e005a01ba1ae43e8a6ac2fe5e4325bdc.jpg,https://wildtrax-aru.s3-accelerate.amazonaws.com/d8a688b6-18cf-467b-a306-c0e21e468b5c/e1c55f28b29a4784ac0b39601106d5e5.flac
CANFOR,Interior Broadleaf Working Group ARU Monitoring 2025 Limited Amplitude Processing,3701,MUS111-FR-C,492659,2025-06-10 05:09:00,2894228,1SPT,2622054,t,WTSP,White-throated Sparrow,ZONOTRICHIA ALBICOLLIS,Aves,92.81,180.00,0.58,2.87kHz,3.60kHz,5268102,3,Song,1,,f,2,Leonard Patterson,2623,,f,-31.76,-32.72,2,0.02457,0.010742,0.035614,-28.97,-56.91,-61.87,2,0,-0.003052,0.002991,-50.31,-29.5,-30.49,2,0.031325,0.016937,0.043854,-27.16,-55.63,-63.28,3,0,-0.003357,0.003418,-49.32,t,https://portal.wildtrax.ca/home/aru-tasks/recording.html?taskId=2622054,https://wildtrax-aru.s3-accelerate.amazonaws.com/d8a688b6-18cf-467b-a306-c0e21e468b5c/ee4f6745d1344d439321c2f47662faa1.jpg,https://wildtrax-aru.s3-accelerate.amazonaws.com/d8a688b6-18cf-467b-a306-c0e21e468b5c/fa0fec51b5fc43208550cd5b777bd745.flac
CANFOR,Interior Broadleaf Working Group ARU Monitoring 2025 Limited Amplitude Processing,3701,MUS111-FR-C,492659,2025-06-10 05:09:00,2894228,1SPT,2622054,t,WAVI,Warbling Vireo,VIREO GILVUS,Aves,110.84,180.00,0.75,2.36kHz,4.78kHz,5268089,2,Song,1,,f,2,Leonard Patterson,2623,,f,-31.83,-32.38,2,0.02448,0.013947,0.033569,-29.48,-62.43,-65.45,2,-0.000001,-0.005798,0.003845,-44.73,-29.78,-30.44,2,0.03103,0.021973,0.039703,-28.02,-61.76,-65.64,2,-0.000001,-0.007324,0.004578,-42.7,t,https://portal.wildtrax.ca/home/aru-tasks/recording.html?taskId=2622054,https://wildtrax-aru.s3-accelerate.amazonaws.com/d8a688b6-18cf-467b-a306-c0e21e468b5c/55c5db50216240219c5e6004ae765997.jpg,https://wildtrax-aru.s3-accelerate.amazonaws.com/d8a688b6-18cf-467b-a306-c0e21e468b5c/4387366659b7457498903a2371579aa4.flac
CANFOR,Interior Broadleaf Working Group ARU Monitoring 2025 Limited Amplitude Processing,3701,MUS111-FR-C,492659,2025-06-10 05:09:00,2894228,1SPT,2622054,t,DUFL,Dusky Flycatcher,EMPIDONAX OBERHOLSERI,Aves,113.01,180.00,1.11,1.79kHz,6.94kHz,5268077,1,Song,1,,f,2,Leonard Patterson,2623,,f,-31.68,-32.57,2,0.024515,0.006409,0.040405,-27.87,-46.54,-62.47,2,-0.000001,-0.014801,0.014557,-36.59,-29.6,-30.43,2,0.031142,0.011749,0.052307,-25.63,-43.66,-63.36,2,-0.000001,-0.018524,0.01889,-34.48,t,https://portal.wildtrax.ca/home/aru-tasks/recording.html?taskId=2622054,https://wildtrax-aru.s3-accelerate.amazonaws.com/d8a688b6-18cf-467b-a306-c0e21e468b5c/927c732ed3f1467fab12ff06e8c43ae8.jpg,https://wildtrax-aru.s3-accelerate.amazonaws.com/d8a688b6-18cf-467b-a306-c0e21e468b5c/3e3dfda19012473e8f4ed8fe24d3be32.flac
CANFOR,Interior Broadleaf Working Group ARU Monitoring 2025 Limited Amplitude Processing,3701,MUS111-FR-C,492659,2025-06-10 05:09:00,2894228,1SPT,2622054,t,WISN,Wilson's Snipe,GALLINAGO DELICATA,Aves,125.87,180.00,1.43,0.04kHz,1.17kHz,5268091,1,Non-vocal,1,,f,1,Leonard Patterson,2623,,f,-31.71,-32.76,2,0.024531,0.011108,0.04245,-27.44,-34.6,-35.66,3,-0.017609,-0.024628,-0.008575,-32.17,-29.66,-30.6,2,0.031064,0.017059,0.055267,-25.15,-32.54,-33.49,3,-0.022299,-0.029724,-0.011444,-30.54,t,https://portal.wildtrax.ca/home/aru-tasks/recording.html?taskId=2622054,https://wildtrax-aru.s3-accelerate.amazonaws.com/d8a688b6-18cf-467b-a306-c0e21e468b5c/2ef2d7d7f1fd4a799507c51ea55c4104.jpg,https://wildtrax-aru.s3-accelerate.amazonaws.com/d8a688b6-18cf-467b-a306-c0e21e468b5c/63a5f92cb8e7491dab5a6b36902f7693.flac
CANFOR,Interior Broadleaf Working Group ARU Monitoring 2025 Limited Amplitude Processing,3701,MUS111-FR-C,492659,2025-06-10 05:09:00,2894228,1SPT,2622054,t,WTSP,White-throated Sparrow,ZONOTRICHIA ALBICOLLIS,Aves,126.26,180.00,1.49,3.18kHz,3.80kHz,5268104,4,Song,1,,f,2,Leonard Patterson,2623,,f,-31.69,-32.76,2,0.024567,0.011108,0.036987,-28.64,-63.18,-69.43,2,0,-0.001709,0.00174,-55.19,-29.66,-30.6,2,0.031112,0.017151,0.044464,-27.04,-58.34,-66.84,2,0,-0.003021,0.003052,-50.31,t,https://portal.wildtrax.ca/home/aru-tasks/recording.html?taskId=2622054,https://wildtrax-aru.s3-accelerate.amazonaws.com/d8a688b6-18cf-467b-a306-c0e21e468b5c/c19dcade3d5940a084ea65662be27fe7.jpg,https://wildtrax-aru.s3-accelerate.amazonaws.com/d8a688b6-18cf-467b-a306-c0e21e468b5c/cda891d1fad6462eb3b5c36e3c4903bd.flac
CANFOR,Interior Broadleaf Working Group ARU Monitoring 2025 Limited Amplitude Processing,3701,MUS111-FR-C,492659,2025-06-10 05:09:00,2894228,1SPT,2622054,t,AMRE,American Redstart,SETOPHAGA RUTICILLA,Aves,148.13,180.00,1.25,3.80kHz,8.44kHz,5267070,1,Song,1,,f,2,Leonard Patterson,2623,,f,-31.87,-32.47,2,0.024522,0.012177,0.033356,-29.54,-56.9,-63.06,2,0,-0.0065,0.006012,-43.74,-29.78,-30.39,2,0.031261,0.01944,0.043335,-27.26,-51.06,-62.48,2,0,-0.010193,0.010406,-39.65,t,https://portal.wildtrax.ca/home/aru-tasks/recording.html?taskId=2622054,https://wildtrax-aru.s3-accelerate.amazonaws.com/d8a688b6-18cf-467b-a306-c0e21e468b5c/83bd867f438d4380abb0ca4458990cd1.jpg,https://wildtrax-aru.s3-accelerate.amazonaws.com/d8a688b6-18cf-467b-a306-c0e21e468b5c/0b79b9224bd64c64885e726fc0648b94.flac
CANFOR,Interior Broadleaf Working Group ARU Monitoring 2025 Limited Amplitude Processing,3701,MUS111-HR-C,492671,2024-06-09 05:09:00,2873849,1SPT,3174364,t,DEJU,Dark-eyed Junco,JUNCO HYEMALIS,Aves,96.29,180.00,0.65,2.72kHz,3.96kHz,5591358,1,Song,1,,f,2,Leonard Patterson,2623,,f,-31.84,-33.35,2,0.022419,-0.002472,0.047485,-26.47,-63.58,-65.38,2,-0.000001,-0.003296,0.002991,-49.64,-28.3,-29.62,2,0.03483,0.023499,0.048706,-26.25,-62.99,-66.65,2,-0.000001,-0.004333,0.003876,-47.26,t,https://portal.wildtrax.ca/home/aru-tasks/recording.html?taskId=3174364,https://wildtrax-aru.s3-accelerate.amazonaws.com/9734e621-362a-4245-9c16-1de71c00552f/a0de38ee8e6f490cad376d8d15ddd012.jpg,https://wildtrax-aru.s3-accelerate.amazonaws.com/9734e621-362a-4245-9c16-1de71c00552f/896f3413e07849cc8c986e45dd25f2c4.flac
CANFOR,Interior Broadleaf Working Group ARU Monitoring 2025 Limited Amplitude Processing,3701,MUS111-HR-C,492671,2025-06-04 05:12:00,2894229,1SPT,2622055,t,PAWR,Pacific Wren,TROGLODYTES PACIFICUS,Aves,0.03,180.00,1.84,2.31kHz,7.76kHz,5318658,1,Song,1,,f,1,Leonard Patterson,2623,,f,-36.94,-40.28,2,0.011379,-0.001984,0.023529,-32.57,-52.27,-60.56,2,0,-0.007965,0.007874,-41.98,-34.49,-37.02,2,0.015795,-0.004944,0.033569,-29.48,-53.27,-58.57,2,0,-0.007629,0.008728,-41.18,t,https://portal.wildtrax.ca/home/aru-tasks/recording.html?taskId=2622055,https://wildtrax-aru.s3-accelerate.amazonaws.com/4b5e24ec-79f4-4303-b90d-d801d234892c/235512d1b73e457db35f8b4ce3eb47a2.jpg,https://wildtrax-aru.s3-accelerate.amazonaws.com/4b5e24ec-79f4-4303-b90d-d801d234892c/d72d195c3ad340f5bce9db194fdbf481.flac
CANFOR,Interior Broadleaf Working Group ARU Monitoring 2025 Limited Amplitude Processing,3701,MUS111-HR-C,492671,2025-06-04 05:12:00,2894229,1SPT,2622055,t,PISI,Pine Siskin,SPINUS PINUS,Aves,7.53,180.00,0.41,2.82kHz,6.17kHz,5318646,1,Song,1,,f,1,Leonard Patterson,2623,,f,-37.4,-39.83,2,0.01127,-0.001709,0.026184,-31.64,-55.71,-62.62,2,0,-0.005859,0.006256,-44.07,-35.75,-36.72,2,0.015656,-0.006134,0.031067,-30.15,-54.57,-60.47,2,-0.000001,-0.00766,0.007935,-42.01,t,https://portal.wildtrax.ca/home/aru-tasks/recording.html?taskId=2622055,https://wildtrax-aru.s3-accelerate.amazonaws.com/4b5e24ec-79f4-4303-b90d-d801d234892c/1457c683c0934710aa5c9a11ed0a5e94.jpg,https://wildtrax-aru.s3-accelerate.amazonaws.com/4b5e24ec-79f4-4303-b90d-d801d234892c/44e52f380f504d6e8d64751a5b3b00b6.flac
CANFOR,Interior Broadleaf Working Group ARU Monitoring 2025 Limited Amplitude Processing,3701,MUS111-HR-C,492671,2025-06-04 05:12:00,2894229,1SPT,2622055,t,SWTH,Swainson's Thrush,CATHARUS USTULATUS,Aves,11.48,180.00,0.81,1.38kHz,5.29kHz,5315706,1,Song,1,,f,1,Leonard Patterson,2623,,f,-37.16,-39.56,2,0.011506,-0.000336,0.023407,-32.61,-51.99,-61.03,2,-0.000001,-0.006561,0.006866,-43.27,-34.82,-36.89,2,0.015762,-0.004333,0.034088,-29.35,-54.61,-59.21,2,-0.000001,-0.007324,0.006714,-42.7,t,https://portal.wildtrax.ca/home/aru-tasks/recording.html?taskId=2622055,https://wildtrax-aru.s3-accelerate.amazonaws.com/4b5e24ec-79f4-4303-b90d-d801d234892c/45c897fc89fb4529afe783c8f4aad879.jpg,https://wildtrax-aru.s3-accelerate.amazonaws.com/4b5e24ec-79f4-4303-b90d-d801d234892c/4a751012bc6f4dfe8a1870415c65cff2.flac
CANFOR,Interior Broadleaf Working Group ARU Monitoring 2025 Limited Amplitude Processing,3701,MUS111-HR-C,492671,2025-06-04 05:12:00,2894229,1SPT,2622055,t,SWTH,Swainson's Thrush,CATHARUS USTULATUS,Aves,13.45,180.00,0.71,1.03kHz,3.19kHz,5318668,2,Song,1,,f,1,Leonard Patterson,2623,,f,-36.99,-39.34,2,0.011649,0.000732,0.024719,-32.14,-57.96,-62.81,2,-0.000001,-0.003876,0.003784,-48.23,-34.65,-36.64,2,0.015731,-0.001587,0.033478,-29.5,-55.54,-58.86,2,-0.000001,-0.005493,0.005524,-45.16,t,https://portal.wildtrax.ca/home/aru-tasks/recording.html?taskId=2622055,https://wildtrax-aru.s3-accelerate.amazonaws.com/4b5e24ec-79f4-4303-b90d-d801d234892c/9d70e1b99c23442ba0cf4174c62b07ad.jpg,https://wildtrax-aru.s3-accelerate.amazonaws.com/4b5e24ec-79f4-4303-b90d-d801d234892c/5d7131a24f9e47bf95ffbf2a9c0c60bc.flac
CANFOR,Interior Broadleaf Working Group ARU Monitoring 2025 Limited Amplitude Processing,3701,MUS111-HR-C,492671,2025-06-04 05:12:00,2894229,1SPT,2622055,t,YRWA,Yellow-rumped Warbler,SETOPHAGA CORONATA,Aves,22.09,180.00,1.35,2.56kHz,6.07kHz,5315708,1,Song,1,,f,2,Leonard Patterson,2623,,f,-37.48,-39.57,3,0.011384,-0.004028,0.027527,-31.2,-47.6,-58.39,2,0,-0.012787,0.013458,-37.42,-34.68,-36.68,2,0.015891,-0.00412,0.038452,-28.3,-46.76,-57.68,2,0,-0.012177,0.012177,-38.29,t,https://portal.wildtrax.ca/home/aru-tasks/recording.html?taskId=2622055,https://wildtrax-aru.s3-accelerate.amazonaws.com/4b5e24ec-79f4-4303-b90d-d801d234892c/6083ded1593645479d877f21a383b7f2.jpg,https://wildtrax-aru.s3-accelerate.amazonaws.com/4b5e24ec-79f4-4303-b90d-d801d234892c/dafdc6f5b2a144fe8b201536fa2e8fb6.flac
CANFOR,Interior Broadleaf Working Group ARU Monitoring 2025 Limited Amplitude Processing,3701,MUS111-HR-C,492671,2025-06-04 05:12:00,2894229,1SPT,2622055,t,OSFL,Olive-sided Flycatcher,CONTOPUS COOPERI,Aves,30.58,180.00,0.85,2.27kHz,3.71kHz,5318677,1,Song,1,,f,2,Leonard Patterson,2623,,f,-37.16,-39.71,2,0.011332,-0.000916,0.024139,-32.35,-59.02,-65.74,2,0,-0.003357,0.003479,-49.17,-34.81,-36.96,2,0.015551,-0.005249,0.031464,-30.04,-55.56,-63.36,2,-0.000001,-0.004761,0.004822,-46.34,t,https://portal.wildtrax.ca/home/aru-tasks/recording.html?taskId=2622055,https://wildtrax-aru.s3-accelerate.amazonaws.com/4b5e24ec-79f4-4303-b90d-d801d234892c/c593c86de0374de68fac3e215d93236e.jpg,https://wildtrax-aru.s3-accelerate.amazonaws.com/4b5e24ec-79f4-4303-b90d-d801d234892c/41ec6a9c255f49bd8a893d29123da4ef.flac
CANFOR,Interior Broadleaf Working Group ARU Monitoring 2025 Limited Amplitude Processing,3701,MUS111-HR-C,492671,2025-06-04 05:12:00,2894229,1SPT,2622055,t,RUGR,Ruffed Grouse,BONASA UMBELLUS,Aves,38.57,180.00,4.86,0.09kHz,0.81kHz,5318680,1,Non-vocal,1,,f,1,Leonard Patterson,2623,,f,-33.21,-39.96,2,0.011305,-0.028625,0.045258,-26.89,-40.6,-47.65,4,-0.004748,-0.018311,0.011688,-34.75,-33.12,-37.04,2,0.015863,-0.01825,0.048065,-26.36,-40.54,-44.37,3,-0.006662,-0.020233,0.009735,-33.88,t,https://portal.wildtrax.ca/home/aru-tasks/recording.html?taskId=2622055,https://wildtrax-aru.s3-accelerate.amazonaws.com/4b5e24ec-79f4-4303-b90d-d801d234892c/2bc91b6192b840d3a9ebdc81f3c6fbad.jpg,https://wildtrax-aru.s3-accelerate.amazonaws.com/4b5e24ec-79f4-4303-b90d-d801d234892c/bd4b4fb927d3493c9b033cf7fd5db76f.flac
CANFOR,Interior Broadleaf Working Group ARU Monitoring 2025 Limited Amplitude Processing,3701,MUS111-HR-C,492671,2025-06-04 05:12:00,2894229,1SPT,2622055,t,PAWA,Palm Warbler,SETOPHAGA PALMARUM,Aves,48.58,180.00,1.68,2.77kHz,5.65kHz,5315712,1,Song,1,,f,2,Leonard Patterson,2623,,f,-37.55,-40.27,2,0.011282,0.000336,0.022522,-32.95,-53.7,-62,2,0,-0.007263,0.007416,-42.6,-34.74,-36.81,2,0.015872,-0.006744,0.036499,-28.75,-52.81,-61.12,2,0,-0.007935,0.007843,-42.01,t,https://portal.wildtrax.ca/home/aru-tasks/recording.html?taskId=2622055,https://wildtrax-aru.s3-accelerate.amazonaws.com/4b5e24ec-79f4-4303-b90d-d801d234892c/5ce8ad5701304feda017f05b309001a4.jpg,https://wildtrax-aru.s3-accelerate.amazonaws.com/4b5e24ec-79f4-4303-b90d-d801d234892c/8de4df974d304b80b672437db1a5e939.flac
CANFOR,Interior Broadleaf Working Group ARU Monitoring 2025 Limited Amplitude Processing,3701,MUS111-HR-C,492671,2025-06-04 05:12:00,2894229,1SPT,2622055,t,OCWA,Orange-crowned Warbler,LEIOTHLYPIS CELATA,Aves,62.56,180.00,0.95,5.19kHz,6.99kHz,5315718,1,Song,1,,f,2,Leonard Patterson,2623,,f,-37.13,-40.04,2,0.011257,-0.00174,0.022247,-33.05,-59.97,-64.29,3,0,-0.003479,0.003479,-49.17,-34.33,-37.43,2,0.015746,-0.001953,0.036987,-28.64,-59.37,-63.77,2,0,-0.003723,0.003815,-48.37,t,https://portal.wildtrax.ca/home/aru-tasks/recording.html?taskId=2622055,https://wildtrax-aru.s3-accelerate.amazonaws.com/4b5e24ec-79f4-4303-b90d-d801d234892c/efb36dd18bbd41b899b88b28a9ba7aba.jpg,https://wildtrax-aru.s3-accelerate.amazonaws.com/4b5e24ec-79f4-4303-b90d-d801d234892c/3936ec7bd25441378ba37327b9818aca.flac
CANFOR,Interior Broadleaf Working Group ARU Monitoring 2025 Limited Amplitude Processing,3701,MUS111-HR-C,492671,2025-06-04 05:12:00,2894229,1SPT,2622055,t,OCWA,Orange-crowned Warbler,LEIOTHLYPIS CELATA,Aves,66.88,180.00,1.24,3.54kHz,6.73kHz,5315716,2,Song,1,,f,1,Leonard Patterson,2623,,f,-37.19,-40.63,2,0.011388,-0.000397,0.023041,-32.75,-54.68,-64.77,2,0,-0.006409,0.006287,-43.86,-34.5,-36.57,2,0.015891,-0.003418,0.032623,-29.73,-57.59,-63.34,2,0,-0.00473,0.004639,-46.5,t,https://portal.wildtrax.ca/home/aru-tasks/recording.html?taskId=2622055,https://wildtrax-aru.s3-accelerate.amazonaws.com/4b5e24ec-79f4-4303-b90d-d801d234892c/addf905f944e466bbe5210b508d3a0db.jpg,https://wildtrax-aru.s3-accelerate.amazonaws.com/4b5e24ec-79f4-4303-b90d-d801d234892c/9498aabd1f474828a5ba562cf0f39467.flac
CANFOR,Interior Broadleaf Working Group ARU Monitoring 2025 Limited Amplitude Processing,3701,MUS111-HR-C,492671,2025-06-04 05:12:00,2894229,1SPT,2622055,t,DUFL,Dusky Flycatcher,EMPIDONAX OBERHOLSERI,Aves,73.38,180.00,0.29,3.23kHz,6.22kHz,5318652,1,Song,1,,f,1,Leonard Patterson,2623,,f,-37.72,-38.92,2,0.011329,0.000031,0.022156,-33.09,-56.77,-59.37,2,-0.000001,-0.009491,0.009949,-40.04,-35.45,-36.18,2,0.015698,-0.000336,0.030457,-30.33,-58.16,-59.86,2,-0.000001,-0.007019,0.007141,-42.92,t,https://portal.wildtrax.ca/home/aru-tasks/recording.html?taskId=2622055,https://wildtrax-aru.s3-accelerate.amazonaws.com/4b5e24ec-79f4-4303-b90d-d801d234892c/41e152e71c7f41e49b7f3cdf12cd01f5.jpg,https://wildtrax-aru.s3-accelerate.amazonaws.com/4b5e24ec-79f4-4303-b90d-d801d234892c/26e5065b292f4d739b3eb130de9e45b8.flac
CANFOR,Interior Broadleaf Working Group ARU Monitoring 2025 Limited Amplitude Processing,3701,MUS111-HR-C,492671,2025-06-04 05:12:00,2894229,1SPT,2622055,t,OCWA,Orange-crowned Warbler,LEIOTHLYPIS CELATA,Aves,82.00,180.00,1.74,2.67kHz,6.73kHz,5315714,3,Song,1,,f,1,Leonard Patterson,2623,,f,-37.14,-39.78,2,0.011184,-0.007629,0.029846,-30.5,-45.77,-60.51,3,0,-0.015167,0.015076,-36.38,-34.07,-36.76,2,0.015766,-0.006195,0.040436,-27.86,-45.4,-59.82,2,0,-0.017426,0.016724,-35.18,t,https://portal.wildtrax.ca/home/aru-tasks/recording.html?taskId=2622055,https://wildtrax-aru.s3-accelerate.amazonaws.com/4b5e24ec-79f4-4303-b90d-d801d234892c/008182b1936041689f809c8aa3e82ece.jpg,https://wildtrax-aru.s3-accelerate.amazonaws.com/4b5e24ec-79f4-4303-b90d-d801d234892c/ce17f63595744c7e923f85fe0219baa6.flac
CANFOR,Interior Broadleaf Working Group ARU Monitoring 2025 Limited Amplitude Processing,3701,MUS111-HR-C,492671,2025-06-04 05:12:00,2894229,1SPT,2622055,t,WAVI,Warbling Vireo,VIREO GILVUS,Aves,102.85,180.00,1.54,1.08kHz,5.77kHz,5315720,1,Song,1,,f,2,Leonard Patterson,2623,,f,-37.16,-40.16,2,0.011222,-0.000793,0.025299,-31.94,-54.54,-60.06,2,-0.000001,-0.007111,0.006287,-42.96,-34.59,-36.64,2,0.015759,-0.003265,0.036285,-28.81,-51.93,-57.67,3,-0.000001,-0.008667,0.008392,-41.24,t,https://portal.wildtrax.ca/home/aru-tasks/recording.html?taskId=2622055,https://wildtrax-aru.s3-accelerate.amazonaws.com/4b5e24ec-79f4-4303-b90d-d801d234892c/ccc0e408ae4b444eac20ae6076902ce4.jpg,https://wildtrax-aru.s3-accelerate.amazonaws.com/4b5e24ec-79f4-4303-b90d-d801d234892c/e716c15b6c6648f68d892831eb725afc.flac
CANFOR,Interior Broadleaf Working Group ARU Monitoring 2025 Limited Amplitude Processing,3701,MUS111-HR-C,492671,2025-06-04 05:12:00,2894229,1SPT,2622055,t,NOWA,Northern Waterthrush,PARKESIA NOVEBORACENSIS,Aves,122.85,180.00,2.00,1.64kHz,6.53kHz,5315722,1,Song,1,,f,2,Leonard Patterson,2623,,f,-37.54,-40.19,2,0.011338,-0.000305,0.023468,-32.59,-54.12,-61.24,2,0,-0.007294,0.00766,-42.32,-34.54,-36.87,2,0.015768,-0.004639,0.035889,-28.9,-51.22,-58.88,2,-0.000001,-0.010834,0.010681,-39.3,t,https://portal.wildtrax.ca/home/aru-tasks/recording.html?taskId=2622055,https://wildtrax-aru.s3-accelerate.amazonaws.com/4b5e24ec-79f4-4303-b90d-d801d234892c/8fad7fe9384e4a388a6be56dd09e659f.jpg,https://wildtrax-aru.s3-accelerate.amazonaws.com/4b5e24ec-79f4-4303-b90d-d801d234892c/6ad19a6cb5c04b2888411338d8c67f0d.flac
CANFOR,Interior Broadleaf Working Group ARU Monitoring 2025 Limited Amplitude Processing,3701,MUS111-HR-C,492671,2025-06-04 05:12:00,2894229,1SPT,2622055,t,LISP,Lincoln's Sparrow,MELOSPIZA LINCOLNII,Aves,152.03,180.00,1.61,1.33kHz,5.86kHz,5315731,1,Song,1,,f,1,Leonard Patterson,2623,,f,-37.55,-40.47,2,0.011267,0.000946,0.021637,-33.3,-57.3,-61.59,2,0,-0.005463,0.004578,-45.25,-34.57,-36.98,2,0.015772,-0.00174,0.034668,-29.2,-56.7,-59.24,2,0,-0.006958,0.005066,-43.15,t,https://portal.wildtrax.ca/home/aru-tasks/recording.html?taskId=2622055,https://wildtrax-aru.s3-accelerate.amazonaws.com/4b5e24ec-79f4-4303-b90d-d801d234892c/972326fc38bf456882eb75117b860deb.jpg,https://wildtrax-aru.s3-accelerate.amazonaws.com/4b5e24ec-79f4-4303-b90d-d801d234892c/1c895bd0490d4684b9dcb2e9eb1e193d.flac
CANFOR,Interior Broadleaf Working Group ARU Monitoring 2025 Limited Amplitude Processing,3701,MUS111-HR-C,492671,2025-06-07 05:10:00,2894231,1SPT,2622057,t,OCWA,Orange-crowned Warbler,LEIOTHLYPIS CELATA,Aves,2.93,180.00,1.23,4.02kHz,6.70kHz,5269946,1,Song,1,,f,2,Leonard Patterson,2623,,f,-32.42,-40.89,2,0.011605,-0.015747,0.039734,-28.02,-59.74,-65.66,2,0,-0.003387,0.003448,-49.25,-33.43,-36.67,2,0.015787,-0.00592,0.040253,-27.9,-56.54,-64.03,3,0,-0.004913,0.005066,-45.91,t,https://portal.wildtrax.ca/home/aru-tasks/recording.html?taskId=2622057,https://wildtrax-aru.s3-accelerate.amazonaws.com/5f4d901e-2158-4ab9-9cb9-a1849c7deabf/6f92538a7e90496aa339b2053470ecbc.jpg,https://wildtrax-aru.s3-accelerate.amazonaws.com/5f4d901e-2158-4ab9-9cb9-a1849c7deabf/469b57277f184e2486afbc61ddb554c9.flac
CANFOR,Interior Broadleaf Working Group ARU Monitoring 2025 Limited Amplitude Processing,3701,MUS111-HR-C,492671,2025-06-07 05:10:00,2894231,1SPT,2622057,t,SWTH,Swainson's Thrush,CATHARUS USTULATUS,Aves,3.64,180.00,0.91,1.13kHz,3.76kHz,5270007,1,Song,1,,f,1,Leonard Patterson,2623,,f,-32.42,-41.02,2,0.011719,-0.015747,0.039734,-28.02,-61.91,-64.74,2,-0.000001,-0.005676,0.002747,-44.92,-34.27,-37.28,2,0.01579,-0.004791,0.040253,-27.9,-58.68,-60.63,2,-0.000001,-0.008392,0.004456,-41.52,t,https://portal.wildtrax.ca/home/aru-tasks/recording.html?taskId=2622057,https://wildtrax-aru.s3-accelerate.amazonaws.com/5f4d901e-2158-4ab9-9cb9-a1849c7deabf/73b883df786b4545930e07d4c8577a30.jpg,https://wildtrax-aru.s3-accelerate.amazonaws.com/5f4d901e-2158-4ab9-9cb9-a1849c7deabf/8c3425ee806447469bb316610c435394.flac
CANFOR,Interior Broadleaf Working Group ARU Monitoring 2025 Limited Amplitude Processing,3701,MUS111-HR-C,492671,2025-06-07 05:10:00,2894231,1SPT,2622057,t,MGWA,MacGillivray's Warbler,GEOTHLYPIS TOLMIEI,Aves,7.06,180.00,0.81,2.47kHz,6.64kHz,5270012,1,Song,1,,f,2,Leonard Patterson,2623,,f,-33.61,-38.73,2,0.011728,-0.011902,0.037354,-28.55,-55.67,-59.5,2,0,-0.007538,0.006744,-42.46,-33.72,-36.81,2,0.015894,-0.019684,0.040405,-27.87,-52.2,-58.47,2,-0.000001,-0.009094,0.009521,-40.43,t,https://portal.wildtrax.ca/home/aru-tasks/recording.html?taskId=2622057,https://wildtrax-aru.s3-accelerate.amazonaws.com/5f4d901e-2158-4ab9-9cb9-a1849c7deabf/835482b1d0774574bfbb6e032ff200f6.jpg,https://wildtrax-aru.s3-accelerate.amazonaws.com/5f4d901e-2158-4ab9-9cb9-a1849c7deabf/f6cdcfb3ca2e4ddf91955f7c9b6a6bdf.flac
CANFOR,Interior Broadleaf Working Group ARU Monitoring 2025 Limited Amplitude Processing,3701,MUS111-HR-C,492671,2025-06-07 05:10:00,2894231,1SPT,2622057,t,WTSP,White-throated Sparrow,ZONOTRICHIA ALBICOLLIS,Aves,7.81,180.00,3.91,2.56kHz,5.14kHz,5269938,1,Song,1,,f,1,Leonard Patterson,2623,,f,-33.54,-40.63,2,0.011368,-0.015411,0.036591,-28.73,-48.12,-64.6,2,0,-0.008453,0.008179,-41.46,-33.53,-36.94,2,0.015639,-0.01239,0.039825,-28,-52.77,-62.99,2,0,-0.005829,0.005615,-44.69,t,https://portal.wildtrax.ca/home/aru-tasks/recording.html?taskId=2622057,https://wildtrax-aru.s3-accelerate.amazonaws.com/5f4d901e-2158-4ab9-9cb9-a1849c7deabf/74bfe9c5c207436fa52880f6367cc755.jpg,https://wildtrax-aru.s3-accelerate.amazonaws.com/5f4d901e-2158-4ab9-9cb9-a1849c7deabf/e6fcb9a08096417ea5d852e8bb8d417e.flac
CANFOR,Interior Broadleaf Working Group ARU Monitoring 2025 Limited Amplitude Processing,3701,MUS111-HR-C,492671,2025-06-07 05:10:00,2894231,1SPT,2622057,t,OSFL,Olive-sided Flycatcher,CONTOPUS COOPERI,Aves,22.94,180.00,1.16,2.01kHz,4.53kHz,5269928,1,Song,1,,f,2,Leonard Patterson,2623,,f,-33.17,-39.04,3,0.011361,-0.016022,0.0466,-26.63,-54.11,-65.1,2,0,-0.006134,0.004974,-44.25,-33.83,-37.42,2,0.015732,-0.013275,0.045044,-26.93,-45.41,-62.1,2,-0.000001,-0.012054,0.012634,-37.97,t,https://portal.wildtrax.ca/home/aru-tasks/recording.html?taskId=2622057,https://wildtrax-aru.s3-accelerate.amazonaws.com/5f4d901e-2158-4ab9-9cb9-a1849c7deabf/4ad47d7eb56844e3b07e06786e139d25.jpg,https://wildtrax-aru.s3-accelerate.amazonaws.com/5f4d901e-2158-4ab9-9cb9-a1849c7deabf/1903aff1686541feaffb51ba9b814fa8.flac
CANFOR,Interior Broadleaf Working Group ARU Monitoring 2025 Limited Amplitude Processing,3701,MUS111-HR-C,492671,2025-06-07 05:10:00,2894231,1SPT,2622057,t,CHSP,Chipping Sparrow,SPIZELLA PASSERINA,Aves,39.57,180.00,1.73,3.28kHz,5.86kHz,5269990,1,Song,1,,f,1,Leonard Patterson,2623,,f,-35.04,-39.85,3,0.011338,-0.010986,0.031036,-30.16,-60.47,-65.3,2,0,-0.003387,0.003479,-49.17,-34.03,-37.13,3,0.015688,-0.00766,0.043396,-27.25,-61.55,-64.24,2,0,-0.003906,0.003326,-48.16,t,https://portal.wildtrax.ca/home/aru-tasks/recording.html?taskId=2622057,https://wildtrax-aru.s3-accelerate.amazonaws.com/5f4d901e-2158-4ab9-9cb9-a1849c7deabf/4c2a2c4fc86e4defbac92fcda5cf4d28.jpg,https://wildtrax-aru.s3-accelerate.amazonaws.com/5f4d901e-2158-4ab9-9cb9-a1849c7deabf/1a543d5f96b34a4cbd7986adeb780c11.flac
CANFOR,Interior Broadleaf Working Group ARU Monitoring 2025 Limited Amplitude Processing,3701,MUS111-HR-C,492671,2025-06-07 05:10:00,2894231,1SPT,2622057,t,HETH,Hermit Thrush,CATHARUS GUTTATUS,Aves,43.32,180.00,0.84,1.79kHz,4.31kHz,5269987,1,Song,1,,f,1,Leonard Patterson,2623,,f,-36.19,-39.39,2,0.011424,-0.006805,0.031708,-29.98,-53.43,-63.66,2,0,-0.005646,0.004913,-44.97,-34.14,-36.43,2,0.015452,-0.003387,0.03894,-28.19,-58.59,-61.98,2,0,-0.003723,0.003387,-48.58,t,https://portal.wildtrax.ca/home/aru-tasks/recording.html?taskId=2622057,https://wildtrax-aru.s3-accelerate.amazonaws.com/5f4d901e-2158-4ab9-9cb9-a1849c7deabf/ae5eef18e4c94626a259828bef4a0ab3.jpg,https://wildtrax-aru.s3-accelerate.amazonaws.com/5f4d901e-2158-4ab9-9cb9-a1849c7deabf/91567645e74148b8a99552534ac1a02a.flac
CANFOR,Interior Broadleaf Working Group ARU Monitoring 2025 Limited Amplitude Processing,3701,MUS111-HR-C,492671,2025-06-07 05:10:00,2894231,1SPT,2622057,t,DUFL,Dusky Flycatcher,EMPIDONAX OBERHOLSERI,Aves,44.07,180.00,0.44,3.85kHz,6.32kHz,5269985,1,Song,1,,f,1,Leonard Patterson,2623,,f,-36.39,-40.01,2,0.011248,-0.001953,0.026703,-31.47,-59.4,-65.04,2,0,-0.003326,0.003326,-49.56,-33.78,-37.16,2,0.015546,-0.001007,0.037415,-28.54,-61.83,-64.67,2,-0.000001,-0.002563,0.002625,-51.62,t,https://portal.wildtrax.ca/home/aru-tasks/recording.html?taskId=2622057,https://wildtrax-aru.s3-accelerate.amazonaws.com/5f4d901e-2158-4ab9-9cb9-a1849c7deabf/281f87c6a3e64c768e99b02a8faa76b8.jpg,https://wildtrax-aru.s3-accelerate.amazonaws.com/5f4d901e-2158-4ab9-9cb9-a1849c7deabf/929a356f72154c14a19574e85888b772.flac
CANFOR,Interior Broadleaf Working Group ARU Monitoring 2025 Limited Amplitude Processing,3701,MUS111-HR-C,492671,2025-06-07 05:10:00,2894231,1SPT,2622057,t,OCWA,Orange-crowned Warbler,LEIOTHLYPIS CELATA,Aves,48.32,180.00,1.58,3.04kHz,6.85kHz,5269929,2,Song,1,,f,1,Leonard Patterson,2623,,f,-35.11,-41.13,2,0.011623,-0.010864,0.032074,-29.88,-52.8,-61.9,2,0,-0.00766,0.00766,-42.32,-33.43,-37.46,2,0.015705,-0.006042,0.039032,-28.17,-51.74,-60.83,2,0,-0.010254,0.010132,-39.78,t,https://portal.wildtrax.ca/home/aru-tasks/recording.html?taskId=2622057,https://wildtrax-aru.s3-accelerate.amazonaws.com/5f4d901e-2158-4ab9-9cb9-a1849c7deabf/9a33fa50c8f4413f86899b2913ce08f5.jpg,https://wildtrax-aru.s3-accelerate.amazonaws.com/5f4d901e-2158-4ab9-9cb9-a1849c7deabf/4c45c569fe454cf48f120e90102da734.flac
CANFOR,Interior Broadleaf Working Group ARU Monitoring 2025 Limited Amplitude Processing,3701,MUS111-HR-C,492671,2025-06-07 05:10:00,2894231,1SPT,2622057,t,NOWA,Northern Waterthrush,PARKESIA NOVEBORACENSIS,Aves,51.39,180.00,1.73,1.95kHz,6.17kHz,5269930,1,Song,1,,f,1,Leonard Patterson,2623,,f,-35.02,-40.33,2,0.01153,-0.010254,0.033234,-29.57,-51.05,-62.57,2,0,-0.009552,0.01062,-39.48,-33.67,-37.12,2,0.015712,-0.007019,0.04007,-27.94,-53.1,-60.02,2,0,-0.008026,0.00827,-41.65,t,https://portal.wildtrax.ca/home/aru-tasks/recording.html?taskId=2622057,https://wildtrax-aru.s3-accelerate.amazonaws.com/5f4d901e-2158-4ab9-9cb9-a1849c7deabf/4e78e2760fd3432e974b726973d141da.jpg,https://wildtrax-aru.s3-accelerate.amazonaws.com/5f4d901e-2158-4ab9-9cb9-a1849c7deabf/1c75aa5d79cd4cd9aaffef04d1f5d52e.flac
CANFOR,Interior Broadleaf Working Group ARU Monitoring 2025 Limited Amplitude Processing,3701,MUS111-HR-C,492671,2025-06-07 05:10:00,2894231,1SPT,2622057,t,HAWO,Hairy Woodpecker,DRYOBATES VILLOSUS,Aves,53.32,180.00,0.31,2.36kHz,5.14kHz,5269995,1,Call,1,,f,1,Leonard Patterson,2623,,f,-35.12,-38,2,0.010704,-0.013245,0.035126,-29.09,-58.77,-60.95,2,-0.000002,-0.006866,0.006012,-43.27,-33.94,-36.12,2,0.015703,-0.003601,0.034424,-29.26,-58.53,-60.35,2,-0.000001,-0.007263,0.006989,-42.78,t,https://portal.wildtrax.ca/home/aru-tasks/recording.html?taskId=2622057,https://wildtrax-aru.s3-accelerate.amazonaws.com/5f4d901e-2158-4ab9-9cb9-a1849c7deabf/605f853a054640a2960034980d660c39.jpg,https://wildtrax-aru.s3-accelerate.amazonaws.com/5f4d901e-2158-4ab9-9cb9-a1849c7deabf/ed21dc664d8d42f684876da4672ad558.flac
CANFOR,Interior Broadleaf Working Group ARU Monitoring 2025 Limited Amplitude Processing,3701,MUS111-HR-C,492671,2025-06-07 05:10:00,2894231,1SPT,2622057,t,BEKI,Belted Kingfisher,MEGACERYLE ALCYON,Aves,54.31,180.00,2.29,1.02kHz,4.37kHz,5269932,1,Song,1,,f,1,Leonard Patterson,2623,,f,-34.37,-39.82,2,0.011369,-0.013611,0.038055,-28.39,-49.75,-57.03,2,-0.000001,-0.013306,0.011902,-37.52,-33.2,-36.79,2,0.015689,-0.014099,0.044586,-27.02,-48.84,-55.51,2,0,-0.014526,0.014221,-36.76,t,https://portal.wildtrax.ca/home/aru-tasks/recording.html?taskId=2622057,https://wildtrax-aru.s3-accelerate.amazonaws.com/5f4d901e-2158-4ab9-9cb9-a1849c7deabf/1f7e02286b904e1c9bb1ebdf481c7dc3.jpg,https://wildtrax-aru.s3-accelerate.amazonaws.com/5f4d901e-2158-4ab9-9cb9-a1849c7deabf/6d9bfa8859e14cfe909be0126bd228cf.flac
CANFOR,Interior Broadleaf Working Group ARU Monitoring 2025 Limited Amplitude Processing,3701,MUS111-HR-C,492671,2025-06-07 05:10:00,2894231,1SPT,2622057,t,MAWA,Magnolia Warbler,SETOPHAGA MAGNOLIA,Aves,56.63,180.00,0.88,2.15kHz,5.70kHz,5270017,1,Song,1,,f,2,Leonard Patterson,2623,,f,-35.17,-38.86,2,0.011188,-0.008636,0.030334,-30.36,-61.36,-63.44,2,0,-0.003174,0.003265,-49.72,-34.1,-36.68,2,0.015758,-0.00531,0.040192,-27.92,-58.94,-61.83,2,-0.000001,-0.00592,0.003815,-44.55,t,https://portal.wildtrax.ca/home/aru-tasks/recording.html?taskId=2622057,https://wildtrax-aru.s3-accelerate.amazonaws.com/5f4d901e-2158-4ab9-9cb9-a1849c7deabf/73900ba9488847aea467dca67989cbfe.jpg,https://wildtrax-aru.s3-accelerate.amazonaws.com/5f4d901e-2158-4ab9-9cb9-a1849c7deabf/afd3379ea2f942b4b6b37fc215edbc64.flac
CANFOR,Interior Broadleaf Working Group ARU Monitoring 2025 Limited Amplitude Processing,3701,MUS111-HR-C,492671,2025-06-07 05:10:00,2894231,1SPT,2622057,t,DUFL,Dusky Flycatcher,EMPIDONAX OBERHOLSERI,Aves,58.79,180.00,0.36,3.54kHz,6.01kHz,5269998,2,Song,1,,f,1,Leonard Patterson,2623,,f,-37.18,-39.28,2,0.011824,0.000946,0.022644,-32.9,-62.32,-65.38,2,-0.000001,-0.005371,0.005371,-45.4,-34.59,-36.85,2,0.01531,-0.001526,0.034088,-29.35,-62.92,-64.14,2,0,-0.003082,0.003082,-50.22,t,https://portal.wildtrax.ca/home/aru-tasks/recording.html?taskId=2622057,https://wildtrax-aru.s3-accelerate.amazonaws.com/5f4d901e-2158-4ab9-9cb9-a1849c7deabf/0eadcbfbac8442ecb1dbd0b2187c2a86.jpg,https://wildtrax-aru.s3-accelerate.amazonaws.com/5f4d901e-2158-4ab9-9cb9-a1849c7deabf/2febe20eb15b4f279ebc8ab3487a6a36.flac
CANFOR,Interior Broadleaf Working Group ARU Monitoring 2025 Limited Amplitude Processing,3701,MUS111-HR-C,492671,2025-06-07 05:10:00,2894231,1SPT,2622057,t,RUGR,Ruffed Grouse,BONASA UMBELLUS,Aves,83.38,180.00,7.81,0.09kHz,0.91kHz,5270001,1,Non-vocal,1,,f,1,Leonard Patterson,2623,,f,-28.83,-40.18,2,0.011323,-0.063934,0.079529,-21.99,-36.07,-47.73,5,-0.004755,-0.034027,0.027405,-29.36,-29.7,-36.99,2,0.015694,-0.037109,0.080505,-21.88,-36.93,-44.26,4,-0.006591,-0.03656,0.017395,-28.74,t,https://portal.wildtrax.ca/home/aru-tasks/recording.html?taskId=2622057,https://wildtrax-aru.s3-accelerate.amazonaws.com/5f4d901e-2158-4ab9-9cb9-a1849c7deabf/a0cd457942f749959f9a9a9e147455e2.jpg,https://wildtrax-aru.s3-accelerate.amazonaws.com/5f4d901e-2158-4ab9-9cb9-a1849c7deabf/a033d9b83c0843c19bb3a4554dfcf8f7.flac
CANFOR,Interior Broadleaf Working Group ARU Monitoring 2025 Limited Amplitude Processing,3701,MUS111-HR-C,492671,2025-06-07 05:10:00,2894231,1SPT,2622057,t,TRES,Tree Swallow,TACHYCINETA BICOLOR,Aves,124.37,180.00,1.20,2.41kHz,5.86kHz,5269934,1,Song,2,,f,1,Leonard Patterson,2623,,f,-36.23,-40.13,2,0.011398,-0.002472,0.027771,-31.13,-52.81,-63.82,2,0,-0.008179,0.008148,-41.75,-34.07,-36.85,2,0.015611,-0.00473,0.038361,-28.32,-53.64,-62.05,2,0,-0.007568,0.007629,-42.35,t,https://portal.wildtrax.ca/home/aru-tasks/recording.html?taskId=2622057,https://wildtrax-aru.s3-accelerate.amazonaws.com/5f4d901e-2158-4ab9-9cb9-a1849c7deabf/60dc5dc9e3214158b1ccf01718718b9d.jpg,https://wildtrax-aru.s3-accelerate.amazonaws.com/5f4d901e-2158-4ab9-9cb9-a1849c7deabf/f16ca3c9495b45bd868836e482f8984f.flac
CANFOR,Interior Broadleaf Working Group ARU Monitoring 2025 Limited Amplitude Processing,3701,MUS111-HR-C,492671,2025-06-07 05:10:00,2894231,1SPT,2622057,t,WTSP,White-throated Sparrow,ZONOTRICHIA ALBICOLLIS,Aves,130.67,180.00,0.88,2.94kHz,3.71kHz,5269944,2,Song,1,,f,2,Leonard Patterson,2623,,f,-36.98,-39.9,2,0.011394,-0.001862,0.0242,-32.32,-64.11,-68.83,2,0,-0.002655,0.002625,-51.52,-34.37,-37.07,2,0.015628,-0.004517,0.037964,-28.41,-54.45,-60.81,2,0,-0.003906,0.003906,-48.16,t,https://portal.wildtrax.ca/home/aru-tasks/recording.html?taskId=2622057,https://wildtrax-aru.s3-accelerate.amazonaws.com/5f4d901e-2158-4ab9-9cb9-a1849c7deabf/a37b77e4ff274af9bec7f8a09cc790aa.jpg,https://wildtrax-aru.s3-accelerate.amazonaws.com/5f4d901e-2158-4ab9-9cb9-a1849c7deabf/25dbd2356d314d46aebee91ef7c65efc.flac
CANFOR,Interior Broadleaf Working Group ARU Monitoring 2025 Limited Amplitude Processing,3701,MUS111-HR-C,492671,2025-06-07 05:10:00,2894231,1SPT,2622057,t,WAVI,Warbling Vireo,VIREO GILVUS,Aves,137.52,180.00,0.56,2.20kHz,5.04kHz,5270003,1,Song,1,,f,2,Leonard Patterson,2623,,f,-35.75,-39.85,3,0.0114,-0.005859,0.027985,-31.06,-51.92,-58.07,2,-0.000001,-0.007111,0.006714,-42.96,-34.39,-36.24,2,0.015661,-0.007629,0.039825,-28,-49.15,-56.62,2,-0.000001,-0.01004,0.01001,-39.97,t,https://portal.wildtrax.ca/home/aru-tasks/recording.html?taskId=2622057,https://wildtrax-aru.s3-accelerate.amazonaws.com/5f4d901e-2158-4ab9-9cb9-a1849c7deabf/365c8beb2ceb4d84936a07f688eb9ec7.jpg,https://wildtrax-aru.s3-accelerate.amazonaws.com/5f4d901e-2158-4ab9-9cb9-a1849c7deabf/d866c2c593504f0bad4d01763959fc90.flac
CANFOR,Interior Broadleaf Working Group ARU Monitoring 2025 Limited Amplitude Processing,3701,MUS111-HR-C,492671,2025-06-07 05:10:00,2894231,1SPT,2622057,t,WTSP,White-throated Sparrow,ZONOTRICHIA ALBICOLLIS,Aves,150.65,180.00,0.43,3.44kHz,4.01kHz,5269945,3,Song,1,,f,1,Leonard Patterson,2623,,f,-36.77,-40.26,2,0.010995,-0.001129,0.022308,-33.03,-64.1,-67.78,3,0,-0.001617,0.001587,-55.82,-34.6,-36.87,2,0.015584,-0.004944,0.031738,-29.97,-68.04,-69.31,2,0,-0.001251,0.001251,-58.05,t,https://portal.wildtrax.ca/home/aru-tasks/recording.html?taskId=2622057,https://wildtrax-aru.s3-accelerate.amazonaws.com/5f4d901e-2158-4ab9-9cb9-a1849c7deabf/6f952ecc9171460abefa3c011d38c828.jpg,https://wildtrax-aru.s3-accelerate.amazonaws.com/5f4d901e-2158-4ab9-9cb9-a1849c7deabf/a0f1105318514f79a5074a99c76d6ace.flac
CANFOR,Interior Broadleaf Working Group ARU Monitoring 2025 Limited Amplitude Processing,3701,MUS111-HR-C,492671,2025-06-10 05:09:00,2894230,1SPT,2622056,t,AMRO,American Robin,TURDUS MIGRATORIUS,Aves,5.05,180.00,1.76,1.38kHz,3.74kHz,5268134,1,Song,1,,t,1,Leonard Patterson,2623,2623,f,-37.09,-39.78,2,0.011427,0.000092,0.022675,-32.89,-53.69,-65.75,2,0,-0.005463,0.005432,-45.25,-34.74,-37.2,2,0.01573,-0.001251,0.036102,-28.85,-51.96,-62.08,2,0,-0.007782,0.007477,-42.18,t,https://portal.wildtrax.ca/home/aru-tasks/recording.html?taskId=2622056,https://wildtrax-aru.s3-accelerate.amazonaws.com/f0713d55-e85f-490f-bdcd-bd6f266d38ee/2c0fdd6fed4742c398a1f1a5788b9f6d.jpg,https://wildtrax-aru.s3-accelerate.amazonaws.com/f0713d55-e85f-490f-bdcd-bd6f266d38ee/a0c82a2209944382bcd615cf11eaf115.flac
CANFOR,Interior Broadleaf Working Group ARU Monitoring 2025 Limited Amplitude Processing,3701,MUS111-HR-C,492671,2025-06-10 05:09:00,2894230,1SPT,2622056,t,PAWA,Palm Warbler,SETOPHAGA PALMARUM,Aves,9.85,180.00,1.93,3.08kHz,5.81kHz,5268139,1,Song,1,,f,1,Leonard Patterson,2623,,t,-37.1,-39.94,2,0.011511,-0.001312,0.024261,-32.3,-57.21,-64.83,2,0,-0.003967,0.003967,-48.03,-33.77,-37.16,3,0.015649,-0.00354,0.037781,-28.45,-56.7,-63.89,2,0,-0.004211,0.004333,-47.26,t,https://portal.wildtrax.ca/home/aru-tasks/recording.html?taskId=2622056,https://wildtrax-aru.s3-accelerate.amazonaws.com/f0713d55-e85f-490f-bdcd-bd6f266d38ee/b6362c3ef2194d19b2a6a5673c74f263.jpg,https://wildtrax-aru.s3-accelerate.amazonaws.com/f0713d55-e85f-490f-bdcd-bd6f266d38ee/9552094bbe414562a08677395a7ce6a9.flac
CANFOR,Interior Broadleaf Working Group ARU Monitoring 2025 Limited Amplitude Processing,3701,MUS111-HR-C,492671,2025-06-10 05:09:00,2894230,1SPT,2622056,t,AMRE,American Redstart,SETOPHAGA RUTICILLA,Aves,25.78,180.00,1.11,3.49kHz,9.26kHz,5268135,1,Song,1,,f,1,Leonard Patterson,2623,,f,-36.89,-39.72,2,0.011413,-0.004578,0.027863,-31.1,-49.29,-61.63,2,0,-0.011841,0.011261,-38.53,-34.61,-37.12,2,0.015847,-0.002899,0.032227,-29.84,-54.5,-61.52,2,0,-0.007721,0.007599,-42.25,t,https://portal.wildtrax.ca/home/aru-tasks/recording.html?taskId=2622056,https://wildtrax-aru.s3-accelerate.amazonaws.com/f0713d55-e85f-490f-bdcd-bd6f266d38ee/358e39ddf47c4ffcbcfdb6dbd274fae6.jpg,https://wildtrax-aru.s3-accelerate.amazonaws.com/f0713d55-e85f-490f-bdcd-bd6f266d38ee/3d459f2ea7b94d36814c81775dea85e4.flac
CANFOR,Interior Broadleaf Working Group ARU Monitoring 2025 Limited Amplitude Processing,3701,MUS111-HR-C,492671,2025-06-10 05:09:00,2894230,1SPT,2622056,t,CHSP,Chipping Sparrow,SPIZELLA PASSERINA,Aves,26.99,180.00,1.51,4.52kHz,5.70kHz,5268149,1,Song,1,,f,1,Leonard Patterson,2623,,f,-37.27,-40.62,2,0.011497,-0.001831,0.02243,-32.98,-64.42,-67.96,3,0,-0.002106,0.002167,-53.28,-33.8,-37.05,2,0.015785,-0.003815,0.03476,-29.18,-65.93,-68.27,5,0,-0.001831,0.001831,-54.75,t,https://portal.wildtrax.ca/home/aru-tasks/recording.html?taskId=2622056,https://wildtrax-aru.s3-accelerate.amazonaws.com/f0713d55-e85f-490f-bdcd-bd6f266d38ee/b5cbee53fd124fe2a621a59443022c9a.jpg,https://wildtrax-aru.s3-accelerate.amazonaws.com/f0713d55-e85f-490f-bdcd-bd6f266d38ee/ce38920b955e451e8cbbf4b95ddcbd71.flac
CANFOR,Interior Broadleaf Working Group ARU Monitoring 2025 Limited Amplitude Processing,3701,MUS111-HR-C,492671,2025-06-10 05:09:00,2894230,1SPT,2622056,t,WTSP,White-throated Sparrow,ZONOTRICHIA ALBICOLLIS,Aves,42.66,180.00,0.64,3.08kHz,3.69kHz,5268150,1,Song,1,,f,2,Leonard Patterson,2623,,f,-36.46,-40.65,2,0.011672,0.000183,0.024811,-32.11,-63.89,-67.03,3,0,-0.001587,0.001587,-55.99,-34.5,-36.76,2,0.015954,-0.001556,0.033997,-29.37,-64.58,-68.65,2,0,-0.002014,0.002014,-53.92,t,https://portal.wildtrax.ca/home/aru-tasks/recording.html?taskId=2622056,https://wildtrax-aru.s3-accelerate.amazonaws.com/f0713d55-e85f-490f-bdcd-bd6f266d38ee/0aab7dd41f6444dfa1c151e0190f7575.jpg,https://wildtrax-aru.s3-accelerate.amazonaws.com/f0713d55-e85f-490f-bdcd-bd6f266d38ee/5f5ab291be374e2885cf5c3106727bdb.flac
CANFOR,Interior Broadleaf Working Group ARU Monitoring 2025 Limited Amplitude Processing,3701,MUS111-HR-C,492671,2025-06-10 05:09:00,2894230,1SPT,2622056,t,WETA,Western Tanager,PIRANGA LUDOVICIANA,Aves,44.65,180.00,1.61,1.43kHz,3.80kHz,5268142,1,Song,1,,f,2,Leonard Patterson,2623,,f,-36.84,-40,2,0.011285,-0.008636,0.025726,-31.79,-60.61,-66.17,2,0,-0.00589,0.004517,-44.6,-34.32,-37.07,2,0.015909,-0.012177,0.035583,-28.98,-56.92,-62.68,4,0,-0.006439,0.004547,-43.82,t,https://portal.wildtrax.ca/home/aru-tasks/recording.html?taskId=2622056,https://wildtrax-aru.s3-accelerate.amazonaws.com/f0713d55-e85f-490f-bdcd-bd6f266d38ee/a67df793559e490ca1b4974bf1acd3be.jpg,https://wildtrax-aru.s3-accelerate.amazonaws.com/f0713d55-e85f-490f-bdcd-bd6f266d38ee/a06651bcfd804703880157a6c868e1e8.flac
CANFOR,Interior Broadleaf Working Group ARU Monitoring 2025 Limited Amplitude Processing,3701,MUS111-HR-C,492671,2025-06-10 05:09:00,2894230,1SPT,2622056,t,DUFL,Dusky Flycatcher,EMPIDONAX OBERHOLSERI,Aves,47.63,180.00,0.44,3.74kHz,7.40kHz,5268136,1,Song,1,,f,1,Leonard Patterson,2623,,f,-37.26,-40.17,2,0.011201,-0.002228,0.023773,-32.48,-52.51,-59.53,2,-0.000001,-0.007172,0.007172,-42.89,-34,-37.31,2,0.015927,-0.00119,0.037811,-28.45,-57.25,-59.82,2,0,-0.004578,0.00473,-46.5,t,https://portal.wildtrax.ca/home/aru-tasks/recording.html?taskId=2622056,https://wildtrax-aru.s3-accelerate.amazonaws.com/f0713d55-e85f-490f-bdcd-bd6f266d38ee/761d62e7f8614b4b906642b965e124b6.jpg,https://wildtrax-aru.s3-accelerate.amazonaws.com/f0713d55-e85f-490f-bdcd-bd6f266d38ee/da4d20da46e34d6885fd77464c7a385a.flac
CANFOR,Interior Broadleaf Working Group ARU Monitoring 2025 Limited Amplitude Processing,3701,MUS111-HR-C,492671,2025-06-10 05:09:00,2894230,1SPT,2622056,t,MAWA,Magnolia Warbler,SETOPHAGA MAGNOLIA,Aves,102.27,180.00,1.23,1.95kHz,8.18kHz,5268137,1,Song,1,,f,1,Leonard Patterson,2623,,f,-36.37,-40.08,2,0.011646,-0.003448,0.028198,-31,-56.69,-61.26,2,0,-0.006958,0.005096,-43.15,-34.59,-36.96,2,0.015743,-0.004242,0.036499,-28.75,-55.43,-59.58,2,-0.000001,-0.009216,0.005859,-40.71,t,https://portal.wildtrax.ca/home/aru-tasks/recording.html?taskId=2622056,https://wildtrax-aru.s3-accelerate.amazonaws.com/f0713d55-e85f-490f-bdcd-bd6f266d38ee/21a94b23eda1415b8f89f71bb4ded6fa.jpg,https://wildtrax-aru.s3-accelerate.amazonaws.com/f0713d55-e85f-490f-bdcd-bd6f266d38ee/1b5e1b17f1b948b88829fed7925e8187.flac
CANFOR,Interior Broadleaf Working Group ARU Monitoring 2025 Limited Amplitude Processing,3701,MUS111-HR-C,492671,2025-06-10 05:09:00,2894230,1SPT,2622056,t,OSFL,Olive-sided Flycatcher,CONTOPUS COOPERI,Aves,104.27,180.00,0.70,2.15kHz,4.11kHz,5268138,1,Song,1,,f,2,Leonard Patterson,2623,,f,-37.61,-39.66,2,0.011477,-0.00412,0.024261,-32.3,-55.18,-63.92,2,0,-0.005402,0.005493,-45.2,-34.76,-37.15,2,0.015653,-0.002502,0.036957,-28.65,-49.75,-60.84,2,-0.000001,-0.008881,0.008728,-41.03,t,https://portal.wildtrax.ca/home/aru-tasks/recording.html?taskId=2622056,https://wildtrax-aru.s3-accelerate.amazonaws.com/f0713d55-e85f-490f-bdcd-bd6f266d38ee/c1ea3a4b88174bcca3c13f2f6ac43e47.jpg,https://wildtrax-aru.s3-accelerate.amazonaws.com/f0713d55-e85f-490f-bdcd-bd6f266d38ee/6118878f83574f62a0c5b5037ac660aa.flac
CANFOR,Interior Broadleaf Working Group ARU Monitoring 2025 Limited Amplitude Processing,3701,MUS111-HR-C,492671,2025-06-10 05:09:00,2894230,1SPT,2622056,t,MAWA,Magnolia Warbler,SETOPHAGA MAGNOLIA,Aves,112.94,180.00,0.68,2.93kHz,5.60kHz,5268143,2,Song,1,,f,1,Leonard Patterson,2623,,f,-37.33,-40.06,2,0.011537,-0.001465,0.023804,-32.47,-62.11,-65.36,2,0,-0.002991,0.002991,-50.48,-34.05,-36.75,2,0.016115,-0.00412,0.039795,-28,-61.73,-63.84,2,0,-0.003448,0.002899,-49.25,t,https://portal.wildtrax.ca/home/aru-tasks/recording.html?taskId=2622056,https://wildtrax-aru.s3-accelerate.amazonaws.com/f0713d55-e85f-490f-bdcd-bd6f266d38ee/ab6e66b9a8b84075bba7697555874f24.jpg,https://wildtrax-aru.s3-accelerate.amazonaws.com/f0713d55-e85f-490f-bdcd-bd6f266d38ee/cbc00cf5c4ac41cf9d0c1f8d29c39b0a.flac
CANFOR,Interior Broadleaf Working Group ARU Monitoring 2025 Limited Amplitude Processing,3701,MUS111-HR-C,492671,2025-06-10 05:09:00,2894230,1SPT,2622056,t,SWTH,Swainson's Thrush,CATHARUS USTULATUS,Aves,147.03,180.00,1.18,1.02kHz,3.90kHz,5268144,1,Song,1,,f,2,Leonard Patterson,2623,,f,-37.3,-40.18,2,0.011387,-0.006439,0.024109,-32.36,-59.74,-64.85,2,-0.000001,-0.004211,0.003662,-47.51,-34.56,-37.08,2,0.015916,-0.002197,0.035919,-28.89,-55.21,-60.51,2,-0.000001,-0.009338,0.005615,-40.59,t,https://portal.wildtrax.ca/home/aru-tasks/recording.html?taskId=2622056,https://wildtrax-aru.s3-accelerate.amazonaws.com/f0713d55-e85f-490f-bdcd-bd6f266d38ee/7fbafc6aaa99464b946034091ab8ae08.jpg,https://wildtrax-aru.s3-accelerate.amazonaws.com/f0713d55-e85f-490f-bdcd-bd6f266d38ee/17ae653a4faa4edd81e940c13f559653.flac
CANFOR,Interior Broadleaf Working Group ARU Monitoring 2025 Limited Amplitude Processing,3701,MUS111-HR-C,492671,2025-06-10 05:09:00,2894230,1SPT,2622056,t,SWTH,Swainson's Thrush,CATHARUS USTULATUS,Aves,148.91,180.00,0.96,1.22kHz,3.90kHz,5268145,2,Song,1,,f,1,Leonard Patterson,2623,,f,-36.45,-40.02,2,0.011398,-0.004303,0.025909,-31.73,-55.32,-61.94,4,-0.000001,-0.005341,0.005341,-45.45,-34.2,-36.73,2,0.015877,-0.001099,0.033875,-29.4,-57.81,-60.63,2,-0.000001,-0.005493,0.004486,-45.2,t,https://portal.wildtrax.ca/home/aru-tasks/recording.html?taskId=2622056,https://wildtrax-aru.s3-accelerate.amazonaws.com/f0713d55-e85f-490f-bdcd-bd6f266d38ee/fbb54651f57b4fb1aedf733de38d7745.jpg,https://wildtrax-aru.s3-accelerate.amazonaws.com/f0713d55-e85f-490f-bdcd-bd6f266d38ee/4bf3017744a1489cb1065be89fbd0eb5.flac
CANFOR,Interior Broadleaf Working Group ARU Monitoring 2025 Limited Amplitude Processing,3701,MUS111-HR-C,492671,2025-06-10 05:09:00,2894230,1SPT,2622056,t,SWTH,Swainson's Thrush,CATHARUS USTULATUS,Aves,151.11,180.00,0.73,1.12kHz,3.23kHz,5268146,3,Song,1,,f,1,Leonard Patterson,2623,,f,-36.8,-39.29,2,0.011464,-0.003723,0.024475,-32.23,-60.26,-64.59,2,0,-0.003418,0.003754,-48.51,-34.38,-36.47,2,0.016034,-0.001587,0.039124,-28.15,-57.21,-60.98,2,-0.000001,-0.004822,0.004578,-46.34,t,https://portal.wildtrax.ca/home/aru-tasks/recording.html?taskId=2622056,https://wildtrax-aru.s3-accelerate.amazonaws.com/f0713d55-e85f-490f-bdcd-bd6f266d38ee/7081014b8c66401a9d0204b64dc2c4ee.jpg,https://wildtrax-aru.s3-accelerate.amazonaws.com/f0713d55-e85f-490f-bdcd-bd6f266d38ee/884d8f3959904c35b956333cdf1e0d31.flac
CANFOR,Interior Broadleaf Working Group ARU Monitoring 2025 Limited Amplitude Processing,3701,MUS111-HR-C,492671,2025-06-10 05:09:00,2894230,1SPT,2622056,t,UNBI,Unidentified bird,"",Aves,161.15,180.00,4.25,1.12kHz,2.51kHz,5268147,1,Call,1,,f,2,Leonard Patterson,2623,,f,-37.23,-40,2,0.011442,-0.001434,0.025269,-31.95,-64.35,-68.15,2,0,-0.003265,0.002289,-49.72,-34.13,-37.08,2,0.01583,-0.004303,0.03595,-28.89,-58.36,-64.03,2,0,-0.003632,0.003967,-48.03,t,https://portal.wildtrax.ca/home/aru-tasks/recording.html?taskId=2622056,https://wildtrax-aru.s3-accelerate.amazonaws.com/f0713d55-e85f-490f-bdcd-bd6f266d38ee/c7ccb26b609c4390813cd10fcd6d6d25.jpg,https://wildtrax-aru.s3-accelerate.amazonaws.com/f0713d55-e85f-490f-bdcd-bd6f266d38ee/02b830bc62c14a73b5d743f08ffb9d98.flac
CANFOR,Interior Broadleaf Working Group ARU Monitoring 2025 Limited Amplitude Processing,3701,MUS111-HR-C,492671,2025-06-10 05:09:00,2894230,1SPT,2622056,t,TRES,Tree Swallow,TACHYCINETA BICOLOR,Aves,165.18,180.00,0.48,2.46kHz,6.27kHz,5268148,1,Song,1,,f,1,Leonard Patterson,2623,,f,-37.11,-39.16,2,0.011351,-0.003754,0.026184,-31.64,-47.88,-58.68,2,0,-0.013367,0.013519,-37.38,-34.69,-36.65,2,0.015577,-0.000824,0.031677,-29.99,-54.11,-59.02,2,-0.000001,-0.00708,0.007507,-42.49,t,https://portal.wildtrax.ca/home/aru-tasks/recording.html?taskId=2622056,https://wildtrax-aru.s3-accelerate.amazonaws.com/f0713d55-e85f-490f-bdcd-bd6f266d38ee/72ea56bd84ba4c539468c53387b7e1bb.jpg,https://wildtrax-aru.s3-accelerate.amazonaws.com/f0713d55-e85f-490f-bdcd-bd6f266d38ee/72a93fd2040a406198ce7a2797a055f4.flac
CANFOR,Interior Broadleaf Working Group ARU Monitoring 2025 Limited Amplitude Processing,3701,MUS111-LR-C,492667,2025-06-04 05:12:00,2894232,1SPT,2622058,t,LISP,Lincoln's Sparrow,MELOSPIZA LINCOLNII,Aves,5.90,180.00,2.29,1.43kHz,6.74kHz,5268152,1,Song,1,,f,2,Leonard Patterson,2623,,f,-34.29,-38.03,2,-0.0141,-0.038025,0.014008,-28.4,-47.23,-55.75,2,0,-0.01593,0.014526,-35.96,-35.73,-40.49,2,0.011659,-0.011414,0.03009,-30.43,-49.48,-58.44,2,0,-0.011505,0.012634,-37.97,t,https://portal.wildtrax.ca/home/aru-tasks/recording.html?taskId=2622058,https://wildtrax-aru.s3-accelerate.amazonaws.com/97cacbcc-8f58-4803-a070-520cc3a2a0a6/393bf60cb8fd41ae8ee5ea0ce05e892b.jpg,https://wildtrax-aru.s3-accelerate.amazonaws.com/97cacbcc-8f58-4803-a070-520cc3a2a0a6/1df92d46a87a4958a4798fed24d5bbf3.flac
CANFOR,Interior Broadleaf Working Group ARU Monitoring 2025 Limited Amplitude Processing,3701,MUS111-LR-C,492667,2025-06-04 05:12:00,2894232,1SPT,2622058,t,OCWA,Orange-crowned Warbler,LEIOTHLYPIS CELATA,Aves,12.27,180.00,1.09,3.44kHz,6.12kHz,5268154,1,Song,1,,f,1,Leonard Patterson,2623,,f,-34.39,-37.94,2,-0.014415,-0.035065,0.009888,-29.1,-53.19,-58.98,2,0,-0.009216,0.009216,-40.71,-35.89,-39.75,2,0.011518,-0.008362,0.027313,-31.27,-55.94,-61.37,2,0,-0.004974,0.005035,-45.96,t,https://portal.wildtrax.ca/home/aru-tasks/recording.html?taskId=2622058,https://wildtrax-aru.s3-accelerate.amazonaws.com/97cacbcc-8f58-4803-a070-520cc3a2a0a6/05b717a7d2344524b0fd4ff06f18bb57.jpg,https://wildtrax-aru.s3-accelerate.amazonaws.com/97cacbcc-8f58-4803-a070-520cc3a2a0a6/c8c8b0ee6ff64942921d251c1ba44408.flac
CANFOR,Interior Broadleaf Working Group ARU Monitoring 2025 Limited Amplitude Processing,3701,MUS111-LR-C,492667,2025-06-04 05:12:00,2894232,1SPT,2622058,t,OCWA,Orange-crowned Warbler,LEIOTHLYPIS CELATA,Aves,41.10,180.00,0.84,4.16kHz,6.12kHz,5268156,2,Song,1,,f,2,Leonard Patterson,2623,,f,-34.58,-37.88,2,-0.014219,-0.03418,0.008575,-29.32,-57.92,-61.93,2,0,-0.004272,0.004181,-47.39,-36.54,-40.61,2,0.011755,-0.003662,0.027344,-31.26,-60.57,-65.43,2,0,-0.00293,0.00296,-50.57,t,https://portal.wildtrax.ca/home/aru-tasks/recording.html?taskId=2622058,https://wildtrax-aru.s3-accelerate.amazonaws.com/97cacbcc-8f58-4803-a070-520cc3a2a0a6/ad5bd04987ea4ffa8f24799e18a80e70.jpg,https://wildtrax-aru.s3-accelerate.amazonaws.com/97cacbcc-8f58-4803-a070-520cc3a2a0a6/fb9da607778a497281712deb60d39751.flac
CANFOR,Interior Broadleaf Working Group ARU Monitoring 2025 Limited Amplitude Processing,3701,MUS111-LR-C,492667,2025-06-04 05:12:00,2894232,1SPT,2622058,t,MAWA,Magnolia Warbler,SETOPHAGA MAGNOLIA,Aves,64.61,180.00,1.00,2.67kHz,7.15kHz,5268157,1,Song,1,,f,2,Leonard Patterson,2623,,f,-34.9,-37.27,2,-0.014208,-0.041077,0.014435,-27.73,-45.48,-54.9,2,0,-0.0177,0.018738,-34.55,-35.44,-40.21,2,0.011913,-0.007263,0.035034,-29.11,-48.52,-58.23,2,0,-0.013428,0.013672,-37.28,t,https://portal.wildtrax.ca/home/aru-tasks/recording.html?taskId=2622058,https://wildtrax-aru.s3-accelerate.amazonaws.com/97cacbcc-8f58-4803-a070-520cc3a2a0a6/0c6f8bdd535445d085b12df4f70764e6.jpg,https://wildtrax-aru.s3-accelerate.amazonaws.com/97cacbcc-8f58-4803-a070-520cc3a2a0a6/5a53c8321a57432aab4b0da29afafe53.flac
CANFOR,Interior Broadleaf Working Group ARU Monitoring 2025 Limited Amplitude Processing,3701,MUS111-LR-C,492667,2025-06-04 05:12:00,2894232,1SPT,2622058,t,DUFL,Dusky Flycatcher,EMPIDONAX OBERHOLSERI,Aves,104.15,180.00,0.38,3.18kHz,5.45kHz,5268162,1,Song,1,,f,2,Leonard Patterson,2623,,f,-35.17,-37.15,3,-0.013615,-0.031738,0.008606,-29.97,-57,-60.35,2,0.000001,-0.005432,0.005676,-44.92,-36.01,-40.27,2,0.01216,-0.002472,0.02832,-30.96,-59.66,-63.07,2,-0.000001,-0.005066,0.005066,-45.91,t,https://portal.wildtrax.ca/home/aru-tasks/recording.html?taskId=2622058,https://wildtrax-aru.s3-accelerate.amazonaws.com/97cacbcc-8f58-4803-a070-520cc3a2a0a6/e5d958666e544d6faf3bc37d6c17549a.jpg,https://wildtrax-aru.s3-accelerate.amazonaws.com/97cacbcc-8f58-4803-a070-520cc3a2a0a6/932803aecdd64f1599cc87777b977a0e.flac
CANFOR,Interior Broadleaf Working Group ARU Monitoring 2025 Limited Amplitude Processing,3701,MUS111-LR-C,492667,2025-06-04 05:12:00,2894232,1SPT,2622058,t,WTSP,White-throated Sparrow,ZONOTRICHIA ALBICOLLIS,Aves,112.11,180.00,1.26,2.67kHz,5.09kHz,5268163,1,Song,1,,f,2,Leonard Patterson,2623,,f,-34.71,-37.66,2,-0.014289,-0.03537,0.005341,-29.03,-59.38,-60.89,2,0,-0.004181,0.004333,-47.26,-35.76,-40.62,2,0.011805,-0.004242,0.030212,-30.4,-62.2,-64.56,2,0,-0.003906,0.002991,-48.16,t,https://portal.wildtrax.ca/home/aru-tasks/recording.html?taskId=2622058,https://wildtrax-aru.s3-accelerate.amazonaws.com/97cacbcc-8f58-4803-a070-520cc3a2a0a6/32b4e9aaa4c14882a07b9feb9075bdfb.jpg,https://wildtrax-aru.s3-accelerate.amazonaws.com/97cacbcc-8f58-4803-a070-520cc3a2a0a6/f1466546fa894c9ba22ad3359e0e6d42.flac
CANFOR,Interior Broadleaf Working Group ARU Monitoring 2025 Limited Amplitude Processing,3701,MUS111-LR-C,492667,2025-06-04 05:12:00,2894232,1SPT,2622058,t,OSFL,Olive-sided Flycatcher,CONTOPUS COOPERI,Aves,140.32,180.00,0.41,2.36kHz,3.70kHz,5268164,1,Song,1,,f,1,Leonard Patterson,2623,,f,-34.84,-37.43,2,-0.014027,-0.033905,0.007812,-29.39,-57.71,-61.83,2,0,-0.003937,0.003876,-48.1,-37.72,-39.11,2,0.011685,-0.000702,0.025238,-31.96,-62.52,-64.46,2,-0.000001,-0.002502,0.002319,-52.03,t,https://portal.wildtrax.ca/home/aru-tasks/recording.html?taskId=2622058,https://wildtrax-aru.s3-accelerate.amazonaws.com/97cacbcc-8f58-4803-a070-520cc3a2a0a6/91834edb2bcd4015a6122cf81211711d.jpg,https://wildtrax-aru.s3-accelerate.amazonaws.com/97cacbcc-8f58-4803-a070-520cc3a2a0a6/0eaa72d7025f4195812d27e5675a49cf.flac
CANFOR,Interior Broadleaf Working Group ARU Monitoring 2025 Limited Amplitude Processing,3701,MUS111-LR-C,492667,2025-06-04 05:12:00,2894232,1SPT,2622058,t,MGWA,MacGillivray's Warbler,GEOTHLYPIS TOLMIEI,Aves,166.03,180.00,1.26,1.79kHz,6.84kHz,5268159,1,Song,1,,f,2,Leonard Patterson,2623,,f,-34.28,-37.84,2,-0.014125,-0.04071,0.006836,-27.81,-52.29,-57.25,2,0.000001,-0.00766,0.008881,-41.03,-35.47,-40.55,2,0.011893,-0.006409,0.029755,-30.53,-53.5,-60.06,2,0,-0.007843,0.008423,-41.49,t,https://portal.wildtrax.ca/home/aru-tasks/recording.html?taskId=2622058,https://wildtrax-aru.s3-accelerate.amazonaws.com/97cacbcc-8f58-4803-a070-520cc3a2a0a6/fe75ef4c575243c0b28ba13d8e478aa8.jpg,https://wildtrax-aru.s3-accelerate.amazonaws.com/97cacbcc-8f58-4803-a070-520cc3a2a0a6/9e08a6f438554e0aa2217af9f19d8603.flac
CANFOR,Interior Broadleaf Working Group ARU Monitoring 2025 Limited Amplitude Processing,3701,MUS111-LR-C,492667,2025-06-04 05:12:00,2894232,1SPT,2622058,t,WAVI,Warbling Vireo,VIREO GILVUS,Aves,168.33,180.00,1.76,1.79kHz,6.69kHz,5268161,1,Song,1,,f,2,Leonard Patterson,2623,,f,-34.73,-37.73,2,-0.014153,-0.049591,0.018799,-26.09,-41.77,-56.67,2,0,-0.03479,0.032043,-29.17,-35.87,-39.89,2,0.011888,-0.008942,0.040741,-27.8,-44.65,-60.12,2,0,-0.021088,0.019775,-33.52,t,https://portal.wildtrax.ca/home/aru-tasks/recording.html?taskId=2622058,https://wildtrax-aru.s3-accelerate.amazonaws.com/97cacbcc-8f58-4803-a070-520cc3a2a0a6/74c42e28081c4bc5a51f7d655ff9c239.jpg,https://wildtrax-aru.s3-accelerate.amazonaws.com/97cacbcc-8f58-4803-a070-520cc3a2a0a6/db939f30bd7d44dca1992c06a09448e6.flac
CANFOR,Interior Broadleaf Working Group ARU Monitoring 2025 Limited Amplitude Processing,3701,MUS111-LR-C,492667,2025-06-04 05:12:00,2894232,1SPT,2622058,t,OCWA,Orange-crowned Warbler,LEIOTHLYPIS CELATA,Aves,170.09,180.00,1.35,2.72kHz,7.05kHz,5268160,3,Song,1,,f,1,Leonard Patterson,2623,,f,-33.65,-37.29,2,-0.014139,-0.071472,0.058136,-22.92,-37.03,-56.1,2,0,-0.061523,0.061432,-24.22,-36.34,-39.65,2,0.011802,-0.009979,0.034363,-29.28,-47.29,-60.37,2,0,-0.019379,0.019684,-34.12,t,https://portal.wildtrax.ca/home/aru-tasks/recording.html?taskId=2622058,https://wildtrax-aru.s3-accelerate.amazonaws.com/97cacbcc-8f58-4803-a070-520cc3a2a0a6/55f10c9f7df44ebca05d9786018ce5d1.jpg,https://wildtrax-aru.s3-accelerate.amazonaws.com/97cacbcc-8f58-4803-a070-520cc3a2a0a6/69f987445e344d6b88d7510f80ddd110.flac
CANFOR,Interior Broadleaf Working Group ARU Monitoring 2025 Limited Amplitude Processing,3701,MUS111-LR-C,492667,2025-06-07 05:10:00,2894233,1SPT,2622059,t,SWTH,Swainson's Thrush,CATHARUS USTULATUS,Aves,3.59,180.00,1.13,1.12kHz,4.62kHz,5269892,1,Song,1,,f,1,Leonard Patterson,2623,,f,-34.95,-38.54,2,-0.014208,-0.035492,0.005829,-29,-50.1,-58.05,2,0.000001,-0.008759,0.008575,-41.15,-35.68,-40.46,2,0.011547,-0.007202,0.030975,-30.18,-54.62,-61.64,2,-0.000001,-0.00708,0.006134,-43,t,https://portal.wildtrax.ca/home/aru-tasks/recording.html?taskId=2622059,https://wildtrax-aru.s3-accelerate.amazonaws.com/b0b5cd66-bb61-4437-be61-d9b623f9d974/08d0492d5f5141b3a3fabcfc992431c5.jpg,https://wildtrax-aru.s3-accelerate.amazonaws.com/b0b5cd66-bb61-4437-be61-d9b623f9d974/101881535d7b43fdbee9a5d43c6f4bf9.flac
CANFOR,Interior Broadleaf Working Group ARU Monitoring 2025 Limited Amplitude Processing,3701,MUS111-LR-C,492667,2025-06-07 05:10:00,2894233,1SPT,2622059,t,AMRE,American Redstart,SETOPHAGA RUTICILLA,Aves,6.84,180.00,1.06,3.33kHz,8.43kHz,5269888,1,Song,1,,f,2,Leonard Patterson,2623,,f,-33.95,-37.94,2,-0.014409,-0.034943,0.009918,-29.13,-54.05,-60.57,2,0,-0.007904,0.007599,-42.04,-35.4,-39.81,2,0.011767,-0.008545,0.030945,-30.19,-54.23,-62.8,2,0,-0.006805,0.006866,-43.27,t,https://portal.wildtrax.ca/home/aru-tasks/recording.html?taskId=2622059,https://wildtrax-aru.s3-accelerate.amazonaws.com/b0b5cd66-bb61-4437-be61-d9b623f9d974/5f855398a1154ca5827b2c85e78d2428.jpg,https://wildtrax-aru.s3-accelerate.amazonaws.com/b0b5cd66-bb61-4437-be61-d9b623f9d974/42af52140b8740709e9860f461dde406.flac
CANFOR,Interior Broadleaf Working Group ARU Monitoring 2025 Limited Amplitude Processing,3701,MUS111-LR-C,492667,2025-06-07 05:10:00,2894233,1SPT,2622059,t,OCWA,Orange-crowned Warbler,LEIOTHLYPIS CELATA,Aves,18.93,180.00,1.75,2.63kHz,7.26kHz,5269890,1,Song,1,,f,2,Leonard Patterson,2623,,f,-34.66,-38.02,2,-0.014208,-0.034027,0.010895,-29.36,-48.83,-59.33,2,0,-0.012634,0.012085,-37.97,-36.15,-39.99,2,0.011686,-0.005463,0.029449,-30.62,-50.88,-61.68,2,0,-0.009644,0.009552,-40.32,t,https://portal.wildtrax.ca/home/aru-tasks/recording.html?taskId=2622059,https://wildtrax-aru.s3-accelerate.amazonaws.com/b0b5cd66-bb61-4437-be61-d9b623f9d974/bba17f2bfc2e4f71b7b4fe3e63e3e8d7.jpg,https://wildtrax-aru.s3-accelerate.amazonaws.com/b0b5cd66-bb61-4437-be61-d9b623f9d974/fa079d46b72c43779c6ea3a2b37ba0e5.flac
CANFOR,Interior Broadleaf Working Group ARU Monitoring 2025 Limited Amplitude Processing,3701,MUS111-LR-C,492667,2025-06-07 05:10:00,2894233,1SPT,2622059,t,LISP,Lincoln's Sparrow,MELOSPIZA LINCOLNII,Aves,27.50,180.00,1.88,0.88kHz,4.94kHz,5269902,1,Song,1,,f,2,Leonard Patterson,2623,,f,-34.47,-38.54,2,-0.014299,-0.039764,0.010986,-28.01,-48.69,-56.21,2,0.000001,-0.013062,0.011993,-37.68,-33.61,-40.19,3,0.011648,-0.013306,0.036041,-28.86,-48.5,-58.6,2,0,-0.01236,0.012756,-37.89,t,https://portal.wildtrax.ca/home/aru-tasks/recording.html?taskId=2622059,https://wildtrax-aru.s3-accelerate.amazonaws.com/b0b5cd66-bb61-4437-be61-d9b623f9d974/a94399b5b0774ddaa76cc4e00fb8dcaa.jpg,https://wildtrax-aru.s3-accelerate.amazonaws.com/b0b5cd66-bb61-4437-be61-d9b623f9d974/484218bfe7bb465d8ba37421b7198087.flac
CANFOR,Interior Broadleaf Working Group ARU Monitoring 2025 Limited Amplitude Processing,3701,MUS111-LR-C,492667,2025-06-07 05:10:00,2894233,1SPT,2622059,t,WTSP,White-throated Sparrow,ZONOTRICHIA ALBICOLLIS,Aves,33.97,180.00,3.86,3.14kHz,5.97kHz,5269901,1,Song,1,,f,2,Leonard Patterson,2623,,f,-32.95,-38.71,2,-0.014328,-0.046692,0.015625,-26.62,-39.98,-58.6,2,0,-0.020264,0.020203,-33.87,-30.3,-39.87,2,0.011828,-0.039185,0.054626,-25.25,-36.56,-63.13,2,0,-0.024963,0.024536,-32.05,t,https://portal.wildtrax.ca/home/aru-tasks/recording.html?taskId=2622059,https://wildtrax-aru.s3-accelerate.amazonaws.com/b0b5cd66-bb61-4437-be61-d9b623f9d974/69727b71d51548019247ce285628ebbb.jpg,https://wildtrax-aru.s3-accelerate.amazonaws.com/b0b5cd66-bb61-4437-be61-d9b623f9d974/dbb25b61360643359dac20fc44b98bc3.flac
CANFOR,Interior Broadleaf Working Group ARU Monitoring 2025 Limited Amplitude Processing,3701,MUS111-LR-C,492667,2025-06-07 05:10:00,2894233,1SPT,2622059,t,CHSP,Chipping Sparrow,SPIZELLA PASSERINA,Aves,42.35,180.00,1.74,3.86kHz,5.97kHz,5269905,1,Song,1,,f,2,Leonard Patterson,2623,,f,-33.95,-38.55,2,-0.014293,-0.036163,0.007019,-28.83,-61.08,-63.78,2,0,-0.003876,0.003937,-48.1,-28.64,-42.06,2,0.011577,-0.0242,0.054016,-25.35,-62.48,-66.27,2,0,-0.002625,0.002563,-51.62,t,https://portal.wildtrax.ca/home/aru-tasks/recording.html?taskId=2622059,https://wildtrax-aru.s3-accelerate.amazonaws.com/b0b5cd66-bb61-4437-be61-d9b623f9d974/cb5f7f422d41471fb0ede77bc6e6c84f.jpg,https://wildtrax-aru.s3-accelerate.amazonaws.com/b0b5cd66-bb61-4437-be61-d9b623f9d974/a07dba5dddc340bf9d3fca0b173302e2.flac
CANFOR,Interior Broadleaf Working Group ARU Monitoring 2025 Limited Amplitude Processing,3701,MUS111-LR-C,492667,2025-06-07 05:10:00,2894233,1SPT,2622059,t,OCWA,Orange-crowned Warbler,LEIOTHLYPIS CELATA,Aves,47.97,180.00,1.31,2.94kHz,5.82kHz,5269899,2,Song,1,,f,1,Leonard Patterson,2623,,f,-34.27,-37.91,2,-0.014262,-0.038391,0.009003,-28.32,-51.75,-60.45,2,0,-0.008636,0.008942,-40.97,-33.48,-40.95,2,0.011322,-0.019928,0.037109,-28.61,-58.33,-63.52,2,0,-0.004211,0.004669,-46.62,t,https://portal.wildtrax.ca/home/aru-tasks/recording.html?taskId=2622059,https://wildtrax-aru.s3-accelerate.amazonaws.com/b0b5cd66-bb61-4437-be61-d9b623f9d974/ae7cdd4189b6471e90668c3a0ddd61b3.jpg,https://wildtrax-aru.s3-accelerate.amazonaws.com/b0b5cd66-bb61-4437-be61-d9b623f9d974/313a65cafe28450093547b1982960d49.flac
CANFOR,Interior Broadleaf Working Group ARU Monitoring 2025 Limited Amplitude Processing,3701,MUS111-LR-C,492667,2025-06-07 05:10:00,2894233,1SPT,2622059,t,WTSP,White-throated Sparrow,ZONOTRICHIA ALBICOLLIS,Aves,101.83,180.00,1.86,2.88kHz,3.66kHz,5269918,2,Song,1,,f,2,Leonard Patterson,2623,,f,-32.76,-38.61,2,-0.014135,-0.036835,0.010162,-28.67,-62.55,-66.63,2,0,-0.00235,0.00238,-52.47,-34.6,-41.13,2,0.011578,-0.009613,0.034882,-29.15,-59.9,-68.99,2,0,-0.002838,0.002869,-50.85,t,https://portal.wildtrax.ca/home/aru-tasks/recording.html?taskId=2622059,https://wildtrax-aru.s3-accelerate.amazonaws.com/b0b5cd66-bb61-4437-be61-d9b623f9d974/666e860669e649998fe14789c27d7e0b.jpg,https://wildtrax-aru.s3-accelerate.amazonaws.com/b0b5cd66-bb61-4437-be61-d9b623f9d974/fa2cd7254ddd410cb7ddbe73a01081c1.flac
CANFOR,Interior Broadleaf Working Group ARU Monitoring 2025 Limited Amplitude Processing,3701,MUS111-LR-C,492667,2025-06-07 05:10:00,2894233,1SPT,2622059,t,DUFL,Dusky Flycatcher,EMPIDONAX OBERHOLSERI,Aves,125.37,180.00,0.24,3.95kHz,5.45kHz,5269924,1,Song,1,,f,1,Leonard Patterson,2623,,f,-36.97,-36.97,2,-0.013127,-0.037476,0.003204,-28.53,-62.35,-62.35,3,0,-0.003082,0.002869,-50.22,-38.18,-38.18,2,0.011693,0.00116,0.026581,-31.51,-66.01,-66.01,2,0,-0.00174,0.001892,-54.46,t,https://portal.wildtrax.ca/home/aru-tasks/recording.html?taskId=2622059,https://wildtrax-aru.s3-accelerate.amazonaws.com/b0b5cd66-bb61-4437-be61-d9b623f9d974/57e55969460942af8c404b69be33528b.jpg,https://wildtrax-aru.s3-accelerate.amazonaws.com/b0b5cd66-bb61-4437-be61-d9b623f9d974/2f2007999ecc4c81adbda93f7054fb75.flac
CANFOR,Interior Broadleaf Working Group ARU Monitoring 2025 Limited Amplitude Processing,3701,MUS111-LR-C,492667,2025-06-07 05:10:00,2894233,1SPT,2622059,t,AMRE,American Redstart,SETOPHAGA RUTICILLA,Aves,125.88,180.00,0.96,3.40kHz,7.73kHz,5269910,2,Song,1,,f,2,Leonard Patterson,2623,,f,-34.63,-38.43,2,-0.014223,-0.034729,0.008606,-29.19,-56.52,-60.88,2,0,-0.004669,0.005188,-45.7,-35.65,-40.12,2,0.011858,-0.008759,0.029541,-30.59,-58.03,-63.07,3,0,-0.00412,0.00412,-47.7,t,https://portal.wildtrax.ca/home/aru-tasks/recording.html?taskId=2622059,https://wildtrax-aru.s3-accelerate.amazonaws.com/b0b5cd66-bb61-4437-be61-d9b623f9d974/b76971047b9847a087692bf1ca68107c.jpg,https://wildtrax-aru.s3-accelerate.amazonaws.com/b0b5cd66-bb61-4437-be61-d9b623f9d974/385a4e83d51642609fb051da68bc1ab4.flac
CANFOR,Interior Broadleaf Working Group ARU Monitoring 2025 Limited Amplitude Processing,3701,MUS111-LR-C,492667,2025-06-07 05:10:00,2894233,1SPT,2622059,t,DUFL,Dusky Flycatcher,EMPIDONAX OBERHOLSERI,Aves,133.70,180.00,0.29,3.28kHz,5.55kHz,5269923,2,Song,1,,f,1,Leonard Patterson,2623,,f,-36.03,-36.98,2,-0.014196,-0.031891,0.002594,-29.93,-60.1,-61.15,2,0,-0.004791,0.005371,-45.4,-37.34,-38.21,2,0.011408,-0.002258,0.023956,-32.41,-62.55,-63.43,2,-0.000001,-0.004211,0.004303,-47.32,t,https://portal.wildtrax.ca/home/aru-tasks/recording.html?taskId=2622059,https://wildtrax-aru.s3-accelerate.amazonaws.com/b0b5cd66-bb61-4437-be61-d9b623f9d974/668e79af3a4149d2a66ff60ec5bb7396.jpg,https://wildtrax-aru.s3-accelerate.amazonaws.com/b0b5cd66-bb61-4437-be61-d9b623f9d974/783609d857f7442baedf4acb83f2ab0f.flac
CANFOR,Interior Broadleaf Working Group ARU Monitoring 2025 Limited Amplitude Processing,3701,MUS111-LR-C,492667,2025-06-07 05:10:00,2894233,1SPT,2622059,t,HETH,Hermit Thrush,CATHARUS GUTTATUS,Aves,157.23,180.00,1.28,0.96kHz,3.33kHz,5269885,1,Song,1,,f,2,Leonard Patterson,2623,,f,-34.46,-37.71,2,-0.014137,-0.034485,0.00473,-29.25,-56.55,-59.64,2,0.000001,-0.005157,0.00769,-42.28,-36.93,-39.87,2,0.011494,-0.006592,0.03064,-30.27,-55.98,-62.28,2,-0.000001,-0.004333,0.004272,-47.26,t,https://portal.wildtrax.ca/home/aru-tasks/recording.html?taskId=2622059,https://wildtrax-aru.s3-accelerate.amazonaws.com/b0b5cd66-bb61-4437-be61-d9b623f9d974/f82cff8754be41178dcd7972727d2b55.jpg,https://wildtrax-aru.s3-accelerate.amazonaws.com/b0b5cd66-bb61-4437-be61-d9b623f9d974/c7baedccd93443aa89504606855ef6be.flac
CANFOR,Interior Broadleaf Working Group ARU Monitoring 2025 Limited Amplitude Processing,3701,MUS111-LR-C,492667,2025-06-07 05:10:00,2894233,1SPT,2622059,t,HETH,Hermit Thrush,CATHARUS GUTTATUS,Aves,160.61,180.00,1.33,2.10kHz,4.99kHz,5269883,2,Song,1,,f,2,Leonard Patterson,2623,,f,-35.44,-38.03,2,-0.014414,-0.031708,0.002441,-29.98,-51.81,-59.95,2,0,-0.007385,0.007141,-42.63,-36.57,-39.98,2,0.01151,-0.002655,0.027374,-31.25,-50.29,-62.1,2,0,-0.006744,0.006531,-43.42,t,https://portal.wildtrax.ca/home/aru-tasks/recording.html?taskId=2622059,https://wildtrax-aru.s3-accelerate.amazonaws.com/b0b5cd66-bb61-4437-be61-d9b623f9d974/3ad7eec8fc57495baa09d710bdd8aa3d.jpg,https://wildtrax-aru.s3-accelerate.amazonaws.com/b0b5cd66-bb61-4437-be61-d9b623f9d974/f389d9ae194c4860b7ad535f7c15f471.flac
CANFOR,Interior Broadleaf Working Group ARU Monitoring 2025 Limited Amplitude Processing,3701,MUS111-LR-C,492667,2025-06-07 05:10:00,2894233,1SPT,2622059,t,MAWA,Magnolia Warbler,SETOPHAGA MAGNOLIA,Aves,164.88,180.00,0.64,2.67kHz,6.37kHz,5269925,1,Song,1,,f,1,Leonard Patterson,2623,,f,-35.52,-38.06,2,-0.014415,-0.033722,0.002106,-29.44,-54.94,-59.41,3,0.000001,-0.005341,0.005768,-44.78,-37,-39.74,2,0.011314,-0.002319,0.025177,-31.98,-60.08,-62.95,2,-0.000001,-0.005341,0.003571,-45.45,t,https://portal.wildtrax.ca/home/aru-tasks/recording.html?taskId=2622059,https://wildtrax-aru.s3-accelerate.amazonaws.com/b0b5cd66-bb61-4437-be61-d9b623f9d974/43477e223e864dda8b2d3f65a4964b6d.jpg,https://wildtrax-aru.s3-accelerate.amazonaws.com/b0b5cd66-bb61-4437-be61-d9b623f9d974/33b4bbcb3b3e471e81cf4deecd06adab.flac
CANFOR,Interior Broadleaf Working Group ARU Monitoring 2025 Limited Amplitude Processing,3701,MUS111-LR-C,492667,2025-06-12 05:08:00,3040916,1SPT,2773562,t,DUFL,Dusky Flycatcher,EMPIDONAX OBERHOLSERI,Aves,10.61,180.00,0.23,4.25kHz,5.90kHz,5293243,1,Song,1,,f,1,Leonard Patterson,2623,,f,-36.75,-36.75,2,-0.013553,-0.02951,0.003174,-30.6,-63.95,-63.95,3,0.000001,-0.002563,0.002563,-51.82,-37.97,-37.97,2,0.010996,-0.006104,0.026978,-31.38,-65.92,-65.92,2,-0.000001,-0.00177,0.001801,-54.89,t,https://portal.wildtrax.ca/home/aru-tasks/recording.html?taskId=2773562,https://wildtrax-aru.s3-accelerate.amazonaws.com/d7fc936b-88c2-4d1f-9a39-c7bd515f5d75/a2d2e2e5360f4ba69c6e61fddcbf5526.jpg,https://wildtrax-aru.s3-accelerate.amazonaws.com/d7fc936b-88c2-4d1f-9a39-c7bd515f5d75/74abb8fc99e24b8d8c7be0b0251714da.flac
CANFOR,Interior Broadleaf Working Group ARU Monitoring 2025 Limited Amplitude Processing,3701,MUS111-LR-C,492667,2025-06-12 05:08:00,3040916,1SPT,2773562,t,DUFL,Dusky Flycatcher,EMPIDONAX OBERHOLSERI,Aves,10.86,180.00,0.31,3.00kHz,5.42kHz,5293244,2,Song,1,,f,1,Leonard Patterson,2623,,f,-36.14,-36.84,2,-0.014712,-0.027802,-0.003113,-31.12,-61.66,-62.43,2,0.000001,-0.00354,0.003601,-48.87,-38.14,-38.92,2,0.011277,0.003387,0.019989,-33.98,-64.69,-65.27,2,0,-0.002716,0.002777,-51.13,t,https://portal.wildtrax.ca/home/aru-tasks/recording.html?taskId=2773562,https://wildtrax-aru.s3-accelerate.amazonaws.com/d7fc936b-88c2-4d1f-9a39-c7bd515f5d75/6e77b0cdc32f42ec8aba62cb90c93ea6.jpg,https://wildtrax-aru.s3-accelerate.amazonaws.com/d7fc936b-88c2-4d1f-9a39-c7bd515f5d75/14a4737b095343f387cb57efee546f83.flac
CANFOR,Interior Broadleaf Working Group ARU Monitoring 2025 Limited Amplitude Processing,3701,MUS111-LR-C,492667,2025-06-12 05:08:00,3040916,1SPT,2773562,t,CEDW,Cedar Waxwing,BOMBYCILLA CEDRORUM,Aves,39.19,180.00,0.54,6.67kHz,8.42kHz,5293204,1,Song,1,,f,2,Leonard Patterson,2623,,f,-33.64,-36.05,2,-0.014865,-0.073669,0.03299,-22.65,-60.77,-63.45,3,0,-0.00296,0.002899,-50.57,-35.11,-39.27,2,0.011445,-0.035187,0.055023,-25.19,-61.48,-66.61,2,0,-0.002563,0.002533,-51.82,t,https://portal.wildtrax.ca/home/aru-tasks/recording.html?taskId=2773562,https://wildtrax-aru.s3-accelerate.amazonaws.com/d7fc936b-88c2-4d1f-9a39-c7bd515f5d75/686f9406ea3a4f64bf2be4b01d318289.jpg,https://wildtrax-aru.s3-accelerate.amazonaws.com/d7fc936b-88c2-4d1f-9a39-c7bd515f5d75/8abaf6b4b08442a58fc7f3d4740c3d8f.flac
CANFOR,Interior Broadleaf Working Group ARU Monitoring 2025 Limited Amplitude Processing,3701,MUS111-LR-C,492667,2025-06-12 05:08:00,3040916,1SPT,2773562,t,CEDW,Cedar Waxwing,BOMBYCILLA CEDRORUM,Aves,39.75,180.00,0.41,6.98kHz,8.47kHz,5293205,2,Song,1,,f,2,Leonard Patterson,2623,,f,-35.46,-37.09,2,-0.015412,-0.053925,0.024475,-25.36,-64.66,-67.24,2,0,-0.002045,0.002045,-53.79,-38.02,-39.14,2,0.011174,-0.009918,0.029449,-30.62,-66.02,-68.85,2,0,-0.001556,0.001526,-56.16,t,https://portal.wildtrax.ca/home/aru-tasks/recording.html?taskId=2773562,https://wildtrax-aru.s3-accelerate.amazonaws.com/d7fc936b-88c2-4d1f-9a39-c7bd515f5d75/e4e2126ca11b46c888249fdc3f8d82c2.jpg,https://wildtrax-aru.s3-accelerate.amazonaws.com/d7fc936b-88c2-4d1f-9a39-c7bd515f5d75/75860f339abd4105b7c39ffcaf211a98.flac
CANFOR,Interior Broadleaf Working Group ARU Monitoring 2025 Limited Amplitude Processing,3701,MUS111-LR-C,492667,2025-06-12 05:08:00,3040916,1SPT,2773562,t,WAVI,Warbling Vireo,VIREO GILVUS,Aves,60.49,180.00,2.01,0.99kHz,7.33kHz,5293189,1,Song,1,,f,2,Leonard Patterson,2623,,f,-33.59,-37.1,2,-0.014816,-0.057831,0.034546,-24.76,-36.85,-54.32,2,0.000001,-0.043427,0.043884,-27.15,-36.24,-39.05,2,0.01136,-0.025421,0.045258,-26.89,-39.85,-57.39,2,-0.000001,-0.035004,0.036316,-28.8,t,https://portal.wildtrax.ca/home/aru-tasks/recording.html?taskId=2773562,https://wildtrax-aru.s3-accelerate.amazonaws.com/d7fc936b-88c2-4d1f-9a39-c7bd515f5d75/a31336edd13a44daaef5c7542f2eafd3.jpg,https://wildtrax-aru.s3-accelerate.amazonaws.com/d7fc936b-88c2-4d1f-9a39-c7bd515f5d75/4672ae83727c4b339634a7938c51cb2b.flac
CANFOR,Interior Broadleaf Working Group ARU Monitoring 2025 Limited Amplitude Processing,3701,MUS111-LR-C,492667,2025-06-12 05:08:00,3040916,1SPT,2773562,t,HETH,Hermit Thrush,CATHARUS GUTTATUS,Aves,64.37,180.00,1.30,1.84kHz,5.65kHz,5293185,1,Song,1,,f,1,Leonard Patterson,2623,,f,-35.15,-37.39,2,-0.014769,-0.035278,0.000092,-29.05,-44.74,-59.82,2,0.000001,-0.012512,0.012451,-38.05,-37.72,-39.6,2,0.011342,-0.001129,0.02124,-33.46,-51.23,-62.14,2,0,-0.006653,0.0065,-43.54,t,https://portal.wildtrax.ca/home/aru-tasks/recording.html?taskId=2773562,https://wildtrax-aru.s3-accelerate.amazonaws.com/d7fc936b-88c2-4d1f-9a39-c7bd515f5d75/e5e2468cc0e24dd49611b774ba4bda0d.jpg,https://wildtrax-aru.s3-accelerate.amazonaws.com/d7fc936b-88c2-4d1f-9a39-c7bd515f5d75/c209a9e498004d21bb157354f354b352.flac
CANFOR,Interior Broadleaf Working Group ARU Monitoring 2025 Limited Amplitude Processing,3701,MUS111-LR-C,492667,2025-06-12 05:08:00,3040916,1SPT,2773562,t,SWTH,Swainson's Thrush,CATHARUS USTULATUS,Aves,68.32,180.00,1.33,1.11kHz,3.79kHz,5293187,1,Song,1,,f,2,Leonard Patterson,2623,,f,-35.26,-37.19,2,-0.014608,-0.029083,-0.000763,-30.73,-52.32,-59.75,2,0.000001,-0.007904,0.008057,-41.88,-38,-39.39,2,0.011457,-0.000519,0.023376,-32.62,-49.04,-61.98,2,-0.000001,-0.008575,0.008636,-41.27,t,https://portal.wildtrax.ca/home/aru-tasks/recording.html?taskId=2773562,https://wildtrax-aru.s3-accelerate.amazonaws.com/d7fc936b-88c2-4d1f-9a39-c7bd515f5d75/f14cbd364e5348a4a3b142b5fbf29c89.jpg,https://wildtrax-aru.s3-accelerate.amazonaws.com/d7fc936b-88c2-4d1f-9a39-c7bd515f5d75/7bb11f572d3245b0a7001ebf1d457807.flac
CANFOR,Interior Broadleaf Working Group ARU Monitoring 2025 Limited Amplitude Processing,3701,MUS111-LR-C,492667,2025-06-12 05:08:00,3040916,1SPT,2773562,t,DEJU,Dark-eyed Junco,JUNCO HYEMALIS,Aves,73.68,180.00,0.88,3.89kHz,5.07kHz,5293208,1,Song,1,,f,1,Leonard Patterson,2623,,f,-35.68,-37.02,2,-0.014668,-0.029449,-0.001068,-30.62,-61.76,-66.79,2,0,-0.002594,0.002716,-51.32,-37.98,-39.1,2,0.011674,0.001862,0.022217,-33.07,-64.79,-68.44,2,0,-0.002106,0.002136,-53.41,t,https://portal.wildtrax.ca/home/aru-tasks/recording.html?taskId=2773562,https://wildtrax-aru.s3-accelerate.amazonaws.com/d7fc936b-88c2-4d1f-9a39-c7bd515f5d75/fe5ec56ecd8047f3b24ec80be78cc363.jpg,https://wildtrax-aru.s3-accelerate.amazonaws.com/d7fc936b-88c2-4d1f-9a39-c7bd515f5d75/8845cc066a47401789ca493ba3b86617.flac
CANFOR,Interior Broadleaf Working Group ARU Monitoring 2025 Limited Amplitude Processing,3701,MUS111-LR-C,492667,2025-06-12 05:08:00,3040916,1SPT,2773562,t,WAVI,Warbling Vireo,VIREO GILVUS,Aves,94.17,180.00,0.90,1.21kHz,6.10kHz,5293200,2,Song,1,,f,2,Leonard Patterson,2623,,f,-35.74,-37.38,2,-0.014797,-0.028198,-0.002014,-31,-54.65,-58.41,2,0.000001,-0.006622,0.009308,-40.62,-37.89,-39.62,2,0.011278,0.000641,0.02182,-33.22,-52.39,-59.4,3,-0.000001,-0.006714,0.006195,-43.46,t,https://portal.wildtrax.ca/home/aru-tasks/recording.html?taskId=2773562,https://wildtrax-aru.s3-accelerate.amazonaws.com/d7fc936b-88c2-4d1f-9a39-c7bd515f5d75/34a4c2cbbdd8492e92cafc07cf5ba12b.jpg,https://wildtrax-aru.s3-accelerate.amazonaws.com/d7fc936b-88c2-4d1f-9a39-c7bd515f5d75/ebdb2a86d6c74528abc99918cceea6e0.flac
CANFOR,Interior Broadleaf Working Group ARU Monitoring 2025 Limited Amplitude Processing,3701,MUS111-LR-C,492667,2025-06-12 05:08:00,3040916,1SPT,2773562,t,GCKI,Golden-crowned Kinglet,REGULUS SATRAPA,Aves,95.14,180.00,0.58,4.51kHz,6.41kHz,5293210,1,Song,1,,f,1,Leonard Patterson,2623,,f,-35.22,-37.21,2,-0.015233,-0.027618,-0.002502,-31.18,-62.27,-65.9,2,0,-0.002838,0.00296,-50.57,-38.26,-39.29,2,0.011188,0.001984,0.020996,-33.56,-64.5,-68.06,2,0,-0.002014,0.002075,-53.66,t,https://portal.wildtrax.ca/home/aru-tasks/recording.html?taskId=2773562,https://wildtrax-aru.s3-accelerate.amazonaws.com/d7fc936b-88c2-4d1f-9a39-c7bd515f5d75/9ad22bbfcbd7484cbfa53b1b92db9048.jpg,https://wildtrax-aru.s3-accelerate.amazonaws.com/d7fc936b-88c2-4d1f-9a39-c7bd515f5d75/b064cf31b505448a9bfe7104a23d6de2.flac
CANFOR,Interior Broadleaf Working Group ARU Monitoring 2025 Limited Amplitude Processing,3701,MUS111-NT-C,492669,2024-06-10 05:08:00,2757416,1SPT,3174365,t,PISI,Pine Siskin,SPINUS PINUS,Aves,51.27,180.00,0.30,4.58kHz,6.74kHz,5591373,1,Song,1,,f,1,Leonard Patterson,2623,,f,-27.33,-27.48,2,0.042854,0.034607,0.050934,-25.86,-64.56,-65.86,2,-0.000001,-0.005859,0.005096,-44.64,-31.87,-32.16,2,0.025239,0.017059,0.033844,-29.41,-64.37,-65.54,2,-0.000001,-0.00351,0.003174,-49.1,t,https://portal.wildtrax.ca/home/aru-tasks/recording.html?taskId=3174365,https://wildtrax-aru.s3-accelerate.amazonaws.com/4d81afa6-2efc-4234-a6a3-eab703dae60f/6ca33111ef864c0694eac55d97828a3b.jpg,https://wildtrax-aru.s3-accelerate.amazonaws.com/4d81afa6-2efc-4234-a6a3-eab703dae60f/636d5e9ce23b42158e59a4f0fd7bf911.flac
CANFOR,Interior Broadleaf Working Group ARU Monitoring 2025 Limited Amplitude Processing,3701,MUS111-NT-C,492669,2025-06-04 05:12:00,2894236,1SPT,2622062,t,OCWA,Orange-crowned Warbler,LEIOTHLYPIS CELATA,Aves,12.67,180.00,1.63,2.92kHz,6.99kHz,5272082,1,Song,1,,f,1,Leonard Patterson,2623,,f,-28.05,-28.48,2,0.038596,0.029724,0.047516,-26.46,-56.4,-62.29,2,-0.000001,-0.010559,0.006134,-39.53,-26.66,-27.01,2,0.045558,0.035645,0.054138,-25.33,-56.59,-62.48,3,-0.000001,-0.011627,0.005096,-38.69,t,https://portal.wildtrax.ca/home/aru-tasks/recording.html?taskId=2622062,https://wildtrax-aru.s3-accelerate.amazonaws.com/d4794b0d-b40a-4f98-a4f8-3e627bb394a1/b4c2c13dc4b141c697f866a1f3899529.jpg,https://wildtrax-aru.s3-accelerate.amazonaws.com/d4794b0d-b40a-4f98-a4f8-3e627bb394a1/3385df20e25e4fa1ba5a1fd7ee88d0ed.flac
CANFOR,Interior Broadleaf Working Group ARU Monitoring 2025 Limited Amplitude Processing,3701,MUS111-NT-C,492669,2025-06-04 05:12:00,2894236,1SPT,2622062,t,PISI,Pine Siskin,SPINUS PINUS,Aves,17.09,180.00,0.38,3.75kHz,6.53kHz,5272101,1,Song,1,,f,1,Leonard Patterson,2623,,f,-28.19,-28.41,2,0.038462,0.026611,0.051514,-25.76,-52.9,-59.56,2,-0.000001,-0.008087,0.006836,-41.84,-26.72,-26.95,2,0.045358,0.034821,0.058136,-24.71,-53.51,-59.91,3,-0.000002,-0.009338,0.007507,-40.59,t,https://portal.wildtrax.ca/home/aru-tasks/recording.html?taskId=2622062,https://wildtrax-aru.s3-accelerate.amazonaws.com/d4794b0d-b40a-4f98-a4f8-3e627bb394a1/60395e1855a440dc8d1029aee17ebfb7.jpg,https://wildtrax-aru.s3-accelerate.amazonaws.com/d4794b0d-b40a-4f98-a4f8-3e627bb394a1/e2b2733b935e4562a9c33894cb187d12.flac
CANFOR,Interior Broadleaf Working Group ARU Monitoring 2025 Limited Amplitude Processing,3701,MUS111-NT-C,492669,2025-06-04 05:12:00,2894236,1SPT,2622062,t,RCKI,Ruby-crowned Kinglet,CORTHYLIO CALENDULA,Aves,22.22,180.00,1.13,1.65kHz,4.07kHz,5272102,1,Song,1,,f,2,Leonard Patterson,2623,,f,-28.04,-28.46,2,0.038589,0.030518,0.046173,-26.71,-60.33,-63.91,2,-0.000001,-0.011444,0.00589,-38.83,-26.64,-27.02,2,0.045426,0.036957,0.053741,-25.39,-60.62,-64.29,2,-0.000002,-0.012665,0.006134,-37.95,t,https://portal.wildtrax.ca/home/aru-tasks/recording.html?taskId=2622062,https://wildtrax-aru.s3-accelerate.amazonaws.com/d4794b0d-b40a-4f98-a4f8-3e627bb394a1/65985fe6d6c743fdb3e7fd796a642f81.jpg,https://wildtrax-aru.s3-accelerate.amazonaws.com/d4794b0d-b40a-4f98-a4f8-3e627bb394a1/b32f6bac78ae41cb9cf2a7e2df337d68.flac
CANFOR,Interior Broadleaf Working Group ARU Monitoring 2025 Limited Amplitude Processing,3701,MUS111-NT-C,492669,2025-06-04 05:12:00,2894236,1SPT,2622062,t,YRWA,Yellow-rumped Warbler,SETOPHAGA CORONATA,Aves,44.36,180.00,1.54,2.05kHz,6.07kHz,5272069,1,Song,1,,f,2,Leonard Patterson,2623,,f,-27.96,-28.48,2,0.038559,0.008514,0.066467,-23.55,-40.84,-57.67,2,-0.000001,-0.026489,0.026337,-31.54,-26.41,-27.02,2,0.045495,-0.000275,0.092194,-20.71,-36.86,-56.32,2,-0.000001,-0.045807,0.043549,-26.78,t,https://portal.wildtrax.ca/home/aru-tasks/recording.html?taskId=2622062,https://wildtrax-aru.s3-accelerate.amazonaws.com/d4794b0d-b40a-4f98-a4f8-3e627bb394a1/b4ceb31473504bb5b8c4c5adb22bb598.jpg,https://wildtrax-aru.s3-accelerate.amazonaws.com/d4794b0d-b40a-4f98-a4f8-3e627bb394a1/b4ff50fa8da847859ff0b60785cd5f2d.flac
CANFOR,Interior Broadleaf Working Group ARU Monitoring 2025 Limited Amplitude Processing,3701,MUS111-NT-C,492669,2025-06-04 05:12:00,2894236,1SPT,2622062,t,SWTH,Swainson's Thrush,CATHARUS USTULATUS,Aves,49.91,180.00,1.20,0.61kHz,5.14kHz,5272076,1,Song,1,,f,1,Leonard Patterson,2623,,f,-27.87,-28.66,3,0.038467,0.024994,0.058716,-24.62,-48.25,-59.27,2,-0.000005,-0.020966,0.010437,-33.57,-26.47,-27.09,2,0.045458,0.032928,0.066956,-23.48,-48.32,-59.33,2,-0.000006,-0.02124,0.010071,-33.46,t,https://portal.wildtrax.ca/home/aru-tasks/recording.html?taskId=2622062,https://wildtrax-aru.s3-accelerate.amazonaws.com/d4794b0d-b40a-4f98-a4f8-3e627bb394a1/99770ce26c9d4d69a16945c5c5d982b8.jpg,https://wildtrax-aru.s3-accelerate.amazonaws.com/d4794b0d-b40a-4f98-a4f8-3e627bb394a1/dba80c05279648798b0401bd06214313.flac
CANFOR,Interior Broadleaf Working Group ARU Monitoring 2025 Limited Amplitude Processing,3701,MUS111-NT-C,492669,2025-06-04 05:12:00,2894236,1SPT,2622062,t,SWTH,Swainson's Thrush,CATHARUS USTULATUS,Aves,51.20,180.00,0.79,1.69kHz,3.80kHz,5272078,2,Song,1,,f,1,Leonard Patterson,2623,,f,-27.69,-28.56,2,0.03858,0.028503,0.050629,-25.91,-58.68,-63.12,2,-0.000002,-0.009552,0.005096,-40.4,-26.35,-27.19,2,0.045399,0.034607,0.059662,-24.49,-59.12,-62.87,2,-0.000002,-0.01123,0.0065,-38.99,t,https://portal.wildtrax.ca/home/aru-tasks/recording.html?taskId=2622062,https://wildtrax-aru.s3-accelerate.amazonaws.com/d4794b0d-b40a-4f98-a4f8-3e627bb394a1/fac81185dc4c4decbe6ac9c7d31e9fbf.jpg,https://wildtrax-aru.s3-accelerate.amazonaws.com/d4794b0d-b40a-4f98-a4f8-3e627bb394a1/4afc96900d0041ccb836d306deec0048.flac
CANFOR,Interior Broadleaf Working Group ARU Monitoring 2025 Limited Amplitude Processing,3701,MUS111-NT-C,492669,2025-06-04 05:12:00,2894236,1SPT,2622062,t,COLO,Common Loon,GAVIA IMMER,Aves,52.02,180.00,1.55,0.10kHz,1.29kHz,5272079,1,Song,1,,f,1,Leonard Patterson,2623,,f,-27.66,-28.6,3,0.03852,0.027069,0.052277,-25.63,-36.51,-37.47,2,-0.013893,-0.025757,-0.00824,-31.78,-26.43,-27.16,2,0.045498,0.033844,0.059113,-24.57,-35.28,-36.03,2,-0.016412,-0.035645,-0.009766,-28.96,t,https://portal.wildtrax.ca/home/aru-tasks/recording.html?taskId=2622062,https://wildtrax-aru.s3-accelerate.amazonaws.com/d4794b0d-b40a-4f98-a4f8-3e627bb394a1/354be5ef45a54b099b64c635c2b6d0fb.jpg,https://wildtrax-aru.s3-accelerate.amazonaws.com/d4794b0d-b40a-4f98-a4f8-3e627bb394a1/3fbf98c8e2c3455da46642e0ce2135d0.flac
CANFOR,Interior Broadleaf Working Group ARU Monitoring 2025 Limited Amplitude Processing,3701,MUS111-NT-C,492669,2025-06-04 05:12:00,2894236,1SPT,2622062,t,WAVI,Warbling Vireo,VIREO GILVUS,Aves,53.08,180.00,2.38,1.69kHz,6.94kHz,5272083,1,Song,1,,f,2,Leonard Patterson,2623,,f,-27.93,-28.58,2,0.038471,0.025208,0.054688,-25.24,-50.9,-60.15,2,-0.000001,-0.014374,0.010193,-36.85,-26.46,-27.13,2,0.045491,0.032135,0.059662,-24.49,-50.53,-60.75,2,-0.000001,-0.018463,0.010315,-34.67,t,https://portal.wildtrax.ca/home/aru-tasks/recording.html?taskId=2622062,https://wildtrax-aru.s3-accelerate.amazonaws.com/d4794b0d-b40a-4f98-a4f8-3e627bb394a1/bab96db36cbc4c00a8d448ea78ae7e04.jpg,https://wildtrax-aru.s3-accelerate.amazonaws.com/d4794b0d-b40a-4f98-a4f8-3e627bb394a1/2cfade87e02547589ad2092c394e07da.flac
CANFOR,Interior Broadleaf Working Group ARU Monitoring 2025 Limited Amplitude Processing,3701,MUS111-NT-C,492669,2025-06-04 05:12:00,2894236,1SPT,2622062,t,AMRE,American Redstart,SETOPHAGA RUTICILLA,Aves,69.09,180.00,0.30,3.35kHz,6.90kHz,5272100,1,Song,1,,f,2,Leonard Patterson,2623,,f,-27.99,-28.19,2,0.038714,0.029083,0.048187,-26.34,-60.02,-61.36,2,-0.000002,-0.009674,0.00592,-40.29,-26.69,-26.8,3,0.045625,0.03479,0.054626,-25.25,-60.38,-61.82,2,-0.000003,-0.011078,0.007294,-39.11,t,https://portal.wildtrax.ca/home/aru-tasks/recording.html?taskId=2622062,https://wildtrax-aru.s3-accelerate.amazonaws.com/d4794b0d-b40a-4f98-a4f8-3e627bb394a1/335b31772a2d487a8af6c1aae7fd2fd8.jpg,https://wildtrax-aru.s3-accelerate.amazonaws.com/d4794b0d-b40a-4f98-a4f8-3e627bb394a1/e2307700e3764b6b801ba4a3c7b868de.flac
CANFOR,Interior Broadleaf Working Group ARU Monitoring 2025 Limited Amplitude Processing,3701,MUS111-NT-C,492669,2025-06-04 05:12:00,2894236,1SPT,2622062,t,LISP,Lincoln's Sparrow,MELOSPIZA LINCOLNII,Aves,96.97,180.00,2.14,1.64kHz,7.25kHz,5272092,1,Song,1,,f,1,Leonard Patterson,2623,,f,-27.95,-28.51,2,0.038542,0.02298,0.054443,-25.28,-48.03,-58.4,2,-0.000001,-0.014496,0.014771,-36.61,-26.61,-27.02,2,0.045507,0.032379,0.059601,-24.49,-49.74,-58.3,2,-0.000001,-0.020203,0.010529,-33.89,t,https://portal.wildtrax.ca/home/aru-tasks/recording.html?taskId=2622062,https://wildtrax-aru.s3-accelerate.amazonaws.com/d4794b0d-b40a-4f98-a4f8-3e627bb394a1/f8ea3f5007ab49cfa8749a165b50bb11.jpg,https://wildtrax-aru.s3-accelerate.amazonaws.com/d4794b0d-b40a-4f98-a4f8-3e627bb394a1/ac0aed10858042e4abd29402440424a4.flac
CANFOR,Interior Broadleaf Working Group ARU Monitoring 2025 Limited Amplitude Processing,3701,MUS111-NT-C,492669,2025-06-04 05:12:00,2894236,1SPT,2622062,t,WTSP,White-throated Sparrow,ZONOTRICHIA ALBICOLLIS,Aves,119.78,180.00,2.18,3.44kHz,4.16kHz,5272103,1,Song,1,,f,1,Leonard Patterson,2623,,f,-28.03,-28.52,2,0.038543,0.023682,0.052765,-25.55,-51.88,-65.14,2,0,-0.007111,0.007202,-42.85,-26.54,-27.05,2,0.045562,0.026886,0.063843,-23.9,-54.7,-64.67,2,0,-0.006927,0.006897,-43.19,t,https://portal.wildtrax.ca/home/aru-tasks/recording.html?taskId=2622062,https://wildtrax-aru.s3-accelerate.amazonaws.com/d4794b0d-b40a-4f98-a4f8-3e627bb394a1/8c09afec582d4920b1be31ad1a991f95.jpg,https://wildtrax-aru.s3-accelerate.amazonaws.com/d4794b0d-b40a-4f98-a4f8-3e627bb394a1/16f7f55f12b24ff9ba537d1c66021dd2.flac
CANFOR,Interior Broadleaf Working Group ARU Monitoring 2025 Limited Amplitude Processing,3701,MUS111-NT-C,492669,2025-06-04 05:12:00,2894236,1SPT,2622062,t,SWTH,Swainson's Thrush,CATHARUS USTULATUS,Aves,129.60,180.00,1.04,0.98kHz,4.84kHz,5272096,3,Song,1,,f,2,Leonard Patterson,2623,,f,-27.95,-28.49,2,0.038487,0.025635,0.050751,-25.89,-50,-58.88,2,-0.000003,-0.015961,0.010406,-35.94,-26.54,-27.06,2,0.045469,0.031921,0.057373,-24.83,-48.62,-58.62,2,-0.000004,-0.018768,0.010345,-34.53,t,https://portal.wildtrax.ca/home/aru-tasks/recording.html?taskId=2622062,https://wildtrax-aru.s3-accelerate.amazonaws.com/d4794b0d-b40a-4f98-a4f8-3e627bb394a1/42832fd927a84563b0356d283234be73.jpg,https://wildtrax-aru.s3-accelerate.amazonaws.com/d4794b0d-b40a-4f98-a4f8-3e627bb394a1/79130aa78e874fe0887eddf3dc8392c3.flac
CANFOR,Interior Broadleaf Working Group ARU Monitoring 2025 Limited Amplitude Processing,3701,MUS111-NT-C,492669,2025-06-04 05:12:00,2894236,1SPT,2622062,t,ALFL,Alder Flycatcher,EMPIDONAX ALNORUM,Aves,151.40,180.00,0.34,2.20kHz,4.11kHz,5272097,1,Song,1,,f,2,Leonard Patterson,2623,,f,-28.13,-28.39,2,0.038555,0.028625,0.046631,-26.63,-57.28,-59.93,2,-0.000002,-0.007751,0.006165,-42.21,-26.74,-27.03,2,0.045364,0.0354,0.053772,-25.39,-58.87,-61.54,2,-0.000003,-0.008575,0.005829,-41.33,t,https://portal.wildtrax.ca/home/aru-tasks/recording.html?taskId=2622062,https://wildtrax-aru.s3-accelerate.amazonaws.com/d4794b0d-b40a-4f98-a4f8-3e627bb394a1/229f283035b34f8ca3558c9b8a860f7a.jpg,https://wildtrax-aru.s3-accelerate.amazonaws.com/d4794b0d-b40a-4f98-a4f8-3e627bb394a1/5001adb020614b66a3e35b1ab54cbb4b.flac
CANFOR,Interior Broadleaf Working Group ARU Monitoring 2025 Limited Amplitude Processing,3701,MUS111-NT-C,492669,2025-06-04 05:12:00,2894236,1SPT,2622062,t,OSFL,Olive-sided Flycatcher,CONTOPUS COOPERI,Aves,158.98,180.00,1.53,1.22kHz,4.11kHz,5272098,1,Song,1,,f,1,Leonard Patterson,2623,,f,-27.76,-28.52,2,0.038475,0.016602,0.064423,-23.82,-39.77,-59.49,2,-0.000001,-0.02243,0.022278,-32.98,-26.5,-26.98,2,0.045561,0.020508,0.071686,-22.89,-38.84,-58.26,2,-0.000002,-0.024353,0.024261,-32.27,t,https://portal.wildtrax.ca/home/aru-tasks/recording.html?taskId=2622062,https://wildtrax-aru.s3-accelerate.amazonaws.com/d4794b0d-b40a-4f98-a4f8-3e627bb394a1/cdd53fdedc9b4310a9ea56bafe1e1ec7.jpg,https://wildtrax-aru.s3-accelerate.amazonaws.com/d4794b0d-b40a-4f98-a4f8-3e627bb394a1/7877dc0beeb447ce85de3db7678e09b0.flac
CANFOR,Interior Broadleaf Working Group ARU Monitoring 2025 Limited Amplitude Processing,3701,MUS111-NT-C,492669,2025-06-04 05:12:00,2894236,1SPT,2622062,t,CHSP,Chipping Sparrow,SPIZELLA PASSERINA,Aves,163.54,180.00,0.70,3.95kHz,6.63kHz,5272099,1,Song,1,,f,1,Leonard Patterson,2623,,f,-28.06,-28.51,2,0.038529,0.029572,0.048615,-26.26,-60.93,-62.55,2,-0.000001,-0.006653,0.005035,-43.54,-26.44,-27.32,2,0.045338,0.032928,0.05719,-24.85,-57.78,-59.36,2,-0.000001,-0.00766,0.006378,-42.32,t,https://portal.wildtrax.ca/home/aru-tasks/recording.html?taskId=2622062,https://wildtrax-aru.s3-accelerate.amazonaws.com/d4794b0d-b40a-4f98-a4f8-3e627bb394a1/bd95896810c240fcb85cc7691a1b2faf.jpg,https://wildtrax-aru.s3-accelerate.amazonaws.com/d4794b0d-b40a-4f98-a4f8-3e627bb394a1/a13b4d934758465c941a8ddc99c49df6.flac
CANFOR,Interior Broadleaf Working Group ARU Monitoring 2025 Limited Amplitude Processing,3701,MUS111-NT-C,492669,2025-06-07 05:10:00,2894235,1SPT,2622061,t,CAWA,Canada Warbler,CARDELLINA CANADENSIS,Aves,7.48,180.00,1.19,2.51kHz,5.45kHz,5270044,1,Song,1,,f,1,Leonard Patterson,2623,,t,-27.84,-28.79,2,0.03859,0.023102,0.051453,-25.77,-54.68,-65.12,2,-0.000001,-0.007721,0.005768,-42.25,-26.48,-27.23,2,0.045508,0.029297,0.057922,-24.74,-58.23,-64.82,2,-0.000001,-0.009033,0.005493,-40.88,t,https://portal.wildtrax.ca/home/aru-tasks/recording.html?taskId=2622061,https://wildtrax-aru.s3-accelerate.amazonaws.com/a37e7adf-a024-4ab1-a7ed-8442f52e87f3/e802f5ea12aa4b32adc9d5d37a7a0379.jpg,https://wildtrax-aru.s3-accelerate.amazonaws.com/a37e7adf-a024-4ab1-a7ed-8442f52e87f3/467461e9746b48198293a909c871137b.flac
CANFOR,Interior Broadleaf Working Group ARU Monitoring 2025 Limited Amplitude Processing,3701,MUS111-NT-C,492669,2025-06-07 05:10:00,2894235,1SPT,2622061,t,RUGR,Ruffed Grouse,BONASA UMBELLUS,Aves,14.63,180.00,5.14,0.09kHz,1.07kHz,5270032,1,Non-vocal,1,,f,1,Leonard Patterson,2623,,f,-26.54,-28.57,2,0.038569,-0.028503,0.079346,-22.01,-33.93,-36.11,4,-0.016198,-0.033844,0.012878,-29.41,-25.45,-27.18,2,0.045415,-0.023956,0.08728,-21.18,-32.89,-34.71,4,-0.019073,-0.036987,0.01178,-28.64,t,https://portal.wildtrax.ca/home/aru-tasks/recording.html?taskId=2622061,https://wildtrax-aru.s3-accelerate.amazonaws.com/a37e7adf-a024-4ab1-a7ed-8442f52e87f3/6b07a40d8fc64259b33089a4fe6a5de9.jpg,https://wildtrax-aru.s3-accelerate.amazonaws.com/a37e7adf-a024-4ab1-a7ed-8442f52e87f3/a943f91b35c843b4bb30059138fc44d8.flac
CANFOR,Interior Broadleaf Working Group ARU Monitoring 2025 Limited Amplitude Processing,3701,MUS111-NT-C,492669,2025-06-07 05:10:00,2894235,1SPT,2622061,t,DUFL,Dusky Flycatcher,EMPIDONAX OBERHOLSERI,Aves,24.72,180.00,0.46,3.34kHz,7.15kHz,5270045,1,Song,1,,f,1,Leonard Patterson,2623,,f,-28.06,-28.6,2,0.038541,0.030304,0.046417,-26.67,-57.18,-64.3,2,-0.000002,-0.009674,0.006073,-40.29,-26.68,-27.14,2,0.04539,0.037109,0.052582,-25.58,-58.57,-64.47,2,-0.000002,-0.010681,0.006622,-39.43,t,https://portal.wildtrax.ca/home/aru-tasks/recording.html?taskId=2622061,https://wildtrax-aru.s3-accelerate.amazonaws.com/a37e7adf-a024-4ab1-a7ed-8442f52e87f3/611ffe1d491b43d5b446e80ffb28bfd8.jpg,https://wildtrax-aru.s3-accelerate.amazonaws.com/a37e7adf-a024-4ab1-a7ed-8442f52e87f3/755b22291c774de29d3ab0d7e2c8f52f.flac
CANFOR,Interior Broadleaf Working Group ARU Monitoring 2025 Limited Amplitude Processing,3701,MUS111-NT-C,492669,2025-06-07 05:10:00,2894235,1SPT,2622061,t,SWTH,Swainson's Thrush,CATHARUS USTULATUS,Aves,32.18,180.00,1.03,1.24kHz,4.02kHz,5270034,1,Song,1,,f,1,Leonard Patterson,2623,,f,-27.9,-28.51,2,0.038512,0.027496,0.04895,-26.2,-57.12,-64.41,2,-0.000002,-0.01413,0.004547,-37,-26.55,-27.07,2,0.045527,0.034729,0.055481,-25.12,-57.3,-63.54,2,-0.000003,-0.016785,0.005432,-35.5,t,https://portal.wildtrax.ca/home/aru-tasks/recording.html?taskId=2622061,https://wildtrax-aru.s3-accelerate.amazonaws.com/a37e7adf-a024-4ab1-a7ed-8442f52e87f3/8d5e82da8693425f87612347aafa0271.jpg,https://wildtrax-aru.s3-accelerate.amazonaws.com/a37e7adf-a024-4ab1-a7ed-8442f52e87f3/f6cee0a508a24e90afecccc7757784d1.flac
CANFOR,Interior Broadleaf Working Group ARU Monitoring 2025 Limited Amplitude Processing,3701,MUS111-NT-C,492669,2025-06-07 05:10:00,2894235,1SPT,2622061,t,RCKI,Ruby-crowned Kinglet,CORTHYLIO CALENDULA,Aves,68.66,180.00,1.40,1.65kHz,3.19kHz,5270038,1,Song,1,,f,2,Leonard Patterson,2623,,f,-27.89,-28.59,2,0.038492,0.0271,0.049377,-26.13,-61.84,-66.57,2,-0.000001,-0.008087,0.005463,-41.84,-26.52,-27.13,2,0.045327,0.033844,0.056488,-24.96,-60.84,-65.99,2,-0.000001,-0.009521,0.00647,-40.43,t,https://portal.wildtrax.ca/home/aru-tasks/recording.html?taskId=2622061,https://wildtrax-aru.s3-accelerate.amazonaws.com/a37e7adf-a024-4ab1-a7ed-8442f52e87f3/d706fdab45c8424bb8e00b82ad04eaad.jpg,https://wildtrax-aru.s3-accelerate.amazonaws.com/a37e7adf-a024-4ab1-a7ed-8442f52e87f3/21e8f443a7e442539a25a6e3630cd019.flac
CANFOR,Interior Broadleaf Working Group ARU Monitoring 2025 Limited Amplitude Processing,3701,MUS111-NT-C,492669,2025-06-07 05:10:00,2894235,1SPT,2622061,t,LEFL,Least Flycatcher,EMPIDONAX MINIMUS,Aves,114.26,180.00,1.60,3.35kHz,5.56kHz,5270041,1,Song,1,,f,2,Leonard Patterson,2623,,f,-27.55,-28.84,2,0.038435,0.025879,0.052582,-25.58,-63.31,-68.05,2,0,-0.006104,0.004822,-44.29,-26.46,-27.36,2,0.045521,0.033173,0.058746,-24.62,-62.07,-68.43,2,0,-0.007477,0.006134,-42.53,t,https://portal.wildtrax.ca/home/aru-tasks/recording.html?taskId=2622061,https://wildtrax-aru.s3-accelerate.amazonaws.com/a37e7adf-a024-4ab1-a7ed-8442f52e87f3/57209d46166d4748a5da10c3b688670d.jpg,https://wildtrax-aru.s3-accelerate.amazonaws.com/a37e7adf-a024-4ab1-a7ed-8442f52e87f3/857359492c1b4221ae369a6a1536e2ad.flac
CANFOR,Interior Broadleaf Working Group ARU Monitoring 2025 Limited Amplitude Processing,3701,MUS111-NT-C,492669,2025-06-07 05:10:00,2894235,1SPT,2622061,t,WTSP,White-throated Sparrow,ZONOTRICHIA ALBICOLLIS,Aves,121.11,180.00,2.43,3.90kHz,4.42kHz,5270042,1,Song,1,,f,2,Leonard Patterson,2623,,f,-27.65,-29.26,2,0.038519,0.021484,0.054016,-25.35,-50.38,-65.16,2,0,-0.005951,0.005981,-44.46,-26.36,-27.33,2,0.045618,0.031128,0.060028,-24.43,-52.73,-67.79,2,0,-0.005096,0.005096,-45.85,t,https://portal.wildtrax.ca/home/aru-tasks/recording.html?taskId=2622061,https://wildtrax-aru.s3-accelerate.amazonaws.com/a37e7adf-a024-4ab1-a7ed-8442f52e87f3/f37618c92967457da53006ade206f85a.jpg,https://wildtrax-aru.s3-accelerate.amazonaws.com/a37e7adf-a024-4ab1-a7ed-8442f52e87f3/d1ffe9ae0e664cb3928e1ddbb12bbf03.flac
CANFOR,Interior Broadleaf Working Group ARU Monitoring 2025 Limited Amplitude Processing,3701,MUS111-NT-C,492669,2025-06-07 05:10:00,2894235,1SPT,2622061,t,LISP,Lincoln's Sparrow,MELOSPIZA LINCOLNII,Aves,138.84,180.00,2.36,0.91kHz,6.07kHz,5270022,1,Song,1,,f,1,Leonard Patterson,2623,,f,-27.87,-28.57,2,0.038625,0.025726,0.053558,-25.42,-50.42,-60.69,2,-0.000001,-0.017242,0.010193,-35.27,-26.51,-27.12,2,0.045471,0.029633,0.057587,-24.79,-51.76,-61.34,2,-0.000002,-0.019348,0.009155,-34.27,t,https://portal.wildtrax.ca/home/aru-tasks/recording.html?taskId=2622061,https://wildtrax-aru.s3-accelerate.amazonaws.com/a37e7adf-a024-4ab1-a7ed-8442f52e87f3/58e304cae3b34f8e9be771a1da851f86.jpg,https://wildtrax-aru.s3-accelerate.amazonaws.com/a37e7adf-a024-4ab1-a7ed-8442f52e87f3/54784153b0e34a558c9a688b0e32ced4.flac
CANFOR,Interior Broadleaf Working Group ARU Monitoring 2025 Limited Amplitude Processing,3701,MUS111-NT-C,492669,2025-06-07 05:10:00,2894235,1SPT,2622061,t,OCWA,Orange-crowned Warbler,LEIOTHLYPIS CELATA,Aves,145.68,180.00,0.83,3.34kHz,5.14kHz,5270043,1,Song,1,,f,1,Leonard Patterson,2623,,f,-27.84,-28.7,2,0.038706,0.029205,0.049011,-26.19,-63.97,-67.62,2,0,-0.00531,0.004761,-45.5,-26.63,-27.08,2,0.045403,0.035797,0.055573,-25.1,-64.26,-67.58,2,-0.000001,-0.006653,0.005981,-43.54,t,https://portal.wildtrax.ca/home/aru-tasks/recording.html?taskId=2622061,https://wildtrax-aru.s3-accelerate.amazonaws.com/a37e7adf-a024-4ab1-a7ed-8442f52e87f3/974e5c8f82cb4235a19a5ad9db31e359.jpg,https://wildtrax-aru.s3-accelerate.amazonaws.com/a37e7adf-a024-4ab1-a7ed-8442f52e87f3/8c70dfe4b503455dbbd85cc8c41c3517.flac
CANFOR,Interior Broadleaf Working Group ARU Monitoring 2025 Limited Amplitude Processing,3701,MUS111-NT-C,492669,2025-06-07 05:10:00,2894235,1SPT,2622061,t,OSFL,Olive-sided Flycatcher,CONTOPUS COOPERI,Aves,175.95,180.00,0.84,2.01kHz,4.33kHz,5270024,1,Song,1,,f,1,Leonard Patterson,2623,,f,-27.98,-28.48,2,0.038512,0.023193,0.054321,-25.3,-45.08,-61.43,3,-0.000001,-0.011475,0.01123,-38.81,-26.35,-27.05,2,0.045507,0.027893,0.06076,-24.33,-45.77,-60.31,2,-0.000001,-0.012115,0.012543,-38.03,t,https://portal.wildtrax.ca/home/aru-tasks/recording.html?taskId=2622061,https://wildtrax-aru.s3-accelerate.amazonaws.com/a37e7adf-a024-4ab1-a7ed-8442f52e87f3/0c1ef0c4de824211a667626fdf867105.jpg,https://wildtrax-aru.s3-accelerate.amazonaws.com/a37e7adf-a024-4ab1-a7ed-8442f52e87f3/bb078dc5a9d44d98a9edf980c722b45f.flac
CANFOR,Interior Broadleaf Working Group ARU Monitoring 2025 Limited Amplitude Processing,3701,MUS111-NT-C,492669,2025-06-10 05:09:00,2894237,1SPT,2622063,t,RCKI,Ruby-crowned Kinglet,CORTHYLIO CALENDULA,Aves,18.79,180.00,1.26,1.29kHz,3.66kHz,5272117,1,Song,1,,f,2,Leonard Patterson,2623,,f,-28.05,-28.56,2,0.038436,0.029785,0.046143,-26.72,-62.14,-66.14,2,-0.000002,-0.011475,0.003998,-38.81,-26.67,-27.09,2,0.045376,0.036652,0.053375,-25.45,-61.23,-66.41,2,-0.000002,-0.013702,0.004852,-37.26,t,https://portal.wildtrax.ca/home/aru-tasks/recording.html?taskId=2622063,https://wildtrax-aru.s3-accelerate.amazonaws.com/c065dd9b-f778-4a43-8607-310fd0127bfa/6f08fcb5592c43978043bfd9b1a3e1ad.jpg,https://wildtrax-aru.s3-accelerate.amazonaws.com/c065dd9b-f778-4a43-8607-310fd0127bfa/d42ee788afa849d18c03da250902c359.flac
CANFOR,Interior Broadleaf Working Group ARU Monitoring 2025 Limited Amplitude Processing,3701,MUS111-NT-C,492669,2025-06-10 05:09:00,2894237,1SPT,2622063,t,NOWA,Northern Waterthrush,PARKESIA NOVEBORACENSIS,Aves,45.77,180.00,1.33,1.70kHz,3.86kHz,5272110,1,Song,1,,f,2,Leonard Patterson,2623,,f,-27.99,-28.45,2,0.038581,0.028809,0.048401,-26.3,-60.48,-65.5,2,-0.000001,-0.009888,0.005096,-40.1,-26.64,-27.05,2,0.045348,0.036682,0.055176,-25.17,-59.92,-65.47,3,-0.000001,-0.011841,0.006775,-38.53,t,https://portal.wildtrax.ca/home/aru-tasks/recording.html?taskId=2622063,https://wildtrax-aru.s3-accelerate.amazonaws.com/c065dd9b-f778-4a43-8607-310fd0127bfa/b9fa53c1dc014e42818487d06bae56a9.jpg,https://wildtrax-aru.s3-accelerate.amazonaws.com/c065dd9b-f778-4a43-8607-310fd0127bfa/8498a7feef7148e7acf91167f00ee902.flac
CANFOR,Interior Broadleaf Working Group ARU Monitoring 2025 Limited Amplitude Processing,3701,MUS111-NT-C,492669,2025-06-10 05:09:00,2894237,1SPT,2622063,t,DUFL,Dusky Flycatcher,EMPIDONAX OBERHOLSERI,Aves,49.73,180.00,1.41,3.23kHz,7.15kHz,5272109,1,Song,1,,f,1,Leonard Patterson,2623,,f,-28.1,-28.48,3,0.038532,0.030396,0.047211,-26.52,-55.07,-65.41,2,0,-0.010986,0.006561,-39.18,-26.69,-26.99,2,0.04546,0.03598,0.053802,-25.38,-56.65,-65.35,2,-0.000001,-0.011719,0.006256,-38.62,t,https://portal.wildtrax.ca/home/aru-tasks/recording.html?taskId=2622063,https://wildtrax-aru.s3-accelerate.amazonaws.com/c065dd9b-f778-4a43-8607-310fd0127bfa/5fc94894c0b944ecac64e60df331b48f.jpg,https://wildtrax-aru.s3-accelerate.amazonaws.com/c065dd9b-f778-4a43-8607-310fd0127bfa/3a8b2b8a996c42a3907609bf31da94fd.flac
CANFOR,Interior Broadleaf Working Group ARU Monitoring 2025 Limited Amplitude Processing,3701,MUS111-NT-C,492669,2025-06-10 05:09:00,2894237,1SPT,2622063,t,SWTH,Swainson's Thrush,CATHARUS USTULATUS,Aves,78.22,180.00,0.85,1.24kHz,3.50kHz,5272107,1,Song,1,,f,2,Leonard Patterson,2623,,f,-28.01,-28.45,2,0.038618,-0.00293,0.075378,-22.46,-54.96,-63.5,2,-0.000003,-0.012146,0.007172,-38.31,-26.65,-27.02,2,0.045401,0.01889,0.070038,-23.09,-52.93,-63.27,2,-0.000003,-0.014343,0.006104,-36.87,t,https://portal.wildtrax.ca/home/aru-tasks/recording.html?taskId=2622063,https://wildtrax-aru.s3-accelerate.amazonaws.com/c065dd9b-f778-4a43-8607-310fd0127bfa/37b9c97407b84e61b18f018544461a08.jpg,https://wildtrax-aru.s3-accelerate.amazonaws.com/c065dd9b-f778-4a43-8607-310fd0127bfa/ea78e6ae08d24ecd85422bafbe058c1a.flac
CANFOR,Interior Broadleaf Working Group ARU Monitoring 2025 Limited Amplitude Processing,3701,MUS111-NT-C,492669,2025-06-10 05:09:00,2894237,1SPT,2622063,t,OCWA,Orange-crowned Warbler,LEIOTHLYPIS CELATA,Aves,88.25,180.00,1.71,2.92kHz,7.56kHz,5272106,1,Song,1,,f,1,Leonard Patterson,2623,,f,-27.44,-28.42,2,0.038475,-0.026917,0.09671,-20.29,-35.09,-62.9,2,0,-0.059662,0.06076,-24.33,-26.4,-26.96,2,0.045512,0.004364,0.089874,-20.93,-38.92,-63.56,2,-0.000001,-0.042816,0.041046,-27.37,t,https://portal.wildtrax.ca/home/aru-tasks/recording.html?taskId=2622063,https://wildtrax-aru.s3-accelerate.amazonaws.com/c065dd9b-f778-4a43-8607-310fd0127bfa/2b508fd0a85a46b6b879ff39dff2cb4a.jpg,https://wildtrax-aru.s3-accelerate.amazonaws.com/c065dd9b-f778-4a43-8607-310fd0127bfa/a9c80ea77a694f61997e4cd4e6cde9f0.flac
CANFOR,Interior Broadleaf Working Group ARU Monitoring 2025 Limited Amplitude Processing,3701,MUS111-NT-C,492669,2025-06-10 05:09:00,2894237,1SPT,2622063,t,OSFL,Olive-sided Flycatcher,CONTOPUS COOPERI,Aves,93.11,180.00,1.38,1.65kHz,4.64kHz,5272104,1,Song,1,,f,1,Leonard Patterson,2623,,f,-28,-28.53,2,0.038478,0.020477,0.055695,-25.08,-42.78,-63.14,2,-0.000001,-0.015961,0.015625,-35.94,-26.57,-27.07,2,0.045417,0.029205,0.062683,-24.06,-44,-63.55,2,-0.000001,-0.014343,0.013824,-36.87,t,https://portal.wildtrax.ca/home/aru-tasks/recording.html?taskId=2622063,https://wildtrax-aru.s3-accelerate.amazonaws.com/c065dd9b-f778-4a43-8607-310fd0127bfa/8e78593f689a42f2a9a4da8607146695.jpg,https://wildtrax-aru.s3-accelerate.amazonaws.com/c065dd9b-f778-4a43-8607-310fd0127bfa/56959fd525ab4115a7d287d9bc21f856.flac
CANFOR,Interior Broadleaf Working Group ARU Monitoring 2025 Limited Amplitude Processing,3701,MUS111-NT-C,492669,2025-06-10 05:09:00,2894237,1SPT,2622063,t,WEWP,Western Wood-Pewee,CONTOPUS SORDIDULUS,Aves,102.12,180.00,0.69,2.72kHz,4.88kHz,5272111,1,Song,1,,f,2,Leonard Patterson,2623,,f,-28.13,-28.46,2,0.038497,0.030853,0.046265,-26.7,-63.86,-65.73,2,-0.000001,-0.006714,0.005341,-43.46,-26.71,-27.04,2,0.045403,0.037506,0.055511,-25.11,-63.57,-66.21,2,-0.000001,-0.008087,0.006256,-41.84,t,https://portal.wildtrax.ca/home/aru-tasks/recording.html?taskId=2622063,https://wildtrax-aru.s3-accelerate.amazonaws.com/c065dd9b-f778-4a43-8607-310fd0127bfa/2d32574fd6c64f9a9bb0dcba95cd3041.jpg,https://wildtrax-aru.s3-accelerate.amazonaws.com/c065dd9b-f778-4a43-8607-310fd0127bfa/1d9c8109afb548919490b71e17a3008b.flac
CANFOR,Interior Broadleaf Working Group ARU Monitoring 2025 Limited Amplitude Processing,3701,MUS111-NT-C,492669,2025-06-10 05:09:00,2894237,1SPT,2622063,t,WETA,Western Tanager,PIRANGA LUDOVICIANA,Aves,118.08,180.00,2.21,1.08kHz,3.97kHz,5272105,1,Song,1,,f,1,Leonard Patterson,2623,,f,-28.06,-28.51,2,0.038569,0.02243,0.055725,-25.08,-45.84,-62.52,2,-0.000001,-0.015411,0.016296,-35.76,-26.6,-27.04,2,0.045594,0.02951,0.061188,-24.27,-47.25,-62.43,2,-0.000001,-0.016083,0.014099,-35.87,t,https://portal.wildtrax.ca/home/aru-tasks/recording.html?taskId=2622063,https://wildtrax-aru.s3-accelerate.amazonaws.com/c065dd9b-f778-4a43-8607-310fd0127bfa/426661649076448d875d60b977a8bb5b.jpg,https://wildtrax-aru.s3-accelerate.amazonaws.com/c065dd9b-f778-4a43-8607-310fd0127bfa/cdc4f5c6f3f445eab4c7008260b105ee.flac
CANFOR,Interior Broadleaf Working Group ARU Monitoring 2025 Limited Amplitude Processing,3701,MUS111-NT-C,492669,2025-06-10 05:09:00,2894237,1SPT,2622063,t,UNBI,Unidentified bird,"",Aves,120.41,180.00,2.85,1.43kHz,2.56kHz,5272112,1,Song,1,,f,1,Leonard Patterson,2623,,f,-28.04,-28.54,2,0.038548,0.027802,0.048615,-26.26,-60.24,-67.25,2,-0.000001,-0.00705,0.005066,-43.04,-26.62,-27.02,2,0.045576,0.035553,0.055817,-25.06,-61.88,-68.28,2,-0.000001,-0.008423,0.006134,-41.49,t,https://portal.wildtrax.ca/home/aru-tasks/recording.html?taskId=2622063,https://wildtrax-aru.s3-accelerate.amazonaws.com/c065dd9b-f778-4a43-8607-310fd0127bfa/88f74e05a360418dac6ee4df47b41605.jpg,https://wildtrax-aru.s3-accelerate.amazonaws.com/c065dd9b-f778-4a43-8607-310fd0127bfa/70a096e962ae471cbb45893cf2411040.flac
CANFOR,Interior Broadleaf Working Group ARU Monitoring 2025 Limited Amplitude Processing,3701,MUS111-NT-C,492669,2025-06-10 05:09:00,2894237,1SPT,2622063,t,SWTH,Swainson's Thrush,CATHARUS USTULATUS,Aves,140.64,180.00,1.28,1.12kHz,3.64kHz,5272113,2,Song,1,,f,1,Leonard Patterson,2623,,f,-28.1,-28.43,2,0.038593,0.030212,0.048004,-26.37,-54.52,-64.24,2,-0.000002,-0.012482,0.004913,-38.07,-26.66,-26.92,2,0.045728,0.037659,0.056213,-25,-56.79,-64.59,3,-0.000002,-0.015015,0.004181,-36.47,t,https://portal.wildtrax.ca/home/aru-tasks/recording.html?taskId=2622063,https://wildtrax-aru.s3-accelerate.amazonaws.com/c065dd9b-f778-4a43-8607-310fd0127bfa/7b9cf7c6461c46478e711170bdba13c1.jpg,https://wildtrax-aru.s3-accelerate.amazonaws.com/c065dd9b-f778-4a43-8607-310fd0127bfa/9e4e6fc192be4aafacc3e5700211853b.flac
CANFOR,Interior Broadleaf Working Group ARU Monitoring 2025 Limited Amplitude Processing,3701,MUS111-NT-C,492669,2025-06-10 05:09:00,2894237,1SPT,2622063,t,DEJU,Dark-eyed Junco,JUNCO HYEMALIS,Aves,153.62,180.00,1.65,3.49kHz,5.70kHz,5272114,1,Song,1,,f,1,Leonard Patterson,2623,,f,-28.1,-28.51,2,0.038446,0.027435,0.049774,-26.06,-52.82,-61.22,2,0,-0.007629,0.007477,-42.35,-26.61,-26.97,2,0.045645,0.036011,0.056366,-24.98,-54.22,-61.21,2,0,-0.007874,0.007233,-42.08,t,https://portal.wildtrax.ca/home/aru-tasks/recording.html?taskId=2622063,https://wildtrax-aru.s3-accelerate.amazonaws.com/c065dd9b-f778-4a43-8607-310fd0127bfa/edc3e7dcdeb6459e931eeb19cfc6306b.jpg,https://wildtrax-aru.s3-accelerate.amazonaws.com/c065dd9b-f778-4a43-8607-310fd0127bfa/faf2272b451f40f59559d87b3ac2c19c.flac
CANFOR,Interior Broadleaf Working Group ARU Monitoring 2025 Limited Amplitude Processing,3701,MUS111-NT-C,492669,2025-06-10 05:09:00,2894237,1SPT,2622063,t,WETA,Western Tanager,PIRANGA LUDOVICIANA,Aves,160.54,180.00,1.65,1.22kHz,3.64kHz,5272115,2,Song,1,,f,1,Leonard Patterson,2623,,f,-27.98,-28.5,2,0.038631,0.018311,0.059479,-24.51,-49.39,-65.44,2,-0.000001,-0.011902,0.011505,-38.49,-26.6,-27.05,2,0.045604,0.032349,0.059937,-24.45,-50.16,-65.45,2,-0.000002,-0.014282,0.009369,-36.9,t,https://portal.wildtrax.ca/home/aru-tasks/recording.html?taskId=2622063,https://wildtrax-aru.s3-accelerate.amazonaws.com/c065dd9b-f778-4a43-8607-310fd0127bfa/9d1bec0c7b444cc7a32b69a865f7c4bf.jpg,https://wildtrax-aru.s3-accelerate.amazonaws.com/c065dd9b-f778-4a43-8607-310fd0127bfa/496364e4ff0244a383af9bfe91b834e8.flac
CANFOR,Interior Broadleaf Working Group ARU Monitoring 2025 Limited Amplitude Processing,3701,MUS113-LR-C,492672,2025-06-04 05:12:00,2894238,1SPT,2622064,t,DUFL,Dusky Flycatcher,EMPIDONAX OBERHOLSERI,Aves,7.93,180.00,0.38,3.55kHz,5.82kHz,5276962,1,Song,1,,f,2,Leonard Patterson,2623,,f,-41.91,-43.04,2,0.007235,-0.002228,0.015808,-36.02,-65.38,-66.43,2,0,-0.002258,0.002106,-52.92,-39.6,-41.15,2,0.009183,-0.000031,0.019562,-34.17,-62.61,-65.82,3,-0.000001,-0.002838,0.00296,-50.57,t,https://portal.wildtrax.ca/home/aru-tasks/recording.html?taskId=2622064,https://wildtrax-aru.s3-accelerate.amazonaws.com/1adeaf20-7549-49db-9a18-afd53cccb05c/c46070a743704b509de5ac2995d56d02.jpg,https://wildtrax-aru.s3-accelerate.amazonaws.com/1adeaf20-7549-49db-9a18-afd53cccb05c/166fd562f7a34f4ca6b481c34f5d8240.flac
CANFOR,Interior Broadleaf Working Group ARU Monitoring 2025 Limited Amplitude Processing,3701,MUS113-LR-C,492672,2025-06-04 05:12:00,2894238,1SPT,2622064,t,DUFL,Dusky Flycatcher,EMPIDONAX OBERHOLSERI,Aves,18.80,180.00,0.38,2.72kHz,7.15kHz,5272122,2,Song,1,,f,1,Leonard Patterson,2623,,f,-41.07,-43.86,2,0.006796,-0.006714,0.01825,-34.77,-52.26,-59.86,4,0,-0.008484,0.008392,-41.43,-39.2,-41.21,2,0.009143,-0.003082,0.021149,-33.49,-53.7,-60.27,2,-0.000001,-0.010468,0.010895,-39.26,t,https://portal.wildtrax.ca/home/aru-tasks/recording.html?taskId=2622064,https://wildtrax-aru.s3-accelerate.amazonaws.com/1adeaf20-7549-49db-9a18-afd53cccb05c/636fc10a67054e13b2425d462d0c2ee7.jpg,https://wildtrax-aru.s3-accelerate.amazonaws.com/1adeaf20-7549-49db-9a18-afd53cccb05c/0cc310c411684165a97f9bc24722ba9e.flac
CANFOR,Interior Broadleaf Working Group ARU Monitoring 2025 Limited Amplitude Processing,3701,MUS113-LR-C,492672,2025-06-04 05:12:00,2894238,1SPT,2622064,t,SWTH,Swainson's Thrush,CATHARUS USTULATUS,Aves,28.58,180.00,1.09,0.67kHz,4.12kHz,5272123,1,Song,1,,f,2,Leonard Patterson,2623,,f,-40.77,-43.87,2,0.007072,-0.002747,0.016357,-35.73,-60.84,-63.59,2,-0.000001,-0.003235,0.003113,-49.8,-38.89,-41.91,2,0.00899,-0.001892,0.020264,-33.87,-53.31,-63.04,2,-0.000001,-0.005463,0.005463,-45.25,t,https://portal.wildtrax.ca/home/aru-tasks/recording.html?taskId=2622064,https://wildtrax-aru.s3-accelerate.amazonaws.com/1adeaf20-7549-49db-9a18-afd53cccb05c/79990f72b02e46738b20d5b06ec26b66.jpg,https://wildtrax-aru.s3-accelerate.amazonaws.com/1adeaf20-7549-49db-9a18-afd53cccb05c/985f4a11e2ac4e8681381027d16ac76c.flac
CANFOR,Interior Broadleaf Working Group ARU Monitoring 2025 Limited Amplitude Processing,3701,MUS113-LR-C,492672,2025-06-04 05:12:00,2894238,1SPT,2622064,t,WAVI,Warbling Vireo,VIREO GILVUS,Aves,30.14,180.00,0.55,2.06kHz,4.64kHz,5276856,1,Song,1,,f,1,Leonard Patterson,2623,,f,-41.21,-44.01,2,0.007198,-0.001556,0.017975,-34.91,-62.25,-65.59,2,0,-0.002808,0.00238,-51.03,-39.05,-41.64,2,0.009165,-0.000793,0.019226,-34.32,-63.01,-65.33,2,-0.000001,-0.003387,0.002289,-49.4,t,https://portal.wildtrax.ca/home/aru-tasks/recording.html?taskId=2622064,https://wildtrax-aru.s3-accelerate.amazonaws.com/1adeaf20-7549-49db-9a18-afd53cccb05c/858290befc824a2190d7632ad00583cd.jpg,https://wildtrax-aru.s3-accelerate.amazonaws.com/1adeaf20-7549-49db-9a18-afd53cccb05c/ffb2e61c9b034bcdaa61e66023b13f49.flac
CANFOR,Interior Broadleaf Working Group ARU Monitoring 2025 Limited Amplitude Processing,3701,MUS113-LR-C,492672,2025-06-04 05:12:00,2894238,1SPT,2622064,t,SWTH,Swainson's Thrush,CATHARUS USTULATUS,Aves,30.96,180.00,0.59,1.89kHz,4.52kHz,5276951,2,Song,1,,f,1,Leonard Patterson,2623,,f,-41.56,-43.42,2,0.007099,-0.002289,0.018951,-34.45,-62.6,-65.1,3,0,-0.003113,0.002411,-50.14,-39.6,-41.88,2,0.00911,-0.001129,0.021179,-33.48,-62.45,-64.55,2,-0.000001,-0.003448,0.002441,-49.25,t,https://portal.wildtrax.ca/home/aru-tasks/recording.html?taskId=2622064,https://wildtrax-aru.s3-accelerate.amazonaws.com/1adeaf20-7549-49db-9a18-afd53cccb05c/728c1e8ab3b847a28e29e9881df287ce.jpg,https://wildtrax-aru.s3-accelerate.amazonaws.com/1adeaf20-7549-49db-9a18-afd53cccb05c/e33e2a8086434fc19bf749584e1fd6d5.flac
CANFOR,Interior Broadleaf Working Group ARU Monitoring 2025 Limited Amplitude Processing,3701,MUS113-LR-C,492672,2025-06-04 05:12:00,2894238,1SPT,2622064,t,LISP,Lincoln's Sparrow,MELOSPIZA LINCOLNII,Aves,38.31,180.00,1.76,1.89kHz,5.91kHz,5276952,1,Song,1,,f,1,Leonard Patterson,2623,,f,-38.34,-44.51,2,0.007155,-0.012848,0.029968,-30.47,-59.67,-63.39,2,0,-0.003723,0.00351,-48.58,-36.59,-42.47,2,0.00912,-0.012115,0.034302,-29.29,-60.1,-63.42,2,0,-0.004425,0.003967,-47.08,t,https://portal.wildtrax.ca/home/aru-tasks/recording.html?taskId=2622064,https://wildtrax-aru.s3-accelerate.amazonaws.com/1adeaf20-7549-49db-9a18-afd53cccb05c/4f6e877795354fd49973f0f1da529738.jpg,https://wildtrax-aru.s3-accelerate.amazonaws.com/1adeaf20-7549-49db-9a18-afd53cccb05c/81d242ee3e634f2da6f094ad5452d9c2.flac
CANFOR,Interior Broadleaf Working Group ARU Monitoring 2025 Limited Amplitude Processing,3701,MUS113-LR-C,492672,2025-06-04 05:12:00,2894238,1SPT,2622064,t,WTSP,White-throated Sparrow,ZONOTRICHIA ALBICOLLIS,Aves,41.64,180.00,3.06,2.31kHz,4.47kHz,5276850,1,Song,1,,f,1,Leonard Patterson,2623,,f,-37.77,-44.04,2,0.007082,-0.017242,0.031982,-29.9,-48.36,-65.67,2,0,-0.007385,0.007446,-42.56,-36.44,-41.53,2,0.009047,-0.018219,0.034088,-29.35,-53.81,-65.19,2,0,-0.005005,0.005219,-45.65,t,https://portal.wildtrax.ca/home/aru-tasks/recording.html?taskId=2622064,https://wildtrax-aru.s3-accelerate.amazonaws.com/1adeaf20-7549-49db-9a18-afd53cccb05c/01d0809e98a247c4b14ab4b74cd426a1.jpg,https://wildtrax-aru.s3-accelerate.amazonaws.com/1adeaf20-7549-49db-9a18-afd53cccb05c/d4db1e76f4484033b2d7a6772d28ba12.flac
CANFOR,Interior Broadleaf Working Group ARU Monitoring 2025 Limited Amplitude Processing,3701,MUS113-LR-C,492672,2025-06-04 05:12:00,2894238,1SPT,2622064,t,WTSP,White-throated Sparrow,ZONOTRICHIA ALBICOLLIS,Aves,43.51,180.00,2.00,3.70kHz,4.98kHz,5276852,2,Song,1,,f,1,Leonard Patterson,2623,,f,-39.57,-44.04,2,0.007077,-0.009766,0.024994,-32.04,-62.26,-67.95,3,0,-0.002289,0.002258,-52.81,-37.94,-41.53,2,0.00907,-0.011444,0.028259,-30.98,-65.26,-68.33,2,0,-0.002045,0.002106,-53.53,t,https://portal.wildtrax.ca/home/aru-tasks/recording.html?taskId=2622064,https://wildtrax-aru.s3-accelerate.amazonaws.com/1adeaf20-7549-49db-9a18-afd53cccb05c/89add30b25314c28b8376a12a4b4711d.jpg,https://wildtrax-aru.s3-accelerate.amazonaws.com/1adeaf20-7549-49db-9a18-afd53cccb05c/0e4d83ba34d54044883c0f99535ed96b.flac
CANFOR,Interior Broadleaf Working Group ARU Monitoring 2025 Limited Amplitude Processing,3701,MUS113-LR-C,492672,2025-06-04 05:12:00,2894238,1SPT,2622064,t,OCWA,Orange-crowned Warbler,LEIOTHLYPIS CELATA,Aves,66.08,180.00,0.76,4.11kHz,6.32kHz,5272126,1,Song,1,,f,1,Leonard Patterson,2623,,f,-41.33,-43.41,2,0.007146,-0.001312,0.017242,-35.27,-58.36,-64.4,2,0,-0.004456,0.004395,-47.02,-39.41,-41.82,2,0.009004,-0.000671,0.018646,-34.59,-60.29,-65.49,2,0,-0.003815,0.003784,-48.37,t,https://portal.wildtrax.ca/home/aru-tasks/recording.html?taskId=2622064,https://wildtrax-aru.s3-accelerate.amazonaws.com/1adeaf20-7549-49db-9a18-afd53cccb05c/0f5990ecd3af435bafff866d55a160ac.jpg,https://wildtrax-aru.s3-accelerate.amazonaws.com/1adeaf20-7549-49db-9a18-afd53cccb05c/f262ad6b105d4a59b3dbbbef85c1bd10.flac
CANFOR,Interior Broadleaf Working Group ARU Monitoring 2025 Limited Amplitude Processing,3701,MUS113-LR-C,492672,2025-06-04 05:12:00,2894238,1SPT,2622064,t,PISI,Pine Siskin,SPINUS PINUS,Aves,71.09,180.00,0.53,2.56kHz,6.84kHz,5276955,1,Song,1,,f,1,Leonard Patterson,2623,,f,-41.13,-43.08,3,0.007151,-0.006775,0.020966,-33.57,-52.87,-62.75,2,-0.000001,-0.009369,0.009552,-40.4,-39.15,-41.42,2,0.008984,-0.005005,0.022614,-32.91,-55.5,-62.37,2,-0.000001,-0.006531,0.006683,-43.5,t,https://portal.wildtrax.ca/home/aru-tasks/recording.html?taskId=2622064,https://wildtrax-aru.s3-accelerate.amazonaws.com/1adeaf20-7549-49db-9a18-afd53cccb05c/84ab0087dfc44f35a903cf2f12fc6eba.jpg,https://wildtrax-aru.s3-accelerate.amazonaws.com/1adeaf20-7549-49db-9a18-afd53cccb05c/75fc4d49e2864268b5afa66408d5efd5.flac
CANFOR,Interior Broadleaf Working Group ARU Monitoring 2025 Limited Amplitude Processing,3701,MUS113-LR-C,492672,2025-06-04 05:12:00,2894238,1SPT,2622064,t,WTSP,White-throated Sparrow,ZONOTRICHIA ALBICOLLIS,Aves,93.62,180.00,3.44,2.72kHz,5.50kHz,5276851,3,Song,1,,f,2,Leonard Patterson,2623,,f,-40.46,-43.82,2,0.007113,-0.006287,0.020081,-33.94,-46.38,-65.63,3,0,-0.01123,0.011322,-38.92,-38.73,-42.35,3,0.009057,-0.005005,0.02533,-31.93,-44.73,-65.28,2,0,-0.013885,0.013763,-37.15,t,https://portal.wildtrax.ca/home/aru-tasks/recording.html?taskId=2622064,https://wildtrax-aru.s3-accelerate.amazonaws.com/1adeaf20-7549-49db-9a18-afd53cccb05c/9277f8c7c9524afd88857077e67511be.jpg,https://wildtrax-aru.s3-accelerate.amazonaws.com/1adeaf20-7549-49db-9a18-afd53cccb05c/3857fa3be51b4ec384768f33b0563e5b.flac
CANFOR,Interior Broadleaf Working Group ARU Monitoring 2025 Limited Amplitude Processing,3701,MUS113-LR-C,492672,2025-06-04 05:12:00,2894238,1SPT,2622064,t,CHSP,Chipping Sparrow,SPIZELLA PASSERINA,Aves,101.26,180.00,0.94,3.64kHz,6.01kHz,5276957,1,Song,1,,f,1,Leonard Patterson,2623,,f,-41.29,-43.87,2,0.007198,-0.001129,0.0159,-35.97,-62.88,-65.87,2,0,-0.00296,0.003052,-50.31,-39.23,-41.89,2,0.009297,0.000916,0.018982,-34.43,-62.99,-65.29,2,0,-0.002563,0.002655,-51.52,t,https://portal.wildtrax.ca/home/aru-tasks/recording.html?taskId=2622064,https://wildtrax-aru.s3-accelerate.amazonaws.com/1adeaf20-7549-49db-9a18-afd53cccb05c/a46806db29cf4785a94fa51bbd0d5a9c.jpg,https://wildtrax-aru.s3-accelerate.amazonaws.com/1adeaf20-7549-49db-9a18-afd53cccb05c/91a62ee36a9e442d962886872fc281de.flac
CANFOR,Interior Broadleaf Working Group ARU Monitoring 2025 Limited Amplitude Processing,3701,MUS113-LR-C,492672,2025-06-04 05:12:00,2894238,1SPT,2622064,t,DEJU,Dark-eyed Junco,JUNCO HYEMALIS,Aves,143.89,180.00,3.88,2.82kHz,6.07kHz,5272119,1,Song,1,,f,2,Leonard Patterson,2623,,f,-40.1,-44.34,2,0.007257,-0.008728,0.024078,-32.37,-52.41,-64.05,2,0,-0.009064,0.009552,-40.4,-38.74,-42.11,2,0.009181,-0.006866,0.027374,-31.25,-50.38,-63.7,2,0,-0.011505,0.011353,-38.78,t,https://portal.wildtrax.ca/home/aru-tasks/recording.html?taskId=2622064,https://wildtrax-aru.s3-accelerate.amazonaws.com/1adeaf20-7549-49db-9a18-afd53cccb05c/da62fe2bd7474f578bec21125711193b.jpg,https://wildtrax-aru.s3-accelerate.amazonaws.com/1adeaf20-7549-49db-9a18-afd53cccb05c/a5f41f0b61144b96b8ae092b42399a32.flac
CANFOR,Interior Broadleaf Working Group ARU Monitoring 2025 Limited Amplitude Processing,3701,MUS113-LR-C,492672,2025-06-04 05:12:00,2894238,1SPT,2622064,t,WTSP,White-throated Sparrow,ZONOTRICHIA ALBICOLLIS,Aves,150.34,180.00,3.81,2.36kHz,4.78kHz,5272121,4,Song,1,,f,1,Leonard Patterson,2623,,f,-37.85,-42.75,2,0.007309,-0.01358,0.029602,-30.57,-40.53,-63.18,2,0,-0.017365,0.017487,-35.15,-38.58,-41.4,2,0.009194,-0.005768,0.023956,-32.41,-46.39,-63.05,2,0,-0.011017,0.011261,-38.97,t,https://portal.wildtrax.ca/home/aru-tasks/recording.html?taskId=2622064,https://wildtrax-aru.s3-accelerate.amazonaws.com/1adeaf20-7549-49db-9a18-afd53cccb05c/472d525f6584463c87620834095e0c6d.jpg,https://wildtrax-aru.s3-accelerate.amazonaws.com/1adeaf20-7549-49db-9a18-afd53cccb05c/1dfb8c87ae8c442ca267096151b105d2.flac
CANFOR,Interior Broadleaf Working Group ARU Monitoring 2025 Limited Amplitude Processing,3701,MUS113-LR-C,492672,2025-06-07 05:10:00,2894239,1SPT,2622065,t,WTSP,White-throated Sparrow,ZONOTRICHIA ALBICOLLIS,Aves,3.79,180.00,3.58,2.14kHz,3.99kHz,5276984,1,Song,1,,f,1,Leonard Patterson,2623,,f,-38.38,-42.76,2,0.007082,-0.02182,0.034851,-29.16,-41.96,-60.5,2,0,-0.015045,0.015259,-36.33,-37.02,-41.46,2,0.009239,-0.025452,0.045593,-26.82,-47.42,-63.25,2,0,-0.008362,0.00827,-41.55,t,https://portal.wildtrax.ca/home/aru-tasks/recording.html?taskId=2622065,https://wildtrax-aru.s3-accelerate.amazonaws.com/c2c11f98-29dd-49e8-9eff-fd1fafdc2f93/8ac6dc0fac35492e90bb9b64009bafcb.jpg,https://wildtrax-aru.s3-accelerate.amazonaws.com/c2c11f98-29dd-49e8-9eff-fd1fafdc2f93/0aa81e1ed3fa442f84f76c5a229a7596.flac
CANFOR,Interior Broadleaf Working Group ARU Monitoring 2025 Limited Amplitude Processing,3701,MUS113-LR-C,492672,2025-06-07 05:10:00,2894239,1SPT,2622065,t,HETH,Hermit Thrush,CATHARUS GUTTATUS,Aves,10.66,180.00,1.30,0.97kHz,4.83kHz,5277092,1,Song,1,,f,1,Leonard Patterson,2623,,f,-40.55,-44.14,2,0.007141,-0.003967,0.016632,-35.58,-59.76,-63.96,3,-0.000001,-0.004608,0.002991,-46.73,-38.18,-41.92,2,0.009348,-0.004425,0.020569,-33.74,-61.81,-64.05,2,-0.000001,-0.005676,0.002441,-44.92,t,https://portal.wildtrax.ca/home/aru-tasks/recording.html?taskId=2622065,https://wildtrax-aru.s3-accelerate.amazonaws.com/c2c11f98-29dd-49e8-9eff-fd1fafdc2f93/6d02a948995b4f5e8c72bbd80b944e3b.jpg,https://wildtrax-aru.s3-accelerate.amazonaws.com/c2c11f98-29dd-49e8-9eff-fd1fafdc2f93/c7e14e57d8c64e189c1b4a493b4d3d76.flac
CANFOR,Interior Broadleaf Working Group ARU Monitoring 2025 Limited Amplitude Processing,3701,MUS113-LR-C,492672,2025-06-07 05:10:00,2894239,1SPT,2622065,t,WAVI,Warbling Vireo,VIREO GILVUS,Aves,12.46,180.00,1.44,1.83kHz,4.51kHz,5277141,1,Song,1,,f,1,Leonard Patterson,2623,,f,-39.2,-44.32,2,0.00712,-0.012878,0.03006,-30.44,-58.5,-63.78,3,0,-0.00415,0.003876,-47.64,-37.17,-41.71,2,0.00933,-0.023956,0.041168,-27.71,-59.46,-64.44,2,0,-0.005249,0.004944,-45.6,t,https://portal.wildtrax.ca/home/aru-tasks/recording.html?taskId=2622065,https://wildtrax-aru.s3-accelerate.amazonaws.com/c2c11f98-29dd-49e8-9eff-fd1fafdc2f93/5eba0d0ee9e2412aaad9ad79b9ff202d.jpg,https://wildtrax-aru.s3-accelerate.amazonaws.com/c2c11f98-29dd-49e8-9eff-fd1fafdc2f93/184646e3a0a84dcc9d519d96ac1a5009.flac
CANFOR,Interior Broadleaf Working Group ARU Monitoring 2025 Limited Amplitude Processing,3701,MUS113-LR-C,492672,2025-06-07 05:10:00,2894239,1SPT,2622065,t,DUFL,Dusky Flycatcher,EMPIDONAX OBERHOLSERI,Aves,26.79,180.00,1.09,3.01kHz,6.62kHz,5277095,1,Song,1,,f,1,Leonard Patterson,2623,,f,-39.89,-43.7,2,0.007136,-0.007355,0.019012,-34.42,-51.96,-64.63,2,0,-0.008026,0.007751,-41.91,-37.88,-41.5,2,0.009351,-0.004456,0.023804,-32.47,-54.03,-65,2,0,-0.005463,0.005829,-44.69,t,https://portal.wildtrax.ca/home/aru-tasks/recording.html?taskId=2622065,https://wildtrax-aru.s3-accelerate.amazonaws.com/c2c11f98-29dd-49e8-9eff-fd1fafdc2f93/ee5cc562856642bd83f7f1e34c6f4af9.jpg,https://wildtrax-aru.s3-accelerate.amazonaws.com/c2c11f98-29dd-49e8-9eff-fd1fafdc2f93/6f29a39f3f1d474a9438c808d4056c54.flac
CANFOR,Interior Broadleaf Working Group ARU Monitoring 2025 Limited Amplitude Processing,3701,MUS113-LR-C,492672,2025-06-07 05:10:00,2894239,1SPT,2622065,t,WTSP,White-throated Sparrow,ZONOTRICHIA ALBICOLLIS,Aves,35.26,180.00,0.86,2.96kHz,3.32kHz,5276987,2,Song,1,,f,1,Leonard Patterson,2623,,f,-39.76,-43.1,2,0.007249,-0.006805,0.019409,-34.24,-66.53,-74.81,3,0,-0.001282,0.001282,-57.84,-37.85,-41.48,2,0.009385,-0.005157,0.022736,-32.87,-70.82,-75.18,8,0,-0.000793,0.000763,-62.01,t,https://portal.wildtrax.ca/home/aru-tasks/recording.html?taskId=2622065,https://wildtrax-aru.s3-accelerate.amazonaws.com/c2c11f98-29dd-49e8-9eff-fd1fafdc2f93/e6838963c192474b892e45359876f01d.jpg,https://wildtrax-aru.s3-accelerate.amazonaws.com/c2c11f98-29dd-49e8-9eff-fd1fafdc2f93/7104ae88bfc74ba2bf73c52fc1ded9a4.flac
CANFOR,Interior Broadleaf Working Group ARU Monitoring 2025 Limited Amplitude Processing,3701,MUS113-LR-C,492672,2025-06-07 05:10:00,2894239,1SPT,2622065,t,OCWA,Orange-crowned Warbler,LEIOTHLYPIS CELATA,Aves,50.52,180.00,2.10,2.56kHz,8.07kHz,5276981,1,Song,1,,f,2,Leonard Patterson,2623,,f,-37.23,-43.85,2,0.007182,-0.026031,0.038849,-28.21,-40.88,-62.21,2,0,-0.032471,0.031799,-29.77,-35.31,-41.81,2,0.00927,-0.035187,0.047363,-26.49,-38.52,-61.69,2,0,-0.040375,0.040253,-27.88,t,https://portal.wildtrax.ca/home/aru-tasks/recording.html?taskId=2622065,https://wildtrax-aru.s3-accelerate.amazonaws.com/c2c11f98-29dd-49e8-9eff-fd1fafdc2f93/148cdad3fa054d7aaaa2b088d2d0cd93.jpg,https://wildtrax-aru.s3-accelerate.amazonaws.com/c2c11f98-29dd-49e8-9eff-fd1fafdc2f93/cdde8037e696492da1b741d1c46eb162.flac
CANFOR,Interior Broadleaf Working Group ARU Monitoring 2025 Limited Amplitude Processing,3701,MUS113-LR-C,492672,2025-06-07 05:10:00,2894239,1SPT,2622065,t,CHSP,Chipping Sparrow,SPIZELLA PASSERINA,Aves,53.24,180.00,3.20,3.18kHz,6.48kHz,5276982,1,Song,1,,f,2,Leonard Patterson,2623,,f,-38.01,-43.65,2,0.007103,-0.020813,0.036713,-28.7,-44.11,-62.22,2,0,-0.023621,0.023529,-32.53,-35.75,-41.52,2,0.009151,-0.031616,0.050812,-25.88,-39.63,-61.21,2,0,-0.034332,0.034241,-29.29,t,https://portal.wildtrax.ca/home/aru-tasks/recording.html?taskId=2622065,https://wildtrax-aru.s3-accelerate.amazonaws.com/c2c11f98-29dd-49e8-9eff-fd1fafdc2f93/916224017e694ff2a885ac30470da5e0.jpg,https://wildtrax-aru.s3-accelerate.amazonaws.com/c2c11f98-29dd-49e8-9eff-fd1fafdc2f93/6c64ad730c19465c9e140a53f53fdb3b.flac
CANFOR,Interior Broadleaf Working Group ARU Monitoring 2025 Limited Amplitude Processing,3701,MUS113-LR-C,492672,2025-06-07 05:10:00,2894239,1SPT,2622065,t,WTSP,White-throated Sparrow,ZONOTRICHIA ALBICOLLIS,Aves,64.60,180.00,2.08,3.27kHz,4.25kHz,5277188,3,Song,1,,f,1,Leonard Patterson,2623,,f,-36.69,-42.1,2,0.007048,-0.023346,0.036346,-28.79,-38.14,-53.5,4,0,-0.020264,0.020325,-33.84,-37.24,-41.27,2,0.009155,-0.02475,0.044495,-27.03,-44.19,-58.6,2,0,-0.011139,0.010986,-39.06,t,https://portal.wildtrax.ca/home/aru-tasks/recording.html?taskId=2622065,https://wildtrax-aru.s3-accelerate.amazonaws.com/c2c11f98-29dd-49e8-9eff-fd1fafdc2f93/4a84543c40a549b2b0a4bcb3e09b8e76.jpg,https://wildtrax-aru.s3-accelerate.amazonaws.com/c2c11f98-29dd-49e8-9eff-fd1fafdc2f93/24f1c2e594c84755bb8ebdc226fd20bf.flac
CANFOR,Interior Broadleaf Working Group ARU Monitoring 2025 Limited Amplitude Processing,3701,MUS113-LR-C,492672,2025-06-07 05:10:00,2894239,1SPT,2622065,t,WTSP,White-throated Sparrow,ZONOTRICHIA ALBICOLLIS,Aves,109.44,180.00,0.58,3.74kHz,4.46kHz,5277194,4,Song,1,,f,2,Leonard Patterson,2623,,f,-40.84,-43.39,2,0.00697,-0.003082,0.017731,-35.03,-64.71,-71.37,2,0,-0.00177,0.00177,-55.04,-38.77,-41.17,2,0.009237,-0.00238,0.021149,-33.49,-61.75,-70.52,3,0,-0.002258,0.002258,-52.92,t,https://portal.wildtrax.ca/home/aru-tasks/recording.html?taskId=2622065,https://wildtrax-aru.s3-accelerate.amazonaws.com/c2c11f98-29dd-49e8-9eff-fd1fafdc2f93/bb3921a72db24dfeac067fa55d9c56e6.jpg,https://wildtrax-aru.s3-accelerate.amazonaws.com/c2c11f98-29dd-49e8-9eff-fd1fafdc2f93/159651d41db2414ab2b300327cf0ca0a.flac
CANFOR,Interior Broadleaf Working Group ARU Monitoring 2025 Limited Amplitude Processing,3701,MUS113-LR-C,492672,2025-06-07 05:10:00,2894239,1SPT,2622065,t,SWTH,Swainson's Thrush,CATHARUS USTULATUS,Aves,133.90,180.00,0.93,0.80kHz,3.37kHz,5277156,1,Song,1,,f,1,Leonard Patterson,2623,,f,-38.97,-41.77,2,0.007094,-0.02066,0.04068,-27.81,-55.92,-61.57,2,-0.000001,-0.005157,0.005615,-45.01,-36.37,-39.02,2,0.009126,-0.026855,0.048492,-26.29,-60.44,-63.28,2,-0.000001,-0.00589,0.002869,-44.6,t,https://portal.wildtrax.ca/home/aru-tasks/recording.html?taskId=2622065,https://wildtrax-aru.s3-accelerate.amazonaws.com/c2c11f98-29dd-49e8-9eff-fd1fafdc2f93/1c3187eb2f1d4f4687550b6514a42106.jpg,https://wildtrax-aru.s3-accelerate.amazonaws.com/c2c11f98-29dd-49e8-9eff-fd1fafdc2f93/a0b385249a894bcdab6a17d0608cfa82.flac
CANFOR,Interior Broadleaf Working Group ARU Monitoring 2025 Limited Amplitude Processing,3701,MUS113-LR-C,492672,2025-06-07 05:10:00,2894239,1SPT,2622065,t,OCWA,Orange-crowned Warbler,LEIOTHLYPIS CELATA,Aves,148.31,180.00,1.71,3.53kHz,6.52kHz,5276983,2,Song,1,,f,1,Leonard Patterson,2623,,f,-40.55,-44.6,2,0.007076,-0.003998,0.017944,-34.92,-57.55,-64.86,2,0,-0.004425,0.004425,-47.08,-38.38,-42.47,2,0.009082,-0.00351,0.023285,-32.66,-57.3,-64.33,2,0,-0.004425,0.004669,-46.62,t,https://portal.wildtrax.ca/home/aru-tasks/recording.html?taskId=2622065,https://wildtrax-aru.s3-accelerate.amazonaws.com/c2c11f98-29dd-49e8-9eff-fd1fafdc2f93/4de9ef842f2548ef96a7c30fed8e7616.jpg,https://wildtrax-aru.s3-accelerate.amazonaws.com/c2c11f98-29dd-49e8-9eff-fd1fafdc2f93/500030e505d54c3da2a61cf24008e030.flac
CANFOR,Interior Broadleaf Working Group ARU Monitoring 2025 Limited Amplitude Processing,3701,MUS113-LR-C,492672,2025-06-07 05:10:00,2894239,1SPT,2622065,t,LISP,Lincoln's Sparrow,MELOSPIZA LINCOLNII,Aves,156.08,180.00,0.76,1.98kHz,3.99kHz,5277137,1,Song,1,,f,1,Leonard Patterson,2623,,f,-40.68,-43.83,2,0.007037,-0.00589,0.02182,-33.22,-60.35,-64.63,2,0,-0.003967,0.00351,-48.03,-38.11,-41.41,2,0.009267,-0.011749,0.029907,-30.48,-63.53,-65.5,2,-0.000001,-0.003632,0.002502,-48.8,t,https://portal.wildtrax.ca/home/aru-tasks/recording.html?taskId=2622065,https://wildtrax-aru.s3-accelerate.amazonaws.com/c2c11f98-29dd-49e8-9eff-fd1fafdc2f93/56360afa72eb41aabe87ba62659c5f61.jpg,https://wildtrax-aru.s3-accelerate.amazonaws.com/c2c11f98-29dd-49e8-9eff-fd1fafdc2f93/60e83c6506764eb9bc22fef035d48d0f.flac
CANFOR,Interior Broadleaf Working Group ARU Monitoring 2025 Limited Amplitude Processing,3701,MUS113-LR-C,492672,2025-06-07 05:10:00,2894239,1SPT,2622065,t,DUFL,Dusky Flycatcher,EMPIDONAX OBERHOLSERI,Aves,164.87,180.00,0.38,4.11kHz,6.01kHz,5277136,2,Song,1,,f,2,Leonard Patterson,2623,,f,-40.09,-43.98,2,0.006842,-0.003723,0.019562,-34.17,-65.96,-67.53,2,0,-0.002197,0.002167,-53.16,-37.96,-41.95,2,0.008932,-0.002411,0.023102,-32.73,-60.69,-66.27,2,0,-0.003845,0.003845,-48.3,t,https://portal.wildtrax.ca/home/aru-tasks/recording.html?taskId=2622065,https://wildtrax-aru.s3-accelerate.amazonaws.com/c2c11f98-29dd-49e8-9eff-fd1fafdc2f93/1759d1ba84234ac5ba270e22948be141.jpg,https://wildtrax-aru.s3-accelerate.amazonaws.com/c2c11f98-29dd-49e8-9eff-fd1fafdc2f93/cdc5bf0874b84dbaa35eb7cf3ae3292e.flac
CANFOR,Interior Broadleaf Working Group ARU Monitoring 2025 Limited Amplitude Processing,3701,MUS113-LR-C,492672,2025-06-07 05:10:00,2894239,1SPT,2622065,t,WETA,Western Tanager,PIRANGA LUDOVICIANA,Aves,168.93,180.00,0.94,1.31kHz,3.68kHz,5277158,1,Song,1,,t,1,Leonard Patterson,2623,2623,f,-40,-42.76,2,0.00707,-0.019623,0.030365,-30.35,-61.7,-66.08,2,0,-0.002747,0.002716,-51.22,-36.96,-40.06,2,0.00913,-0.027527,0.045624,-26.82,-63.25,-65.85,2,0,-0.003448,0.002563,-49.25,t,https://portal.wildtrax.ca/home/aru-tasks/recording.html?taskId=2622065,https://wildtrax-aru.s3-accelerate.amazonaws.com/c2c11f98-29dd-49e8-9eff-fd1fafdc2f93/e61b77f5a5814fdfaedbd9f7fa510d46.jpg,https://wildtrax-aru.s3-accelerate.amazonaws.com/c2c11f98-29dd-49e8-9eff-fd1fafdc2f93/3e9be32891024b95ac9686ee7e410537.flac
CANFOR,Interior Broadleaf Working Group ARU Monitoring 2025 Limited Amplitude Processing,3701,MUS113-LR-C,492672,2025-06-10 05:09:00,2894240,1SPT,2622066,t,UNBI,Unidentified bird,"",Aves,2.78,180.00,1.06,0.90kHz,2.29kHz,5277213,1,Song,1,,f,1,Leonard Patterson,2623,,f,-41.78,-43.67,2,0.007271,-0.001038,0.014404,-36.83,-63.83,-67.37,2,0,-0.001953,0.001984,-54.05,-39.33,-41.61,2,0.009327,0.001068,0.016541,-35.63,-65.18,-68.11,3,-0.000001,-0.003357,0.001831,-49.48,t,https://portal.wildtrax.ca/home/aru-tasks/recording.html?taskId=2622066,https://wildtrax-aru.s3-accelerate.amazonaws.com/b512f191-51ed-4b73-ab4c-7c4134698c69/ed33a49a6f264eec9e2d96b413e4efd5.jpg,https://wildtrax-aru.s3-accelerate.amazonaws.com/b512f191-51ed-4b73-ab4c-7c4134698c69/f2e0784952b04ba8b2dacc51f880dc82.flac
CANFOR,Interior Broadleaf Working Group ARU Monitoring 2025 Limited Amplitude Processing,3701,MUS113-LR-C,492672,2025-06-10 05:09:00,2894240,1SPT,2622066,t,CHSP,Chipping Sparrow,SPIZELLA PASSERINA,Aves,16.81,180.00,1.36,3.27kHz,5.74kHz,5277221,1,Song,1,,f,1,Leonard Patterson,2623,,f,-41.17,-43.7,2,0.007242,-0.001801,0.01593,-35.96,-63.66,-66.73,2,0,-0.002502,0.002533,-51.93,-39.18,-41.57,2,0.00924,0.000397,0.018127,-34.83,-64.81,-66.58,2,0,-0.002472,0.002045,-52.14,t,https://portal.wildtrax.ca/home/aru-tasks/recording.html?taskId=2622066,https://wildtrax-aru.s3-accelerate.amazonaws.com/b512f191-51ed-4b73-ab4c-7c4134698c69/40967a4b22ea49eb80ba7235ec999e21.jpg,https://wildtrax-aru.s3-accelerate.amazonaws.com/b512f191-51ed-4b73-ab4c-7c4134698c69/690a1e90bd124b5baaf3a84cd8e926db.flac
CANFOR,Interior Broadleaf Working Group ARU Monitoring 2025 Limited Amplitude Processing,3701,MUS113-LR-C,492672,2025-06-10 05:09:00,2894240,1SPT,2622066,t,OCWA,Orange-crowned Warbler,LEIOTHLYPIS CELATA,Aves,23.92,180.00,1.64,2.20kHz,7.10kHz,5277196,1,Song,1,,f,2,Leonard Patterson,2623,,f,-40.84,-43.71,2,0.007214,-0.005157,0.017059,-35.36,-61.46,-63.55,3,0,-0.003326,0.003113,-49.56,-38.85,-41.57,2,0.009292,-0.002197,0.020477,-33.77,-59.08,-63.42,2,0,-0.004303,0.004272,-47.32,t,https://portal.wildtrax.ca/home/aru-tasks/recording.html?taskId=2622066,https://wildtrax-aru.s3-accelerate.amazonaws.com/b512f191-51ed-4b73-ab4c-7c4134698c69/38cf056c58a045b994c0724072488853.jpg,https://wildtrax-aru.s3-accelerate.amazonaws.com/b512f191-51ed-4b73-ab4c-7c4134698c69/d4df6ac3836f4eb0baca81fd41e56b55.flac
CANFOR,Interior Broadleaf Working Group ARU Monitoring 2025 Limited Amplitude Processing,3701,MUS113-LR-C,492672,2025-06-10 05:09:00,2894240,1SPT,2622066,t,AMRO,American Robin,TURDUS MIGRATORIUS,Aves,51.07,180.00,1.00,1.52kHz,3.94kHz,5277228,1,Song,1,,f,1,Leonard Patterson,2623,,f,-41.2,-43.31,3,0.007265,-0.000336,0.015259,-36.33,-62.52,-65.88,2,0,-0.002655,0.002228,-51.52,-39.29,-41.53,2,0.009231,0.00058,0.017365,-35.21,-63.17,-66.04,2,0,-0.002472,0.002502,-52.03,t,https://portal.wildtrax.ca/home/aru-tasks/recording.html?taskId=2622066,https://wildtrax-aru.s3-accelerate.amazonaws.com/b512f191-51ed-4b73-ab4c-7c4134698c69/322eb5d7c4b348338473b34b18755d60.jpg,https://wildtrax-aru.s3-accelerate.amazonaws.com/b512f191-51ed-4b73-ab4c-7c4134698c69/4ded635dd90e444b8d628e3b6b3390f9.flac
CANFOR,Interior Broadleaf Working Group ARU Monitoring 2025 Limited Amplitude Processing,3701,MUS113-LR-C,492672,2025-06-10 05:09:00,2894240,1SPT,2622066,t,WTSP,White-throated Sparrow,ZONOTRICHIA ALBICOLLIS,Aves,56.81,180.00,3.94,2.87kHz,5.09kHz,5277197,1,Song,1,,f,1,Leonard Patterson,2623,,f,-40.43,-43.47,2,0.007216,-0.007721,0.022308,-33.03,-45.72,-67.06,2,0,-0.010437,0.010223,-39.63,-38.69,-41.58,2,0.009219,-0.005188,0.022858,-32.82,-46.23,-67.11,2,0,-0.009888,0.009705,-40.1,t,https://portal.wildtrax.ca/home/aru-tasks/recording.html?taskId=2622066,https://wildtrax-aru.s3-accelerate.amazonaws.com/b512f191-51ed-4b73-ab4c-7c4134698c69/0d8645b22d9c4799954e094e29dc478c.jpg,https://wildtrax-aru.s3-accelerate.amazonaws.com/b512f191-51ed-4b73-ab4c-7c4134698c69/7b189b2b61264f73a74de5e81b99e94d.flac
CANFOR,Interior Broadleaf Working Group ARU Monitoring 2025 Limited Amplitude Processing,3701,MUS113-LR-C,492672,2025-06-10 05:09:00,2894240,1SPT,2622066,t,WTSP,White-throated Sparrow,ZONOTRICHIA ALBICOLLIS,Aves,82.47,180.00,2.81,3.28kHz,4.37kHz,5277202,2,Song,1,,f,1,Leonard Patterson,2623,,f,-41.47,-43.96,2,0.007285,-0.00235,0.014923,-36.52,-65.06,-71.07,6,0,-0.001526,0.001495,-56.33,-39.33,-41.8,2,0.00933,-0.000732,0.01767,-35.06,-65.79,-71.28,2,0,-0.001556,0.001526,-56.16,t,https://portal.wildtrax.ca/home/aru-tasks/recording.html?taskId=2622066,https://wildtrax-aru.s3-accelerate.amazonaws.com/b512f191-51ed-4b73-ab4c-7c4134698c69/ccf8db55b8bb417196a1da214e6ee05a.jpg,https://wildtrax-aru.s3-accelerate.amazonaws.com/b512f191-51ed-4b73-ab4c-7c4134698c69/fd50a9dc8e2f406392af38daa0d4c777.flac
CANFOR,Interior Broadleaf Working Group ARU Monitoring 2025 Limited Amplitude Processing,3701,MUS113-LR-C,492672,2025-06-10 05:09:00,2894240,1SPT,2622066,t,WAVI,Warbling Vireo,VIREO GILVUS,Aves,119.15,180.00,1.68,1.74kHz,4.21kHz,5277238,1,Song,1,,f,2,Leonard Patterson,2623,,f,-40.9,-43.76,2,0.007306,-0.000977,0.01532,-36.29,-64.55,-66.57,2,0,-0.002197,0.002472,-52.14,-38.99,-41.3,2,0.009354,0.001251,0.019287,-34.29,-63.07,-66.59,2,0,-0.003418,0.002808,-49.32,t,https://portal.wildtrax.ca/home/aru-tasks/recording.html?taskId=2622066,https://wildtrax-aru.s3-accelerate.amazonaws.com/b512f191-51ed-4b73-ab4c-7c4134698c69/259cc7d78a5641eeba2c3219c7c07583.jpg,https://wildtrax-aru.s3-accelerate.amazonaws.com/b512f191-51ed-4b73-ab4c-7c4134698c69/0f6e8c061edd4a3287988d10ad9c8e16.flac
CANFOR,Interior Broadleaf Working Group ARU Monitoring 2025 Limited Amplitude Processing,3701,MUS113-LR-C,492672,2025-06-10 05:09:00,2894240,1SPT,2622066,t,PISI,Pine Siskin,SPINUS PINUS,Aves,126.31,180.00,0.48,2.71kHz,6.05kHz,5277236,1,Song,1,,f,1,Leonard Patterson,2623,,f,-41.76,-43.39,2,0.007321,-0.000061,0.014618,-36.7,-61.94,-65.32,2,0,-0.00296,0.00235,-50.57,-39.6,-41.16,2,0.009513,0.001038,0.017883,-34.95,-62.27,-65.04,2,0,-0.003357,0.002716,-49.48,t,https://portal.wildtrax.ca/home/aru-tasks/recording.html?taskId=2622066,https://wildtrax-aru.s3-accelerate.amazonaws.com/b512f191-51ed-4b73-ab4c-7c4134698c69/13cbfa49639149a9a53683fe32609f21.jpg,https://wildtrax-aru.s3-accelerate.amazonaws.com/b512f191-51ed-4b73-ab4c-7c4134698c69/9be03d764b3b4fa68a4f45da6426b2f1.flac
CANFOR,Interior Broadleaf Working Group ARU Monitoring 2025 Limited Amplitude Processing,3701,MUS113-LR-C,492672,2025-06-10 05:09:00,2894240,1SPT,2622066,t,OCWA,Orange-crowned Warbler,LEIOTHLYPIS CELATA,Aves,147.12,180.00,1.21,3.99kHz,6.31kHz,5277205,2,Song,1,,f,2,Leonard Patterson,2623,,f,-40.88,-43.7,2,0.007253,-0.008423,0.020447,-33.79,-65.24,-67.36,2,0,-0.002106,0.002106,-53.53,-39.11,-41.43,3,0.00936,-0.006897,0.022919,-32.8,-63.7,-66.94,2,0,-0.002197,0.002167,-53.16,t,https://portal.wildtrax.ca/home/aru-tasks/recording.html?taskId=2622066,https://wildtrax-aru.s3-accelerate.amazonaws.com/b512f191-51ed-4b73-ab4c-7c4134698c69/ab9371beefce4198ab0c28e4d7e7805b.jpg,https://wildtrax-aru.s3-accelerate.amazonaws.com/b512f191-51ed-4b73-ab4c-7c4134698c69/f13a9952db75475abe6712e078a119f1.flac
CANFOR,Interior Broadleaf Working Group ARU Monitoring 2025 Limited Amplitude Processing,3701,MUS113-LR-C,492672,2025-06-10 05:09:00,2894240,1SPT,2622066,t,RUGR,Ruffed Grouse,BONASA UMBELLUS,Aves,150.11,180.00,7.93,0.08kHz,0.54kHz,5277240,1,Non-vocal,1,,f,1,Leonard Patterson,2623,,f,-35.2,-43.81,2,0.007213,-0.030365,0.043457,-27.24,-41.17,-50.07,7,-0.003535,-0.020538,0.014404,-33.75,-33.71,-41.8,2,0.009361,-0.033447,0.049286,-26.15,-39.68,-48.05,10,-0.004588,-0.023804,0.015747,-32.47,t,https://portal.wildtrax.ca/home/aru-tasks/recording.html?taskId=2622066,https://wildtrax-aru.s3-accelerate.amazonaws.com/b512f191-51ed-4b73-ab4c-7c4134698c69/d8f8a44702574586b39d764d3081245e.jpg,https://wildtrax-aru.s3-accelerate.amazonaws.com/b512f191-51ed-4b73-ab4c-7c4134698c69/3d3c395ef4b6480e8d43c502daa34d1f.flac
CANFOR,Interior Broadleaf Working Group ARU Monitoring 2025 Limited Amplitude Processing,3701,MUS113-LR-C,492672,2025-06-10 05:09:00,2894240,1SPT,2622066,t,DUFL,Dusky Flycatcher,EMPIDONAX OBERHOLSERI,Aves,161.53,180.00,0.49,3.37kHz,6.10kHz,5277241,1,Song,1,,f,1,Leonard Patterson,2623,,f,-41.68,-43.56,2,0.007191,-0.002991,0.015289,-36.31,-62.6,-65.72,2,0,-0.002472,0.002441,-52.14,-39.51,-41.6,3,0.009194,-0.001099,0.018738,-34.55,-62.12,-64.81,2,0,-0.002899,0.00293,-50.66,t,https://portal.wildtrax.ca/home/aru-tasks/recording.html?taskId=2622066,https://wildtrax-aru.s3-accelerate.amazonaws.com/b512f191-51ed-4b73-ab4c-7c4134698c69/1f3109d00df549c091282b02dc1a9550.jpg,https://wildtrax-aru.s3-accelerate.amazonaws.com/b512f191-51ed-4b73-ab4c-7c4134698c69/29232a73cf9945ff8d9905fbc513bb6a.flac
CANFOR,Interior Broadleaf Working Group ARU Monitoring 2025 Limited Amplitude Processing,3701,MUS113-LR-C,492672,2025-06-10 05:09:00,2894240,1SPT,2622066,t,SWTH,Swainson's Thrush,CATHARUS USTULATUS,Aves,178.94,180.00,1.01,0.75kHz,4.20kHz,5277242,1,Song,1,,f,1,Leonard Patterson,2623,,f,-40.74,-43.84,2,0.007332,-0.002838,0.016479,-35.66,-59.48,-64.16,2,-0.000001,-0.004395,0.003143,-47.14,-38.74,-41.48,2,0.009462,0.000061,0.018799,-34.52,-61.7,-63.99,2,-0.000001,-0.004456,0.002899,-47.02,t,https://portal.wildtrax.ca/home/aru-tasks/recording.html?taskId=2622066,https://wildtrax-aru.s3-accelerate.amazonaws.com/b512f191-51ed-4b73-ab4c-7c4134698c69/5ebe70f41cf54fe9b3e54a3a7a1fd5b8.jpg,https://wildtrax-aru.s3-accelerate.amazonaws.com/b512f191-51ed-4b73-ab4c-7c4134698c69/e82593dde4b24a71bf65cd85e40375df.flac
CANFOR,Interior Broadleaf Working Group ARU Monitoring 2025 Limited Amplitude Processing,3701,MUS113-NT-C,492655,2024-06-07 05:10:00,2757420,1SPT,3174366,t,DUFL,Dusky Flycatcher,EMPIDONAX OBERHOLSERI,Aves,31.69,180.00,0.50,3.68kHz,8.78kHz,5591486,1,Song,1,,f,1,Leonard Patterson,2623,,f,-38.23,-38.91,2,-0.011214,-0.020691,-0.001343,-33.68,-52.04,-59.12,2,0.000001,-0.006653,0.007263,-42.78,-34.13,-34.43,2,0.019195,0.010986,0.026398,-31.57,-56.72,-61.72,2,0,-0.005127,0.005707,-44.87,t,https://portal.wildtrax.ca/home/aru-tasks/recording.html?taskId=3174366,https://wildtrax-aru.s3-accelerate.amazonaws.com/895f60ac-6484-4a5e-89bb-ba0bbad224c6/f0300763d3d743bdb89647d7de724e5f.jpg,https://wildtrax-aru.s3-accelerate.amazonaws.com/895f60ac-6484-4a5e-89bb-ba0bbad224c6/4c68707b490741f9a3883c4a125408e7.flac
CANFOR,Interior Broadleaf Working Group ARU Monitoring 2025 Limited Amplitude Processing,3701,MUS113-NT-C,492655,2025-06-04 05:12:00,2894241,1SPT,2622067,t,WTSP,White-throated Sparrow,ZONOTRICHIA ALBICOLLIS,Aves,11.25,180.00,1.94,2.94kHz,4.79kHz,5277259,1,Song,1,,f,2,Leonard Patterson,2623,,f,-32.91,-34.22,2,0.020739,0.00882,0.033051,-29.62,-60.05,-65.86,3,0,-0.003143,0.003113,-50.05,-41.46,-47.43,2,0.004544,-0.01004,0.02063,-33.71,-53.25,-64.53,2,0,-0.004578,0.004639,-46.67,t,https://portal.wildtrax.ca/home/aru-tasks/recording.html?taskId=2622067,https://wildtrax-aru.s3-accelerate.amazonaws.com/a7ae6891-9a48-4f50-823d-ec2bfe4e71bf/fcbb148acd684be1af4436cb30f80dfd.jpg,https://wildtrax-aru.s3-accelerate.amazonaws.com/a7ae6891-9a48-4f50-823d-ec2bfe4e71bf/ad151faa8aaa47abb847aed888130173.flac
CANFOR,Interior Broadleaf Working Group ARU Monitoring 2025 Limited Amplitude Processing,3701,MUS113-NT-C,492655,2025-06-04 05:12:00,2894241,1SPT,2622067,t,SWTH,Swainson's Thrush,CATHARUS USTULATUS,Aves,14.35,180.00,1.33,0.88kHz,4.43kHz,5277245,1,Song,1,,f,2,Leonard Patterson,2623,,f,-32.96,-34.3,2,0.020653,0.007904,0.033539,-29.49,-51.53,-62.7,2,-0.000002,-0.009705,0.006958,-40.26,-41.29,-47.93,3,0.004418,-0.009735,0.018494,-34.66,-50.9,-62.1,3,0,-0.006836,0.006592,-43.3,t,https://portal.wildtrax.ca/home/aru-tasks/recording.html?taskId=2622067,https://wildtrax-aru.s3-accelerate.amazonaws.com/a7ae6891-9a48-4f50-823d-ec2bfe4e71bf/497dce8bd01146c6892d9f36e037ce9b.jpg,https://wildtrax-aru.s3-accelerate.amazonaws.com/a7ae6891-9a48-4f50-823d-ec2bfe4e71bf/85db7151a766489d9d54a6cdc0954e8b.flac
CANFOR,Interior Broadleaf Working Group ARU Monitoring 2025 Limited Amplitude Processing,3701,MUS113-NT-C,492655,2025-06-04 05:12:00,2894241,1SPT,2622067,t,SWTH,Swainson's Thrush,CATHARUS USTULATUS,Aves,15.79,180.00,1.78,1.03kHz,6.08kHz,5277247,2,Song,1,,f,2,Leonard Patterson,2623,,f,-32.77,-34.22,2,0.020759,0.006714,0.034149,-29.33,-49.12,-62.04,2,-0.000001,-0.010742,0.010498,-39.38,-40.79,-47.72,2,0.004548,-0.016724,0.023193,-32.69,-46.27,-61.3,2,-0.000001,-0.012817,0.013916,-37.13,t,https://portal.wildtrax.ca/home/aru-tasks/recording.html?taskId=2622067,https://wildtrax-aru.s3-accelerate.amazonaws.com/a7ae6891-9a48-4f50-823d-ec2bfe4e71bf/452a42fe64ef4239a0d5b50c57e54b6e.jpg,https://wildtrax-aru.s3-accelerate.amazonaws.com/a7ae6891-9a48-4f50-823d-ec2bfe4e71bf/cc6b1006c41947a59471818a7f49406e.flac
CANFOR,Interior Broadleaf Working Group ARU Monitoring 2025 Limited Amplitude Processing,3701,MUS113-NT-C,492655,2025-06-04 05:12:00,2894241,1SPT,2622067,t,DEJU,Dark-eyed Junco,JUNCO HYEMALIS,Aves,21.57,180.00,2.83,3.75kHz,7.87kHz,5277249,1,Song,1,,f,1,Leonard Patterson,2623,,f,-32.53,-34.36,2,0.020815,0.002899,0.039551,-28.06,-53.53,-61.45,2,0,-0.009064,0.008362,-40.85,-39.27,-47.56,2,0.004554,-0.014587,0.024078,-32.37,-55.94,-61.78,2,0,-0.005554,0.005798,-44.73,t,https://portal.wildtrax.ca/home/aru-tasks/recording.html?taskId=2622067,https://wildtrax-aru.s3-accelerate.amazonaws.com/a7ae6891-9a48-4f50-823d-ec2bfe4e71bf/32d83d8dfb9341df95181813e69e72d0.jpg,https://wildtrax-aru.s3-accelerate.amazonaws.com/a7ae6891-9a48-4f50-823d-ec2bfe4e71bf/93f8ff591ca8403da3c31acb43444986.flac
CANFOR,Interior Broadleaf Working Group ARU Monitoring 2025 Limited Amplitude Processing,3701,MUS113-NT-C,492655,2025-06-04 05:12:00,2894241,1SPT,2622067,t,WTSP,White-throated Sparrow,ZONOTRICHIA ALBICOLLIS,Aves,26.38,180.00,2.10,3.76kHz,4.33kHz,5277261,2,Song,1,,f,1,Leonard Patterson,2623,,f,-33,-34.16,2,0.0208,0.010132,0.030945,-30.19,-61.63,-71.52,2,0,-0.001831,0.001862,-54.6,-41.98,-49.41,2,0.004482,-0.009491,0.016937,-35.42,-61.49,-70.22,3,0,-0.002502,0.002502,-52.03,t,https://portal.wildtrax.ca/home/aru-tasks/recording.html?taskId=2622067,https://wildtrax-aru.s3-accelerate.amazonaws.com/a7ae6891-9a48-4f50-823d-ec2bfe4e71bf/85693d1b447e4496ad52bb7bc7f6a3e7.jpg,https://wildtrax-aru.s3-accelerate.amazonaws.com/a7ae6891-9a48-4f50-823d-ec2bfe4e71bf/c63adf4198d043b689d8201393180604.flac
CANFOR,Interior Broadleaf Working Group ARU Monitoring 2025 Limited Amplitude Processing,3701,MUS113-NT-C,492655,2025-06-04 05:12:00,2894241,1SPT,2622067,t,WTSP,White-throated Sparrow,ZONOTRICHIA ALBICOLLIS,Aves,71.95,180.00,3.66,3.08kHz,5.40kHz,5277256,3,Song,1,,f,2,Leonard Patterson,2623,,f,-32.66,-34.38,2,0.02074,0.007782,0.032959,-29.64,-55.77,-66.3,4,0,-0.003815,0.003784,-48.37,-39.38,-48.38,2,0.004493,-0.010223,0.021912,-33.19,-53.61,-65.98,4,0,-0.004486,0.004333,-46.96,t,https://portal.wildtrax.ca/home/aru-tasks/recording.html?taskId=2622067,https://wildtrax-aru.s3-accelerate.amazonaws.com/a7ae6891-9a48-4f50-823d-ec2bfe4e71bf/9048d33493494cf481e55218664ec789.jpg,https://wildtrax-aru.s3-accelerate.amazonaws.com/a7ae6891-9a48-4f50-823d-ec2bfe4e71bf/8962f6b0a8c743d0819e6d487f429ee7.flac
CANFOR,Interior Broadleaf Working Group ARU Monitoring 2025 Limited Amplitude Processing,3701,MUS113-NT-C,492655,2025-06-04 05:12:00,2894241,1SPT,2622067,t,RUGR,Ruffed Grouse,BONASA UMBELLUS,Aves,90.71,180.00,6.69,0.05kHz,0.67kHz,5277283,1,Non-vocal,1,,f,2,Leonard Patterson,2623,,f,-30.89,-34.29,2,0.020796,-0.038513,0.053558,-25.42,-34.56,-38.1,5,-0.013442,-0.033722,0.024475,-29.44,-33.31,-48,2,0.004554,-0.064331,0.039673,-23.83,-36.85,-52.58,10,-0.002944,-0.025055,0.040771,-27.79,t,https://portal.wildtrax.ca/home/aru-tasks/recording.html?taskId=2622067,https://wildtrax-aru.s3-accelerate.amazonaws.com/a7ae6891-9a48-4f50-823d-ec2bfe4e71bf/b41eae19085d4723aedc5397f0e2b955.jpg,https://wildtrax-aru.s3-accelerate.amazonaws.com/a7ae6891-9a48-4f50-823d-ec2bfe4e71bf/bfeadcf9e54342e388dadaa7a0b973d2.flac
CANFOR,Interior Broadleaf Working Group ARU Monitoring 2025 Limited Amplitude Processing,3701,MUS113-NT-C,492655,2025-06-04 05:12:00,2894241,1SPT,2622067,t,OCWA,Orange-crowned Warbler,LEIOTHLYPIS CELATA,Aves,99.52,180.00,1.28,3.54kHz,6.68kHz,5277285,1,Song,1,,f,1,Leonard Patterson,2623,,f,-32.9,-34.26,2,0.02076,0.009521,0.031738,-29.97,-62.42,-64.75,2,0,-0.00415,0.003174,-47.64,-41.8,-48.55,2,0.004493,-0.008423,0.016876,-35.45,-63.33,-64.93,2,0,-0.002808,0.002686,-51.03,t,https://portal.wildtrax.ca/home/aru-tasks/recording.html?taskId=2622067,https://wildtrax-aru.s3-accelerate.amazonaws.com/a7ae6891-9a48-4f50-823d-ec2bfe4e71bf/5da31c92b6de493d83cc9206ccba4bad.jpg,https://wildtrax-aru.s3-accelerate.amazonaws.com/a7ae6891-9a48-4f50-823d-ec2bfe4e71bf/3e2463155e9c42c09446c4e376a1dea7.flac
CANFOR,Interior Broadleaf Working Group ARU Monitoring 2025 Limited Amplitude Processing,3701,MUS113-NT-C,492655,2025-06-04 05:12:00,2894241,1SPT,2622067,t,DUFL,Dusky Flycatcher,EMPIDONAX OBERHOLSERI,Aves,114.94,180.00,0.58,2.87kHz,7.04kHz,5277287,1,Song,1,,f,1,Leonard Patterson,2623,,f,-33.08,-34.21,2,0.020611,0.010834,0.030579,-30.29,-59.06,-63.11,2,-0.000001,-0.00592,0.003906,-44.55,-41.62,-47.93,2,0.004149,-0.007935,0.016907,-35.44,-61.1,-63.12,3,0,-0.002838,0.003235,-49.8,t,https://portal.wildtrax.ca/home/aru-tasks/recording.html?taskId=2622067,https://wildtrax-aru.s3-accelerate.amazonaws.com/a7ae6891-9a48-4f50-823d-ec2bfe4e71bf/7ae6f678e5644d6a8cd60329c6a78f01.jpg,https://wildtrax-aru.s3-accelerate.amazonaws.com/a7ae6891-9a48-4f50-823d-ec2bfe4e71bf/00c56a4e010347678e4df11bd324df22.flac
CANFOR,Interior Broadleaf Working Group ARU Monitoring 2025 Limited Amplitude Processing,3701,MUS113-NT-C,492655,2025-06-04 05:12:00,2894241,1SPT,2622067,t,DUFL,Dusky Flycatcher,EMPIDONAX OBERHOLSERI,Aves,116.30,180.00,0.23,3.75kHz,5.86kHz,5277288,2,Song,1,,f,1,Leonard Patterson,2623,,f,-33.65,-33.65,2,0.020647,0.013245,0.029114,-30.72,-64.93,-64.93,2,-0.000001,-0.003174,0.002563,-49.97,-46.29,-46.29,2,0.00413,-0.006012,0.011871,-38.51,-66.12,-66.12,2,0,-0.001953,0.002106,-53.53,t,https://portal.wildtrax.ca/home/aru-tasks/recording.html?taskId=2622067,https://wildtrax-aru.s3-accelerate.amazonaws.com/a7ae6891-9a48-4f50-823d-ec2bfe4e71bf/3498e049ba774be6a53302b6c1a017f4.jpg,https://wildtrax-aru.s3-accelerate.amazonaws.com/a7ae6891-9a48-4f50-823d-ec2bfe4e71bf/065ca5985fa1467893a776ed601b6e21.flac
CANFOR,Interior Broadleaf Working Group ARU Monitoring 2025 Limited Amplitude Processing,3701,MUS113-NT-C,492655,2025-06-04 05:12:00,2894241,1SPT,2622067,t,YRWA,Yellow-rumped Warbler,SETOPHAGA CORONATA,Aves,117.12,180.00,1.21,3.28kHz,5.24kHz,5277263,1,Song,1,,f,2,Leonard Patterson,2623,,f,-32.69,-34.29,2,0.020712,0.008636,0.031311,-30.09,-58.36,-65.2,2,0,-0.004181,0.003998,-47.57,-40.63,-48.03,2,0.004547,-0.009094,0.017822,-34.98,-56.56,-64.69,2,0,-0.005188,0.004944,-45.7,t,https://portal.wildtrax.ca/home/aru-tasks/recording.html?taskId=2622067,https://wildtrax-aru.s3-accelerate.amazonaws.com/a7ae6891-9a48-4f50-823d-ec2bfe4e71bf/dee7b2a159ee490bac42710691ab2cee.jpg,https://wildtrax-aru.s3-accelerate.amazonaws.com/a7ae6891-9a48-4f50-823d-ec2bfe4e71bf/d78be99ac09b46c2964a9f363a872f98.flac
CANFOR,Interior Broadleaf Working Group ARU Monitoring 2025 Limited Amplitude Processing,3701,MUS113-NT-C,492655,2025-06-04 05:12:00,2894241,1SPT,2622067,t,HETH,Hermit Thrush,CATHARUS GUTTATUS,Aves,127.29,180.00,1.24,1.17kHz,3.39kHz,5277290,1,Song,1,,f,2,Leonard Patterson,2623,,f,-33.22,-34.13,2,0.020812,0.011505,0.030182,-30.41,-59.62,-65.38,2,-0.000001,-0.006714,0.002838,-43.46,-42.66,-48.8,2,0.004543,-0.007904,0.015381,-36.26,-55.06,-64.71,2,0,-0.004364,0.004791,-46.39,t,https://portal.wildtrax.ca/home/aru-tasks/recording.html?taskId=2622067,https://wildtrax-aru.s3-accelerate.amazonaws.com/a7ae6891-9a48-4f50-823d-ec2bfe4e71bf/898885c5c1064496a3f9d1ff668601c3.jpg,https://wildtrax-aru.s3-accelerate.amazonaws.com/a7ae6891-9a48-4f50-823d-ec2bfe4e71bf/41c00533913c4b4d9b3b05588f7407d6.flac
CANFOR,Interior Broadleaf Working Group ARU Monitoring 2025 Limited Amplitude Processing,3701,MUS113-NT-C,492655,2025-06-04 05:12:00,2894241,1SPT,2622067,t,HETH,Hermit Thrush,CATHARUS GUTTATUS,Aves,144.28,180.00,0.83,1.18kHz,2.88kHz,5277297,2,Song,1,,f,2,Leonard Patterson,2623,,f,-33.07,-34.16,2,0.020813,0.008362,0.031738,-29.97,-64.65,-66.59,2,-0.000001,-0.004364,0.002289,-47.2,-42.67,-47.76,2,0.004509,-0.00824,0.015594,-36.14,-61.64,-66.77,2,0,-0.002258,0.002716,-51.32,t,https://portal.wildtrax.ca/home/aru-tasks/recording.html?taskId=2622067,https://wildtrax-aru.s3-accelerate.amazonaws.com/a7ae6891-9a48-4f50-823d-ec2bfe4e71bf/04b5b9d886484475943eaa20cc9707e7.jpg,https://wildtrax-aru.s3-accelerate.amazonaws.com/a7ae6891-9a48-4f50-823d-ec2bfe4e71bf/f8ef1160addd4cadb0ac6c4574095c28.flac
CANFOR,Interior Broadleaf Working Group ARU Monitoring 2025 Limited Amplitude Processing,3701,MUS113-NT-C,492655,2025-06-07 05:10:00,2894242,1SPT,2622068,t,WAVI,Warbling Vireo,VIREO GILVUS,Aves,1.30,180.00,1.61,1.55kHz,4.12kHz,5280378,1,Song,1,,f,2,Leonard Patterson,2623,,f,-32.87,-34.22,2,0.020749,0.010071,0.031921,-29.92,-64.05,-66.36,2,0,-0.006989,0.003021,-43.11,-41.24,-48.31,2,0.004561,-0.008453,0.017181,-35.3,-61.5,-65.88,2,0,-0.002563,0.002747,-51.22,t,https://portal.wildtrax.ca/home/aru-tasks/recording.html?taskId=2622068,https://wildtrax-aru.s3-accelerate.amazonaws.com/b5febfd7-e736-4197-af35-026635a12148/b48599395c53434cae7cb576126ec893.jpg,https://wildtrax-aru.s3-accelerate.amazonaws.com/b5febfd7-e736-4197-af35-026635a12148/1e373840ee97435cbe9197c38436478d.flac
CANFOR,Interior Broadleaf Working Group ARU Monitoring 2025 Limited Amplitude Processing,3701,MUS113-NT-C,492655,2025-06-07 05:10:00,2894242,1SPT,2622068,t,WTSP,White-throated Sparrow,ZONOTRICHIA ALBICOLLIS,Aves,25.18,180.00,2.24,3.03kHz,5.34kHz,5280369,1,Song,1,,f,1,Leonard Patterson,2623,,f,-32.45,-34.26,2,0.020852,0.00293,0.035736,-28.94,-58.07,-66.2,3,0,-0.003265,0.003326,-49.56,-39.05,-47.05,2,0.004612,-0.015198,0.024567,-32.19,-57.95,-65.89,2,0,-0.003601,0.00354,-48.87,t,https://portal.wildtrax.ca/home/aru-tasks/recording.html?taskId=2622068,https://wildtrax-aru.s3-accelerate.amazonaws.com/b5febfd7-e736-4197-af35-026635a12148/338c3cc102cd49949a991c202ffc9090.jpg,https://wildtrax-aru.s3-accelerate.amazonaws.com/b5febfd7-e736-4197-af35-026635a12148/1c7d41d4d2ee4cffb53909e9e10fe6f3.flac
CANFOR,Interior Broadleaf Working Group ARU Monitoring 2025 Limited Amplitude Processing,3701,MUS113-NT-C,492655,2025-06-07 05:10:00,2894242,1SPT,2622068,t,OCWA,Orange-crowned Warbler,LEIOTHLYPIS CELATA,Aves,40.93,180.00,1.69,2.31kHz,6.07kHz,5277302,1,Song,1,,f,2,Leonard Patterson,2623,,f,-32.61,-34.27,2,0.020824,-0.000488,0.039673,-28.03,-45.48,-63.85,2,0,-0.016724,0.017242,-35.27,-39.94,-47.63,2,0.00455,-0.020325,0.026337,-31.59,-43.75,-63.3,2,0,-0.018738,0.018616,-34.55,t,https://portal.wildtrax.ca/home/aru-tasks/recording.html?taskId=2622068,https://wildtrax-aru.s3-accelerate.amazonaws.com/b5febfd7-e736-4197-af35-026635a12148/abcd02dbe76b48888aa98874c478eb80.jpg,https://wildtrax-aru.s3-accelerate.amazonaws.com/b5febfd7-e736-4197-af35-026635a12148/71f9b41d77064cf79c04a68b7dcf41eb.flac
CANFOR,Interior Broadleaf Working Group ARU Monitoring 2025 Limited Amplitude Processing,3701,MUS113-NT-C,492655,2025-06-07 05:10:00,2894242,1SPT,2622068,t,YRWA,Yellow-rumped Warbler,SETOPHAGA CORONATA,Aves,58.61,180.00,1.20,3.34kHz,5.40kHz,5280371,1,Song,1,,f,1,Leonard Patterson,2623,,f,-32.9,-34.16,2,0.020645,0.010681,0.030945,-30.19,-57.48,-65.07,2,0,-0.004669,0.004852,-46.28,-41.29,-47.72,2,0.004382,-0.008057,0.016937,-35.42,-59.03,-65.44,2,0,-0.003693,0.003723,-48.58,t,https://portal.wildtrax.ca/home/aru-tasks/recording.html?taskId=2622068,https://wildtrax-aru.s3-accelerate.amazonaws.com/b5febfd7-e736-4197-af35-026635a12148/80deefcd0e764df687e0d6519e90cff3.jpg,https://wildtrax-aru.s3-accelerate.amazonaws.com/b5febfd7-e736-4197-af35-026635a12148/183df63770f44ebba442e354c078686f.flac
CANFOR,Interior Broadleaf Working Group ARU Monitoring 2025 Limited Amplitude Processing,3701,MUS113-NT-C,492655,2025-06-07 05:10:00,2894242,1SPT,2622068,t,OCWA,Orange-crowned Warbler,LEIOTHLYPIS CELATA,Aves,84.11,180.00,1.13,4.47kHz,5.60kHz,5280372,2,Song,1,,f,2,Leonard Patterson,2623,,f,-32.8,-34.18,2,0.02089,0.011108,0.033081,-29.61,-64.91,-68.73,3,0,-0.001862,0.001862,-54.6,-41.76,-47.18,2,0.00459,-0.007874,0.017059,-35.36,-64.65,-69.42,4,0,-0.002106,0.002167,-53.28,t,https://portal.wildtrax.ca/home/aru-tasks/recording.html?taskId=2622068,https://wildtrax-aru.s3-accelerate.amazonaws.com/b5febfd7-e736-4197-af35-026635a12148/e212adb35fe74565ae068042786f5a12.jpg,https://wildtrax-aru.s3-accelerate.amazonaws.com/b5febfd7-e736-4197-af35-026635a12148/4ccf77ce1eff49119cb9babb513a852d.flac
CANFOR,Interior Broadleaf Working Group ARU Monitoring 2025 Limited Amplitude Processing,3701,MUS113-NT-C,492655,2025-06-07 05:10:00,2894242,1SPT,2622068,t,WTSP,White-throated Sparrow,ZONOTRICHIA ALBICOLLIS,Aves,89.17,180.00,0.76,3.35kHz,3.91kHz,5280525,2,Song,1,,f,2,Leonard Patterson,2623,,f,-32.6,-34.16,2,0.020831,0.007812,0.032684,-29.71,-68.93,-73.99,4,0,-0.001221,0.00116,-58.27,-39.76,-47.63,2,0.004699,-0.009369,0.02359,-32.55,-65.99,-73.11,2,0,-0.001984,0.001953,-54.05,t,https://portal.wildtrax.ca/home/aru-tasks/recording.html?taskId=2622068,https://wildtrax-aru.s3-accelerate.amazonaws.com/b5febfd7-e736-4197-af35-026635a12148/046053ee02e743aa946ff277f8c269c1.jpg,https://wildtrax-aru.s3-accelerate.amazonaws.com/b5febfd7-e736-4197-af35-026635a12148/e2df9e3ee1014d0895e0d72e948a6234.flac
CANFOR,Interior Broadleaf Working Group ARU Monitoring 2025 Limited Amplitude Processing,3701,MUS113-NT-C,492655,2025-06-07 05:10:00,2894242,1SPT,2622068,t,SWTH,Swainson's Thrush,CATHARUS USTULATUS,Aves,102.33,180.00,0.99,1.29kHz,3.04kHz,5280529,1,Song,1,,f,2,Leonard Patterson,2623,,f,-32.67,-34.67,3,0.020606,0.006683,0.032135,-29.86,-65.43,-67.83,2,-0.000001,-0.005615,0.002777,-45.01,-38.97,-47.31,2,0.004343,-0.015442,0.021149,-33.49,-63.78,-67.53,2,0,-0.003326,0.002075,-49.56,t,https://portal.wildtrax.ca/home/aru-tasks/recording.html?taskId=2622068,https://wildtrax-aru.s3-accelerate.amazonaws.com/b5febfd7-e736-4197-af35-026635a12148/71ab5246b6ae424c91a6e3c1001eb56a.jpg,https://wildtrax-aru.s3-accelerate.amazonaws.com/b5febfd7-e736-4197-af35-026635a12148/6ba5451f09db43c59dbf98b2f4bd7313.flac
CANFOR,Interior Broadleaf Working Group ARU Monitoring 2025 Limited Amplitude Processing,3701,MUS113-NT-C,492655,2025-06-07 05:10:00,2894242,1SPT,2622068,t,AMRE,American Redstart,SETOPHAGA RUTICILLA,Aves,106.20,180.00,0.76,3.85kHz,6.58kHz,5280374,1,Song,1,,f,1,Leonard Patterson,2623,,f,-33.21,-34.15,2,0.020734,0.009857,0.029785,-30.52,-59.16,-64.74,2,0,-0.004333,0.003784,-47.26,-41.98,-47.79,2,0.004668,-0.008942,0.014313,-36.89,-60.29,-64.95,2,0,-0.003204,0.003113,-49.89,t,https://portal.wildtrax.ca/home/aru-tasks/recording.html?taskId=2622068,https://wildtrax-aru.s3-accelerate.amazonaws.com/b5febfd7-e736-4197-af35-026635a12148/1548950f9b7c4252b2db4f06d79f8e8b.jpg,https://wildtrax-aru.s3-accelerate.amazonaws.com/b5febfd7-e736-4197-af35-026635a12148/5651eb3e4b7144e99645bec7a3cf00d4.flac
CANFOR,Interior Broadleaf Working Group ARU Monitoring 2025 Limited Amplitude Processing,3701,MUS113-NT-C,492655,2025-06-07 05:10:00,2894242,1SPT,2622068,t,TRES,Tree Swallow,TACHYCINETA BICOLOR,Aves,120.91,180.00,2.10,1.69kHz,5.45kHz,5277305,1,Song,1,,f,1,Leonard Patterson,2623,,f,-32.93,-34.35,2,0.020775,0.009674,0.031219,-30.11,-59.15,-64.81,2,0,-0.007111,0.004425,-42.96,-41.16,-49.65,2,0.004578,-0.009094,0.019775,-34.08,-59.06,-64.37,2,0,-0.004883,0.004761,-46.23,t,https://portal.wildtrax.ca/home/aru-tasks/recording.html?taskId=2622068,https://wildtrax-aru.s3-accelerate.amazonaws.com/b5febfd7-e736-4197-af35-026635a12148/993a05b71d124041942e320dbdbef137.jpg,https://wildtrax-aru.s3-accelerate.amazonaws.com/b5febfd7-e736-4197-af35-026635a12148/c8c703e6106949dc8d504328c07c3e08.flac
CANFOR,Interior Broadleaf Working Group ARU Monitoring 2025 Limited Amplitude Processing,3701,MUS113-NT-C,492655,2025-06-07 05:10:00,2894242,1SPT,2622068,t,RUGR,Ruffed Grouse,BONASA UMBELLUS,Aves,141.96,180.00,6.75,0.09kHz,1.17kHz,5280539,1,Non-vocal,1,,f,2,Leonard Patterson,2623,,f,-32.1,-34.5,3,0.020759,-0.0065,0.049438,-26.12,-39.42,-42.02,5,-0.008718,-0.02182,0.00415,-33.22,-37.37,-48.1,2,0.004596,-0.026642,0.03714,-28.6,-44.29,-55.64,5,-0.00193,-0.016144,0.012115,-35.84,t,https://portal.wildtrax.ca/home/aru-tasks/recording.html?taskId=2622068,https://wildtrax-aru.s3-accelerate.amazonaws.com/b5febfd7-e736-4197-af35-026635a12148/645ab5060bb34973bf62e75da0f5c592.jpg,https://wildtrax-aru.s3-accelerate.amazonaws.com/b5febfd7-e736-4197-af35-026635a12148/e098d7e0e45842ecbdf1040d2e5549da.flac
CANFOR,Interior Broadleaf Working Group ARU Monitoring 2025 Limited Amplitude Processing,3701,MUS113-NT-C,492655,2025-06-07 05:10:00,2894242,1SPT,2622068,t,DUFL,Dusky Flycatcher,EMPIDONAX OBERHOLSERI,Aves,151.81,180.00,1.86,1.69kHz,7.87kHz,5280377,1,Song,1,,f,2,Leonard Patterson,2623,,f,-32.83,-34.36,2,0.020733,0.009918,0.03125,-30.1,-60.23,-62.75,2,-0.000001,-0.009735,0.005005,-40.23,-40.23,-48.88,2,0.004568,-0.009979,0.020447,-33.79,-59.42,-62.66,3,0,-0.003632,0.004089,-47.77,t,https://portal.wildtrax.ca/home/aru-tasks/recording.html?taskId=2622068,https://wildtrax-aru.s3-accelerate.amazonaws.com/b5febfd7-e736-4197-af35-026635a12148/c6bae954cc7e45a6ac75353829a65c9c.jpg,https://wildtrax-aru.s3-accelerate.amazonaws.com/b5febfd7-e736-4197-af35-026635a12148/6d5ad82f7bf34994a64315b102e0c0f0.flac
CANFOR,Interior Broadleaf Working Group ARU Monitoring 2025 Limited Amplitude Processing,3701,MUS113-NT-C,492655,2025-06-07 05:10:00,2894242,1SPT,2622068,t,WTSP,White-throated Sparrow,ZONOTRICHIA ALBICOLLIS,Aves,166.44,180.00,2.78,3.64kHz,6.58kHz,5280360,3,Song,1,,f,1,Leonard Patterson,2623,,f,-32.86,-34.46,2,0.020775,0.007782,0.033264,-29.56,-52.25,-64.36,2,0,-0.00528,0.005432,-45.3,-40.2,-48.62,2,0.004557,-0.01181,0.018341,-34.73,-57.11,-65.18,2,0,-0.003784,0.004089,-47.77,t,https://portal.wildtrax.ca/home/aru-tasks/recording.html?taskId=2622068,https://wildtrax-aru.s3-accelerate.amazonaws.com/b5febfd7-e736-4197-af35-026635a12148/f57fe039ad6d472fac38c0556474105e.jpg,https://wildtrax-aru.s3-accelerate.amazonaws.com/b5febfd7-e736-4197-af35-026635a12148/a4c394139d904e79b84b8d12e0dd59d3.flac
CANFOR,Interior Broadleaf Working Group ARU Monitoring 2025 Limited Amplitude Processing,3701,MUS113-NT-C,492655,2025-06-07 05:10:00,2894242,1SPT,2622068,t,DEJU,Dark-eyed Junco,JUNCO HYEMALIS,Aves,177.74,180.00,1.86,3.28kHz,6.63kHz,5280367,1,Song,1,,f,1,Leonard Patterson,2623,,f,-32.91,-34.22,2,0.020799,0.008484,0.034393,-29.27,-60.76,-64,2,0,-0.005798,0.004486,-44.73,-41.43,-48.95,2,0.004531,-0.012329,0.017731,-35.03,-61.44,-64.03,2,0,-0.003387,0.003387,-49.4,t,https://portal.wildtrax.ca/home/aru-tasks/recording.html?taskId=2622068,https://wildtrax-aru.s3-accelerate.amazonaws.com/b5febfd7-e736-4197-af35-026635a12148/440d82616e234d87ba4fe14f4d63ffa6.jpg,https://wildtrax-aru.s3-accelerate.amazonaws.com/b5febfd7-e736-4197-af35-026635a12148/6268a752674143cd8f7379a8edfaa040.flac
CANFOR,Interior Broadleaf Working Group ARU Monitoring 2025 Limited Amplitude Processing,3701,MUS113-NT-C,492655,2025-06-10 05:09:00,2894244,1SPT,2622070,t,WTSP,White-throated Sparrow,ZONOTRICHIA ALBICOLLIS,Aves,10.84,180.00,3.26,3.08kHz,5.96kHz,5280682,1,Song,1,,f,1,Leonard Patterson,2623,,f,-33.08,-34.06,2,0.020835,0.011841,0.028412,-30.93,-63.31,-66.44,2,0,-0.004517,0.003357,-46.9,-43,-49.6,2,0.00451,-0.005585,0.01416,-36.98,-63.07,-66.03,2,0,-0.002838,0.002594,-50.94,t,https://portal.wildtrax.ca/home/aru-tasks/recording.html?taskId=2622070,https://wildtrax-aru.s3-accelerate.amazonaws.com/6f6369f2-c5cd-4c66-97ae-6319b2cb0b11/a00df230a0a847eb8bd8d474a25c3acb.jpg,https://wildtrax-aru.s3-accelerate.amazonaws.com/6f6369f2-c5cd-4c66-97ae-6319b2cb0b11/e5443eee3a3e40d8818f791cb93e2da9.flac
CANFOR,Interior Broadleaf Working Group ARU Monitoring 2025 Limited Amplitude Processing,3701,MUS113-NT-C,492655,2025-06-10 05:09:00,2894244,1SPT,2622070,t,WTSP,White-throated Sparrow,ZONOTRICHIA ALBICOLLIS,Aves,19.02,180.00,2.04,2.98kHz,4.06kHz,5280681,2,Song,1,,f,1,Leonard Patterson,2623,,f,-32.94,-34,2,0.020971,0.010101,0.030243,-30.39,-58.61,-70.44,2,0,-0.00296,0.003021,-50.4,-41.68,-49.91,2,0.004512,-0.005524,0.01651,-35.65,-60.05,-69.48,3,0,-0.003021,0.002991,-50.4,t,https://portal.wildtrax.ca/home/aru-tasks/recording.html?taskId=2622070,https://wildtrax-aru.s3-accelerate.amazonaws.com/6f6369f2-c5cd-4c66-97ae-6319b2cb0b11/172e9731036d43d0b269fbf029979cfa.jpg,https://wildtrax-aru.s3-accelerate.amazonaws.com/6f6369f2-c5cd-4c66-97ae-6319b2cb0b11/559c11fb13dd4ee7a7108f1d2600714c.flac
CANFOR,Interior Broadleaf Working Group ARU Monitoring 2025 Limited Amplitude Processing,3701,MUS113-NT-C,492655,2025-06-10 05:09:00,2894244,1SPT,2622070,t,DEJU,Dark-eyed Junco,JUNCO HYEMALIS,Aves,33.44,180.00,1.83,3.03kHz,6.79kHz,5280648,1,Song,1,,f,2,Leonard Patterson,2623,,f,-32.92,-34.02,2,0.020933,0.008148,0.032013,-29.89,-57.21,-60.93,2,0,-0.005859,0.005554,-44.64,-42.24,-49.03,2,0.004526,-0.012573,0.016785,-35.5,-56.79,-60.73,2,0,-0.005219,0.005219,-45.65,t,https://portal.wildtrax.ca/home/aru-tasks/recording.html?taskId=2622070,https://wildtrax-aru.s3-accelerate.amazonaws.com/6f6369f2-c5cd-4c66-97ae-6319b2cb0b11/a19fc9760bed477892401190ec884790.jpg,https://wildtrax-aru.s3-accelerate.amazonaws.com/6f6369f2-c5cd-4c66-97ae-6319b2cb0b11/13c21535ddb4493ebfc8aba1f9729f21.flac
CANFOR,Interior Broadleaf Working Group ARU Monitoring 2025 Limited Amplitude Processing,3701,MUS113-NT-C,492655,2025-06-10 05:09:00,2894244,1SPT,2622070,t,DUFL,Dusky Flycatcher,EMPIDONAX OBERHOLSERI,Aves,35.26,180.00,2.14,2.87kHz,6.07kHz,5281075,1,Song,1,,f,2,Leonard Patterson,2623,,f,-32.72,-34.22,2,0.020958,0.007782,0.033752,-29.43,-55.59,-65.98,2,0,-0.006378,0.006287,-43.91,-41.01,-48.59,2,0.004511,-0.011292,0.019714,-34.1,-52.18,-65.73,2,0,-0.007812,0.007812,-42.14,t,https://portal.wildtrax.ca/home/aru-tasks/recording.html?taskId=2622070,https://wildtrax-aru.s3-accelerate.amazonaws.com/6f6369f2-c5cd-4c66-97ae-6319b2cb0b11/b6cd451ecbb04eb7ade58d1793c9572a.jpg,https://wildtrax-aru.s3-accelerate.amazonaws.com/6f6369f2-c5cd-4c66-97ae-6319b2cb0b11/66b71bf0781f4f5684287455c4dadd06.flac
CANFOR,Interior Broadleaf Working Group ARU Monitoring 2025 Limited Amplitude Processing,3701,MUS113-NT-C,492655,2025-06-10 05:09:00,2894244,1SPT,2622070,t,OCWA,Orange-crowned Warbler,LEIOTHLYPIS CELATA,Aves,44.14,180.00,0.89,3.71kHz,5.72kHz,5281082,1,Song,1,,f,2,Leonard Patterson,2623,,f,-33.01,-34.12,2,0.020785,0.010437,0.034607,-29.22,-64.7,-67.81,2,0,-0.002716,0.002319,-51.32,-41.8,-48.74,3,0.004418,-0.007263,0.018799,-34.52,-62.98,-66.82,3,0,-0.002533,0.002563,-51.82,t,https://portal.wildtrax.ca/home/aru-tasks/recording.html?taskId=2622070,https://wildtrax-aru.s3-accelerate.amazonaws.com/6f6369f2-c5cd-4c66-97ae-6319b2cb0b11/6c2b10da3e0f445fbea57ee1f4d790fe.jpg,https://wildtrax-aru.s3-accelerate.amazonaws.com/6f6369f2-c5cd-4c66-97ae-6319b2cb0b11/e09aef707f0043eb9557ed295af9d694.flac
CANFOR,Interior Broadleaf Working Group ARU Monitoring 2025 Limited Amplitude Processing,3701,MUS113-NT-C,492655,2025-06-10 05:09:00,2894244,1SPT,2622070,t,WAVI,Warbling Vireo,VIREO GILVUS,Aves,57.45,180.00,1.55,1.80kHz,3.66kHz,5281037,1,Song,1,,f,2,Leonard Patterson,2623,,f,-33.2,-34.07,2,0.020804,0.012695,0.030273,-30.38,-62.74,-67.43,2,0,-0.005188,0.003601,-45.7,-42.84,-48.81,2,0.004434,-0.009064,0.015411,-36.24,-59.01,-66.83,2,0,-0.003571,0.00354,-48.95,t,https://portal.wildtrax.ca/home/aru-tasks/recording.html?taskId=2622070,https://wildtrax-aru.s3-accelerate.amazonaws.com/6f6369f2-c5cd-4c66-97ae-6319b2cb0b11/46e9d887f1f44eaeba7b460b4be8ea8a.jpg,https://wildtrax-aru.s3-accelerate.amazonaws.com/6f6369f2-c5cd-4c66-97ae-6319b2cb0b11/8e32271d61e545f8ba98d3ccb360f603.flac
CANFOR,Interior Broadleaf Working Group ARU Monitoring 2025 Limited Amplitude Processing,3701,MUS113-NT-C,492655,2025-06-10 05:09:00,2894244,1SPT,2622070,t,SWTH,Swainson's Thrush,CATHARUS USTULATUS,Aves,73.45,180.00,1.08,0.98kHz,3.71kHz,5281041,1,Song,1,,f,1,Leonard Patterson,2623,,f,-33.21,-34.07,2,0.020861,0.013214,0.028931,-30.77,-62.76,-65.2,2,-0.000002,-0.00882,0.003784,-41.09,-43.3,-48.2,2,0.004652,-0.006653,0.016754,-35.52,-62.43,-64.78,2,0,-0.003113,0.002655,-50.14,t,https://portal.wildtrax.ca/home/aru-tasks/recording.html?taskId=2622070,https://wildtrax-aru.s3-accelerate.amazonaws.com/6f6369f2-c5cd-4c66-97ae-6319b2cb0b11/fabbeef7fbc146d2a2e6579c79d54130.jpg,https://wildtrax-aru.s3-accelerate.amazonaws.com/6f6369f2-c5cd-4c66-97ae-6319b2cb0b11/28584df156b444f8a831e0ce188ee094.flac
CANFOR,Interior Broadleaf Working Group ARU Monitoring 2025 Limited Amplitude Processing,3701,MUS113-NT-C,492655,2025-06-10 05:09:00,2894244,1SPT,2622070,t,YRWA,Yellow-rumped Warbler,SETOPHAGA CORONATA,Aves,114.64,180.00,1.25,2.83kHz,4.94kHz,5280672,1,Song,1,,f,2,Leonard Patterson,2623,,f,-33.06,-34.09,2,0.020739,0.011597,0.03244,-29.78,-58.58,-64.73,3,0,-0.003418,0.003357,-49.32,-42.73,-48.3,2,0.004474,-0.00708,0.014465,-36.79,-56.91,-63.57,2,0,-0.004333,0.004364,-47.2,t,https://portal.wildtrax.ca/home/aru-tasks/recording.html?taskId=2622070,https://wildtrax-aru.s3-accelerate.amazonaws.com/6f6369f2-c5cd-4c66-97ae-6319b2cb0b11/65b6c97cf3544b71976daa46e821481c.jpg,https://wildtrax-aru.s3-accelerate.amazonaws.com/6f6369f2-c5cd-4c66-97ae-6319b2cb0b11/bcd671effd0d438297f529f3efd4a6c4.flac
CANFOR,Interior Broadleaf Working Group ARU Monitoring 2025 Limited Amplitude Processing,3701,MUS113-NT-C,492655,2025-06-10 05:09:00,2894244,1SPT,2622070,t,OCWA,Orange-crowned Warbler,LEIOTHLYPIS CELATA,Aves,138.31,180.00,1.70,3.45kHz,6.03kHz,5280667,2,Song,1,,f,2,Leonard Patterson,2623,,f,-33.08,-34.15,2,0.020872,0.010193,0.029663,-30.56,-56.14,-66.08,2,0,-0.005951,0.00531,-44.51,-42.61,-48.58,2,0.004468,-0.009033,0.016113,-35.86,-52.76,-64.97,2,0,-0.008636,0.008942,-40.97,t,https://portal.wildtrax.ca/home/aru-tasks/recording.html?taskId=2622070,https://wildtrax-aru.s3-accelerate.amazonaws.com/6f6369f2-c5cd-4c66-97ae-6319b2cb0b11/1e0f70cb452247a892fb998920b2f2a2.jpg,https://wildtrax-aru.s3-accelerate.amazonaws.com/6f6369f2-c5cd-4c66-97ae-6319b2cb0b11/a9f66555576843f687a40e128b1b1035.flac
CANFOR,Interior Broadleaf Working Group ARU Monitoring 2025 Limited Amplitude Processing,3701,MUS113-NT-C,492655,2025-06-10 05:09:00,2894244,1SPT,2622070,t,WAVI,Warbling Vireo,VIREO GILVUS,Aves,139.14,180.00,1.26,1.96kHz,3.50kHz,5281054,2,Song,1,,f,2,Leonard Patterson,2623,,f,-33.08,-33.87,2,0.020928,0.012787,0.028503,-30.9,-65.73,-68.84,2,0,-0.00415,0.00351,-47.64,-42.61,-48.09,2,0.004462,-0.004181,0.014832,-36.58,-63.79,-68,2,0,-0.002045,0.001984,-53.79,t,https://portal.wildtrax.ca/home/aru-tasks/recording.html?taskId=2622070,https://wildtrax-aru.s3-accelerate.amazonaws.com/6f6369f2-c5cd-4c66-97ae-6319b2cb0b11/e428de2858044d7b8b2e80132337336b.jpg,https://wildtrax-aru.s3-accelerate.amazonaws.com/6f6369f2-c5cd-4c66-97ae-6319b2cb0b11/bc68aa6f369d44afbc9d1632c1383245.flac
CANFOR,Interior Broadleaf Working Group ARU Monitoring 2025 Limited Amplitude Processing,3701,MUS113-NT-C,492655,2025-06-10 05:09:00,2894244,1SPT,2622070,t,UNWO,Unidentified Woodpecker,"",Aves,149.90,180.00,1.64,0.00kHz,1.08kHz,5281068,1,Non-vocal,1,,f,2,Leonard Patterson,2623,,f,-32.91,-34.26,2,0.020768,0.006348,0.035706,-28.95,-32.92,-34.28,3,0.020767,0.008881,0.033386,-29.53,-41,-49.19,2,0.004429,-0.014465,0.021454,-33.37,-41.08,-49.75,2,0.004429,-0.010895,0.019073,-34.39,t,https://portal.wildtrax.ca/home/aru-tasks/recording.html?taskId=2622070,https://wildtrax-aru.s3-accelerate.amazonaws.com/6f6369f2-c5cd-4c66-97ae-6319b2cb0b11/16ea01e34f614e4ab0e56aea78733302.jpg,https://wildtrax-aru.s3-accelerate.amazonaws.com/6f6369f2-c5cd-4c66-97ae-6319b2cb0b11/c3afd5a74e9645409c7f7519b786d547.flac
CANFOR,Interior Broadleaf Working Group ARU Monitoring 2025 Limited Amplitude Processing,3701,MUS113-NT-C,492655,2025-06-10 05:09:00,2894244,1SPT,2622070,t,RUGR,Ruffed Grouse,BONASA UMBELLUS,Aves,154.39,180.00,7.46,0.09kHz,1.02kHz,5281071,1,Non-vocal,1,,f,2,Leonard Patterson,2623,,f,-31.54,-34.36,2,0.020839,-0.012665,0.053101,-25.5,-38.95,-41.88,2,-0.008751,-0.022156,0.005432,-33.09,-35.37,-48.39,2,0.004467,-0.035156,0.033875,-29.08,-42.54,-56.26,3,-0.001876,-0.014587,0.014801,-36.59,t,https://portal.wildtrax.ca/home/aru-tasks/recording.html?taskId=2622070,https://wildtrax-aru.s3-accelerate.amazonaws.com/6f6369f2-c5cd-4c66-97ae-6319b2cb0b11/0b7cff4063114533831c4e5194460ef4.jpg,https://wildtrax-aru.s3-accelerate.amazonaws.com/6f6369f2-c5cd-4c66-97ae-6319b2cb0b11/a5f9dec8f2314569913e254b2e480f3e.flac
CANFOR,Interior Broadleaf Working Group ARU Monitoring 2025 Limited Amplitude Processing,3701,MUS113-NT-C,492655,2025-06-10 05:09:00,2894244,1SPT,2622070,t,OCWA,Orange-crowned Warbler,LEIOTHLYPIS CELATA,Aves,165.29,180.00,1.73,2.82kHz,6.32kHz,5280657,3,Song,1,,f,1,Leonard Patterson,2623,,f,-32.99,-34.2,2,0.020707,0.006836,0.035065,-29.1,-48.21,-63.47,2,0,-0.011719,0.012146,-38.31,-42.3,-50.96,2,0.004381,-0.009674,0.021149,-33.49,-50.97,-63.35,3,0,-0.007446,0.007385,-42.56,t,https://portal.wildtrax.ca/home/aru-tasks/recording.html?taskId=2622070,https://wildtrax-aru.s3-accelerate.amazonaws.com/6f6369f2-c5cd-4c66-97ae-6319b2cb0b11/9956fae1b6004caa821d63a382a42763.jpg,https://wildtrax-aru.s3-accelerate.amazonaws.com/6f6369f2-c5cd-4c66-97ae-6319b2cb0b11/6987e6983c0b4ced91d54e85373aa715.flac
CANFOR,Interior Broadleaf Working Group ARU Monitoring 2025 Limited Amplitude Processing,3701,MUS113-NT-C,492655,2025-06-10 05:09:00,2894244,1SPT,2622070,t,WIWA,Wilson's Warbler,CARDELLINA PUSILLA,Aves,167.04,180.00,1.11,3.64kHz,7.87kHz,5280661,1,Song,1,,f,1,Leonard Patterson,2623,,f,-33.09,-34.15,2,0.020701,0.010468,0.031799,-29.95,-54.42,-63.38,3,0,-0.006226,0.006378,-43.91,-42.39,-48.16,2,0.004397,-0.007477,0.016205,-35.81,-55.3,-63.36,2,0,-0.00589,0.005615,-44.6,t,https://portal.wildtrax.ca/home/aru-tasks/recording.html?taskId=2622070,https://wildtrax-aru.s3-accelerate.amazonaws.com/6f6369f2-c5cd-4c66-97ae-6319b2cb0b11/6bc537123d0f47b5a163f5f5034d3e22.jpg,https://wildtrax-aru.s3-accelerate.amazonaws.com/6f6369f2-c5cd-4c66-97ae-6319b2cb0b11/34df446fd0734e54a502b3db66171a52.flac
CANFOR,Interior Broadleaf Working Group ARU Monitoring 2025 Limited Amplitude Processing,3701,MUS124-FR-C,492656,2025-06-04 05:12:00,2894243,1SPT,2622069,t,WTSP,White-throated Sparrow,ZONOTRICHIA ALBICOLLIS,Aves,1.71,180.00,1.03,2.56kHz,3.39kHz,5280562,1,Song,1,,f,1,Leonard Patterson,2623,,f,-33.16,-35.29,2,0.019169,0.00531,0.031097,-30.15,-50.09,-65.19,4,0,-0.006134,0.006165,-44.2,-46.49,-52.13,2,-0.000856,-0.014191,0.013123,-36.96,-51.53,-65.61,2,0,-0.005341,0.00531,-45.45,t,https://portal.wildtrax.ca/home/aru-tasks/recording.html?taskId=2622069,https://wildtrax-aru.s3-accelerate.amazonaws.com/3faa2392-b049-4bb6-b321-17d4f6dd8423/89826a5c487c4465bda23ccb2cf0c69d.jpg,https://wildtrax-aru.s3-accelerate.amazonaws.com/3faa2392-b049-4bb6-b321-17d4f6dd8423/b12b18af19a046e2b806c06258241a0b.flac
CANFOR,Interior Broadleaf Working Group ARU Monitoring 2025 Limited Amplitude Processing,3701,MUS124-FR-C,492656,2025-06-04 05:12:00,2894243,1SPT,2622069,t,SWTH,Swainson's Thrush,CATHARUS USTULATUS,Aves,2.58,180.00,0.65,1.08kHz,2.88kHz,5280579,1,Song,1,,f,2,Leonard Patterson,2623,,f,-33.23,-34.89,2,0.019337,0.010132,0.030365,-30.35,-60.55,-65.19,2,-0.000002,-0.006317,0.003418,-43.99,-46.69,-52.65,2,-0.000817,-0.013458,0.010498,-37.42,-57.84,-63.24,3,0,-0.004333,0.004395,-47.14,t,https://portal.wildtrax.ca/home/aru-tasks/recording.html?taskId=2622069,https://wildtrax-aru.s3-accelerate.amazonaws.com/3faa2392-b049-4bb6-b321-17d4f6dd8423/408cee5a5c9145d6a2aac54784e02fc0.jpg,https://wildtrax-aru.s3-accelerate.amazonaws.com/3faa2392-b049-4bb6-b321-17d4f6dd8423/07b99f3466a44c819532379790708f7e.flac
CANFOR,Interior Broadleaf Working Group ARU Monitoring 2025 Limited Amplitude Processing,3701,MUS124-FR-C,492656,2025-06-04 05:12:00,2894243,1SPT,2622069,t,AMRE,American Redstart,SETOPHAGA RUTICILLA,Aves,10.08,180.00,0.95,3.91kHz,6.59kHz,5280590,1,Song,1,,f,2,Leonard Patterson,2623,,f,-33.62,-35.04,2,0.019333,0.0112,0.030762,-30.24,-62.6,-67.22,2,0,-0.004211,0.004089,-47.51,-48.79,-53.39,2,-0.000762,-0.010254,0.009613,-39.78,-61.73,-66.38,2,0,-0.00354,0.003662,-48.73,t,https://portal.wildtrax.ca/home/aru-tasks/recording.html?taskId=2622069,https://wildtrax-aru.s3-accelerate.amazonaws.com/3faa2392-b049-4bb6-b321-17d4f6dd8423/57cec613c84842e2a1c023e22f1dc406.jpg,https://wildtrax-aru.s3-accelerate.amazonaws.com/3faa2392-b049-4bb6-b321-17d4f6dd8423/a05843db3caa4110b49dfe64471c11d3.flac
CANFOR,Interior Broadleaf Working Group ARU Monitoring 2025 Limited Amplitude Processing,3701,MUS124-FR-C,492656,2025-06-04 05:12:00,2894243,1SPT,2622069,t,WTSP,White-throated Sparrow,ZONOTRICHIA ALBICOLLIS,Aves,11.84,180.00,3.90,2.83kHz,5.15kHz,5280557,2,Song,1,,f,1,Leonard Patterson,2623,,f,-32.08,-35.28,2,0.019145,-0.014771,0.053925,-25.36,-36.42,-57.75,2,0,-0.03244,0.032593,-29.74,-37.56,-51.13,2,-0.0008,-0.03006,0.031067,-30.15,-37.82,-58.27,2,0,-0.026642,0.026306,-31.49,t,https://portal.wildtrax.ca/home/aru-tasks/recording.html?taskId=2622069,https://wildtrax-aru.s3-accelerate.amazonaws.com/3faa2392-b049-4bb6-b321-17d4f6dd8423/0a3c94a37ba04a23b0791ae36338ae3a.jpg,https://wildtrax-aru.s3-accelerate.amazonaws.com/3faa2392-b049-4bb6-b321-17d4f6dd8423/a314f496b2e44c9798a0203167c5d1de.flac
CANFOR,Interior Broadleaf Working Group ARU Monitoring 2025 Limited Amplitude Processing,3701,MUS124-FR-C,492656,2025-06-04 05:12:00,2894243,1SPT,2622069,t,OCWA,Orange-crowned Warbler,LEIOTHLYPIS CELATA,Aves,20.79,180.00,1.84,3.59kHz,6.73kHz,5280596,1,Song,1,,f,1,Leonard Patterson,2623,,f,-33.32,-35.27,2,0.019086,0.00943,0.030151,-30.41,-54.72,-64.93,2,0,-0.006683,0.006653,-43.5,-46.84,-52.23,2,-0.000881,-0.013397,0.013367,-37.46,-54.85,-63.66,2,0,-0.006989,0.006653,-43.11,t,https://portal.wildtrax.ca/home/aru-tasks/recording.html?taskId=2622069,https://wildtrax-aru.s3-accelerate.amazonaws.com/3faa2392-b049-4bb6-b321-17d4f6dd8423/ed1d17927c3a4342a3abc8b7a3e5eed6.jpg,https://wildtrax-aru.s3-accelerate.amazonaws.com/3faa2392-b049-4bb6-b321-17d4f6dd8423/f84fb4a3924b4750a3bb3c9cfba82153.flac
CANFOR,Interior Broadleaf Working Group ARU Monitoring 2025 Limited Amplitude Processing,3701,MUS124-FR-C,492656,2025-06-04 05:12:00,2894243,1SPT,2622069,t,DUFL,Dusky Flycatcher,EMPIDONAX OBERHOLSERI,Aves,25.50,180.00,0.93,2.77kHz,6.22kHz,5280599,1,Song,1,,f,1,Leonard Patterson,2623,,f,-33.52,-35.21,2,0.018969,0.009155,0.028412,-30.93,-57.91,-64.7,2,0,-0.004822,0.005127,-45.8,-48.75,-52.84,2,-0.000781,-0.01123,0.007965,-38.99,-59.61,-64.09,2,0,-0.003845,0.003815,-48.3,t,https://portal.wildtrax.ca/home/aru-tasks/recording.html?taskId=2622069,https://wildtrax-aru.s3-accelerate.amazonaws.com/3faa2392-b049-4bb6-b321-17d4f6dd8423/8e3e2cce0e9d42208829c8df6cceef72.jpg,https://wildtrax-aru.s3-accelerate.amazonaws.com/3faa2392-b049-4bb6-b321-17d4f6dd8423/5193820e8d6e4d3ea37df487ad38fd30.flac
CANFOR,Interior Broadleaf Working Group ARU Monitoring 2025 Limited Amplitude Processing,3701,MUS124-FR-C,492656,2025-06-04 05:12:00,2894243,1SPT,2622069,t,PAWA,Palm Warbler,SETOPHAGA PALMARUM,Aves,35.05,180.00,1.24,3.80kHz,5.50kHz,5280600,1,Song,1,,f,1,Leonard Patterson,2623,,f,-33.5,-35.42,2,0.019265,0.009338,0.029846,-30.5,-62.2,-66.5,2,0,-0.00293,0.002869,-50.66,-48.78,-52.89,2,-0.000694,-0.011078,0.009766,-39.11,-63.2,-66.26,2,0,-0.002777,0.002838,-50.94,t,https://portal.wildtrax.ca/home/aru-tasks/recording.html?taskId=2622069,https://wildtrax-aru.s3-accelerate.amazonaws.com/3faa2392-b049-4bb6-b321-17d4f6dd8423/d3a629ca18da4daf9d242a8e1abe922a.jpg,https://wildtrax-aru.s3-accelerate.amazonaws.com/3faa2392-b049-4bb6-b321-17d4f6dd8423/b35288115f414fe693d7621f65d7afd1.flac
CANFOR,Interior Broadleaf Working Group ARU Monitoring 2025 Limited Amplitude Processing,3701,MUS124-FR-C,492656,2025-06-04 05:12:00,2894243,1SPT,2622069,t,HETH,Hermit Thrush,CATHARUS GUTTATUS,Aves,38.63,180.00,0.83,1.18kHz,4.27kHz,5280601,1,Song,1,,f,2,Leonard Patterson,2623,,f,-33.56,-34.95,2,0.019199,0.010956,0.027374,-31.25,-62.49,-65.44,2,-0.000002,-0.008392,0.002625,-41.52,-47.5,-53.06,2,-0.000825,-0.012421,0.009766,-38.12,-59.89,-63.51,2,0,-0.003815,0.003357,-48.37,t,https://portal.wildtrax.ca/home/aru-tasks/recording.html?taskId=2622069,https://wildtrax-aru.s3-accelerate.amazonaws.com/3faa2392-b049-4bb6-b321-17d4f6dd8423/19bdf1be30ae46a9bc04f0534fa1ad9a.jpg,https://wildtrax-aru.s3-accelerate.amazonaws.com/3faa2392-b049-4bb6-b321-17d4f6dd8423/70384a21512f42818e0ac997c4899e28.flac
CANFOR,Interior Broadleaf Working Group ARU Monitoring 2025 Limited Amplitude Processing,3701,MUS124-FR-C,492656,2025-06-04 05:12:00,2894243,1SPT,2622069,t,RUGR,Ruffed Grouse,BONASA UMBELLUS,Aves,57.55,180.00,6.03,0.09kHz,0.97kHz,5280604,1,Non-vocal,1,,f,2,Leonard Patterson,2623,,f,-31.95,-35.45,2,0.019294,-0.026703,0.053589,-25.42,-40.51,-43,3,-0.008103,-0.017456,0.001495,-35.16,-35.48,-52.88,2,-0.000754,-0.038208,0.036682,-28.36,-49.44,-59.07,4,0.000317,-0.007904,0.011261,-38.97,t,https://portal.wildtrax.ca/home/aru-tasks/recording.html?taskId=2622069,https://wildtrax-aru.s3-accelerate.amazonaws.com/3faa2392-b049-4bb6-b321-17d4f6dd8423/9fc48f5fad434b41b674e43c671d83b5.jpg,https://wildtrax-aru.s3-accelerate.amazonaws.com/3faa2392-b049-4bb6-b321-17d4f6dd8423/a580ff82c78841d3b16108274eebcc7b.flac
CANFOR,Interior Broadleaf Working Group ARU Monitoring 2025 Limited Amplitude Processing,3701,MUS124-FR-C,492656,2025-06-04 05:12:00,2894243,1SPT,2622069,t,WTSP,White-throated Sparrow,ZONOTRICHIA ALBICOLLIS,Aves,58.22,180.00,1.51,2.72kHz,3.49kHz,5280571,3,Song,1,,f,2,Leonard Patterson,2623,,f,-31.95,-34.35,2,0.019184,-0.026703,0.053589,-25.42,-66.24,-71.61,2,0,-0.003265,0.003174,-49.72,-35.48,-45.19,2,-0.000746,-0.035034,0.036682,-28.71,-65.15,-70.88,2,0,-0.001648,0.001648,-55.66,t,https://portal.wildtrax.ca/home/aru-tasks/recording.html?taskId=2622069,https://wildtrax-aru.s3-accelerate.amazonaws.com/3faa2392-b049-4bb6-b321-17d4f6dd8423/c3fda8bab5a64e568a87f150a563c4d7.jpg,https://wildtrax-aru.s3-accelerate.amazonaws.com/3faa2392-b049-4bb6-b321-17d4f6dd8423/c98cbed016d542238cb441b998ad1db4.flac
CANFOR,Interior Broadleaf Working Group ARU Monitoring 2025 Limited Amplitude Processing,3701,MUS124-FR-C,492656,2025-06-04 05:12:00,2894243,1SPT,2622069,t,OCWA,Orange-crowned Warbler,LEIOTHLYPIS CELATA,Aves,73.88,180.00,1.33,4.57kHz,5.60kHz,5280610,2,Song,1,,f,1,Leonard Patterson,2623,,f,-33.51,-35.15,2,0.019167,0.003296,0.032623,-29.73,-63.57,-71.5,2,0,-0.00354,0.003448,-49.02,-43.3,-51.51,2,-0.000904,-0.019531,0.017731,-34.19,-64.96,-70.15,2,0,-0.002869,0.003082,-50.22,t,https://portal.wildtrax.ca/home/aru-tasks/recording.html?taskId=2622069,https://wildtrax-aru.s3-accelerate.amazonaws.com/3faa2392-b049-4bb6-b321-17d4f6dd8423/9b686059815b4d1f9493eab6995991f2.jpg,https://wildtrax-aru.s3-accelerate.amazonaws.com/3faa2392-b049-4bb6-b321-17d4f6dd8423/2a6cde3d5c5047fe94e3b41675491c21.flac
CANFOR,Interior Broadleaf Working Group ARU Monitoring 2025 Limited Amplitude Processing,3701,MUS124-FR-C,492656,2025-06-04 05:12:00,2894243,1SPT,2622069,t,DUFL,Dusky Flycatcher,EMPIDONAX OBERHOLSERI,Aves,106.72,180.00,0.33,3.70kHz,5.76kHz,5280619,2,Song,1,,f,1,Leonard Patterson,2623,,f,-34.07,-35.32,2,0.018528,0.008759,0.02832,-30.96,-62.92,-64.76,2,-0.000001,-0.003387,0.002747,-49.4,-47.19,-50.79,2,-0.00126,-0.012482,0.013275,-37.54,-64.33,-65,2,0,-0.002411,0.00235,-52.36,t,https://portal.wildtrax.ca/home/aru-tasks/recording.html?taskId=2622069,https://wildtrax-aru.s3-accelerate.amazonaws.com/3faa2392-b049-4bb6-b321-17d4f6dd8423/dcefb32ffa9b4764ac9b4cafd8fa397b.jpg,https://wildtrax-aru.s3-accelerate.amazonaws.com/3faa2392-b049-4bb6-b321-17d4f6dd8423/1a1104aa5180452097b146425fd3767b.flac
CANFOR,Interior Broadleaf Working Group ARU Monitoring 2025 Limited Amplitude Processing,3701,MUS124-FR-C,492656,2025-06-04 05:12:00,2894243,1SPT,2622069,t,LISP,Lincoln's Sparrow,MELOSPIZA LINCOLNII,Aves,120.52,180.00,0.95,1.80kHz,3.81kHz,5280631,1,Song,1,,f,2,Leonard Patterson,2623,,f,-33.08,-35.38,2,0.019167,0.007843,0.035889,-28.9,-58.42,-63.8,2,-0.000001,-0.005096,0.004028,-45.85,-44.64,-50.61,2,-0.000783,-0.014008,0.016724,-35.53,-56.25,-62.81,2,0,-0.00766,0.00766,-42.32,t,https://portal.wildtrax.ca/home/aru-tasks/recording.html?taskId=2622069,https://wildtrax-aru.s3-accelerate.amazonaws.com/3faa2392-b049-4bb6-b321-17d4f6dd8423/61342442c66f4a7aa890be8f5facb3df.jpg,https://wildtrax-aru.s3-accelerate.amazonaws.com/3faa2392-b049-4bb6-b321-17d4f6dd8423/ef3be94ac2b24efebeb82f82601825b8.flac
CANFOR,Interior Broadleaf Working Group ARU Monitoring 2025 Limited Amplitude Processing,3701,MUS124-FR-C,492656,2025-06-04 05:12:00,2894243,1SPT,2622069,t,WAVI,Warbling Vireo,VIREO GILVUS,Aves,131.93,180.00,1.81,2.10kHz,6.01kHz,5280566,1,Song,1,,f,1,Leonard Patterson,2623,,f,-32.8,-35.52,2,0.019295,0.000305,0.035828,-28.92,-52.43,-61.38,2,0,-0.007172,0.006805,-42.89,-44.64,-50.41,2,-0.000897,-0.016418,0.016144,-35.69,-52.11,-60.01,2,0,-0.007538,0.007538,-42.46,t,https://portal.wildtrax.ca/home/aru-tasks/recording.html?taskId=2622069,https://wildtrax-aru.s3-accelerate.amazonaws.com/3faa2392-b049-4bb6-b321-17d4f6dd8423/23a00ff944484552b80932f9f534466f.jpg,https://wildtrax-aru.s3-accelerate.amazonaws.com/3faa2392-b049-4bb6-b321-17d4f6dd8423/cd211c1a4aeb48c5a8f9374ee5f11495.flac
CANFOR,Interior Broadleaf Working Group ARU Monitoring 2025 Limited Amplitude Processing,3701,MUS124-FR-C,492656,2025-06-04 05:12:00,2894243,1SPT,2622069,t,WAVI,Warbling Vireo,VIREO GILVUS,Aves,134.04,180.00,1.36,2.10kHz,6.22kHz,5280569,2,Song,1,,f,1,Leonard Patterson,2623,,f,-32.63,-35.61,2,0.01924,0.002991,0.033783,-29.43,-51.36,-60.53,2,0,-0.007996,0.008484,-41.43,-45.42,-51.66,2,-0.00089,-0.018921,0.015198,-34.46,-52.89,-60.59,2,0,-0.007263,0.0065,-42.78,t,https://portal.wildtrax.ca/home/aru-tasks/recording.html?taskId=2622069,https://wildtrax-aru.s3-accelerate.amazonaws.com/3faa2392-b049-4bb6-b321-17d4f6dd8423/eecbcd6ef0bb4dd09912f443dbb8502d.jpg,https://wildtrax-aru.s3-accelerate.amazonaws.com/3faa2392-b049-4bb6-b321-17d4f6dd8423/d405546439854c0a91e9ece971896200.flac
CANFOR,Interior Broadleaf Working Group ARU Monitoring 2025 Limited Amplitude Processing,3701,MUS124-FR-C,492656,2025-06-04 05:12:00,2894243,1SPT,2622069,t,MGWA,MacGillivray's Warbler,GEOTHLYPIS TOLMIEI,Aves,156.43,180.00,0.98,2.41kHz,7.15kHz,5280575,1,Song,1,,f,1,Leonard Patterson,2623,,f,-33.22,-35,2,0.019034,0.002777,0.034882,-29.15,-44.94,-58.11,2,-0.000001,-0.01532,0.014954,-36.29,-44.52,-51.37,2,-0.000966,-0.018829,0.015472,-34.5,-48.48,-57.75,2,0,-0.011261,0.011597,-38.71,t,https://portal.wildtrax.ca/home/aru-tasks/recording.html?taskId=2622069,https://wildtrax-aru.s3-accelerate.amazonaws.com/3faa2392-b049-4bb6-b321-17d4f6dd8423/2801c690089246a195423428a37cfa64.jpg,https://wildtrax-aru.s3-accelerate.amazonaws.com/3faa2392-b049-4bb6-b321-17d4f6dd8423/c2c4c1deb3fa424d98c1f3ad918ddf1a.flac
CANFOR,Interior Broadleaf Working Group ARU Monitoring 2025 Limited Amplitude Processing,3701,MUS124-FR-C,492656,2025-06-04 05:12:00,2894243,1SPT,2622069,t,DEJU,Dark-eyed Junco,JUNCO HYEMALIS,Aves,157.63,180.00,1.56,4.42kHz,5.60kHz,5280642,1,Song,1,,f,2,Leonard Patterson,2623,,f,-33.46,-35.46,2,0.019144,0.008881,0.029938,-30.48,-60.73,-65.44,2,0,-0.003754,0.003754,-48.51,-46.55,-51.76,2,-0.00092,-0.013672,0.011139,-37.28,-60.03,-65.28,2,0,-0.004089,0.003967,-47.77,t,https://portal.wildtrax.ca/home/aru-tasks/recording.html?taskId=2622069,https://wildtrax-aru.s3-accelerate.amazonaws.com/3faa2392-b049-4bb6-b321-17d4f6dd8423/bd0c730579914c29860734432cc82caa.jpg,https://wildtrax-aru.s3-accelerate.amazonaws.com/3faa2392-b049-4bb6-b321-17d4f6dd8423/ef31fb6367f94f2ba9e4ee2bb3bbf1a1.flac
CANFOR,Interior Broadleaf Working Group ARU Monitoring 2025 Limited Amplitude Processing,3701,MUS124-FR-C,492656,2025-06-07 05:10:00,2894245,1SPT,2622071,t,OCWA,Orange-crowned Warbler,LEIOTHLYPIS CELATA,Aves,4.78,180.00,1.08,3.54kHz,5.29kHz,5281772,1,Song,1,,f,2,Leonard Patterson,2623,,f,-33.05,-34.95,2,0.0194,0.00531,0.031006,-30.17,-64.76,-67.78,2,0,-0.002991,0.002777,-50.48,-45.33,-52,2,-0.000535,-0.015381,0.01123,-36.26,-64.25,-67.83,2,0,-0.00238,0.002319,-52.47,t,https://portal.wildtrax.ca/home/aru-tasks/recording.html?taskId=2622071,https://wildtrax-aru.s3-accelerate.amazonaws.com/eddbadce-e578-4fee-9871-b2d9ff319adb/d3a597a7a5664a94a11dd7275910be9b.jpg,https://wildtrax-aru.s3-accelerate.amazonaws.com/eddbadce-e578-4fee-9871-b2d9ff319adb/c29638cc752f49a08c381a527b048f76.flac
CANFOR,Interior Broadleaf Working Group ARU Monitoring 2025 Limited Amplitude Processing,3701,MUS124-FR-C,492656,2025-06-07 05:10:00,2894245,1SPT,2622071,t,UNBI,Unidentified bird,"",Aves,9.67,180.00,0.84,0.98kHz,4.53kHz,5281781,1,Song,1,,f,2,Leonard Patterson,2623,,f,-33.4,-34.84,2,0.01939,0.009277,0.029022,-30.75,-61.49,-64.81,2,-0.000002,-0.011658,0.002991,-38.67,-48.47,-53.39,2,-0.000505,-0.010193,0.01004,-39.83,-58.54,-63.22,2,-0.000001,-0.0047,0.003937,-46.56,t,https://portal.wildtrax.ca/home/aru-tasks/recording.html?taskId=2622071,https://wildtrax-aru.s3-accelerate.amazonaws.com/eddbadce-e578-4fee-9871-b2d9ff319adb/3cef8feb9eba4e7f8646c5ee621c0c10.jpg,https://wildtrax-aru.s3-accelerate.amazonaws.com/eddbadce-e578-4fee-9871-b2d9ff319adb/b659978e9a9041729497d0c4c27ce17e.flac
CANFOR,Interior Broadleaf Working Group ARU Monitoring 2025 Limited Amplitude Processing,3701,MUS124-FR-C,492656,2025-06-07 05:10:00,2894245,1SPT,2622071,t,HETH,Hermit Thrush,CATHARUS GUTTATUS,Aves,18.15,180.00,0.86,1.39kHz,4.17kHz,5281774,1,Song,1,,f,1,Leonard Patterson,2623,,f,-33.08,-35.37,2,0.019366,0.00882,0.03183,-29.94,-60.26,-66.05,2,-0.000001,-0.009094,0.003357,-40.82,-47.33,-54.18,2,-0.000592,-0.012085,0.013428,-37.44,-59.31,-64.46,2,0,-0.003906,0.003571,-48.16,t,https://portal.wildtrax.ca/home/aru-tasks/recording.html?taskId=2622071,https://wildtrax-aru.s3-accelerate.amazonaws.com/eddbadce-e578-4fee-9871-b2d9ff319adb/828d74c076324df8831bcfb75d25cbdb.jpg,https://wildtrax-aru.s3-accelerate.amazonaws.com/eddbadce-e578-4fee-9871-b2d9ff319adb/3c45daa9da984b26888ca5a4f76a43f9.flac
CANFOR,Interior Broadleaf Working Group ARU Monitoring 2025 Limited Amplitude Processing,3701,MUS124-FR-C,492656,2025-06-07 05:10:00,2894245,1SPT,2622071,t,RCKI,Ruby-crowned Kinglet,CORTHYLIO CALENDULA,Aves,67.37,180.00,1.56,1.89kHz,3.90kHz,5281777,1,Song,1,,f,1,Leonard Patterson,2623,,f,-33.01,-35.05,2,0.019433,0.006622,0.030029,-30.45,-65.05,-68.14,2,0,-0.004028,0.002594,-47.9,-47.32,-53.65,2,-0.000616,-0.012115,0.010529,-38.33,-64.36,-67.27,2,0,-0.002411,0.002197,-52.36,t,https://portal.wildtrax.ca/home/aru-tasks/recording.html?taskId=2622071,https://wildtrax-aru.s3-accelerate.amazonaws.com/eddbadce-e578-4fee-9871-b2d9ff319adb/f9fded59e9ac4dcd954d5b23a660a644.jpg,https://wildtrax-aru.s3-accelerate.amazonaws.com/eddbadce-e578-4fee-9871-b2d9ff319adb/28e31a5776654a0683e6dc98be7d43f5.flac
CANFOR,Interior Broadleaf Working Group ARU Monitoring 2025 Limited Amplitude Processing,3701,MUS124-FR-C,492656,2025-06-07 05:10:00,2894245,1SPT,2622071,t,RBNU,Red-breasted Nuthatch,SITTA CANADENSIS,Aves,69.70,180.00,1.75,1.55kHz,3.66kHz,5281097,1,Song,1,,f,1,Leonard Patterson,2623,,f,-33.11,-34.97,2,0.019244,0.008362,0.029419,-30.63,-63.57,-67.75,2,0,-0.004852,0.002655,-46.28,-46.21,-54.19,2,-0.000657,-0.011444,0.010101,-38.83,-63.04,-66.47,2,0,-0.002411,0.002411,-52.36,t,https://portal.wildtrax.ca/home/aru-tasks/recording.html?taskId=2622071,https://wildtrax-aru.s3-accelerate.amazonaws.com/eddbadce-e578-4fee-9871-b2d9ff319adb/95eae4e5739148b2b1a3a6820fbdbdc6.jpg,https://wildtrax-aru.s3-accelerate.amazonaws.com/eddbadce-e578-4fee-9871-b2d9ff319adb/e3cf33deff824bbba6b3780a54f7cbe0.flac
CANFOR,Interior Broadleaf Working Group ARU Monitoring 2025 Limited Amplitude Processing,3701,MUS124-FR-C,492656,2025-06-07 05:10:00,2894245,1SPT,2622071,t,SWTH,Swainson's Thrush,CATHARUS USTULATUS,Aves,93.89,180.00,1.05,0.98kHz,5.20kHz,5281094,1,Song,1,,f,1,Leonard Patterson,2623,,f,-33.45,-34.88,2,0.019378,0.008514,0.027863,-31.1,-55.28,-63.78,2,-0.000002,-0.009277,0.00528,-40.65,-49.57,-54.57,2,-0.000669,-0.009705,0.009033,-40.26,-55.8,-62.73,2,0,-0.00528,0.005371,-45.4,t,https://portal.wildtrax.ca/home/aru-tasks/recording.html?taskId=2622071,https://wildtrax-aru.s3-accelerate.amazonaws.com/eddbadce-e578-4fee-9871-b2d9ff319adb/89a4a3fb6dcf4ada8bcd270473005623.jpg,https://wildtrax-aru.s3-accelerate.amazonaws.com/eddbadce-e578-4fee-9871-b2d9ff319adb/6fa10f48471f4e60b3c1a819fec4cbdb.flac
CANFOR,Interior Broadleaf Working Group ARU Monitoring 2025 Limited Amplitude Processing,3701,MUS124-FR-C,492656,2025-06-07 05:10:00,2894245,1SPT,2622071,t,HETH,Hermit Thrush,CATHARUS GUTTATUS,Aves,95.27,180.00,1.45,0.62kHz,5.67kHz,5281095,2,Song,1,,f,2,Leonard Patterson,2623,,f,-33.29,-35.59,2,0.019284,0.009552,0.030884,-30.21,-57.68,-63.33,2,-0.000002,-0.01004,0.003937,-39.97,-49.42,-54.44,2,-0.000685,-0.00946,0.009247,-40.48,-54.14,-61.99,2,0,-0.005219,0.004974,-45.65,t,https://portal.wildtrax.ca/home/aru-tasks/recording.html?taskId=2622071,https://wildtrax-aru.s3-accelerate.amazonaws.com/eddbadce-e578-4fee-9871-b2d9ff319adb/aa50dd1b890b4b62a52950782471b12c.jpg,https://wildtrax-aru.s3-accelerate.amazonaws.com/eddbadce-e578-4fee-9871-b2d9ff319adb/619cff3b0e204f8796e72b2729836409.flac
CANFOR,Interior Broadleaf Working Group ARU Monitoring 2025 Limited Amplitude Processing,3701,MUS124-FR-C,492656,2025-06-07 05:10:00,2894245,1SPT,2622071,t,OCWA,Orange-crowned Warbler,LEIOTHLYPIS CELATA,Aves,111.93,180.00,1.43,3.35kHz,6.28kHz,5281099,2,Song,1,,f,2,Leonard Patterson,2623,,f,-32.82,-35.11,2,0.019379,0.00766,0.031097,-30.15,-63.8,-66.98,2,0,-0.004181,0.002869,-47.57,-46.29,-53.61,2,-0.000831,-0.012207,0.01062,-38.27,-62.58,-66.04,2,0,-0.002625,0.002808,-51.03,t,https://portal.wildtrax.ca/home/aru-tasks/recording.html?taskId=2622071,https://wildtrax-aru.s3-accelerate.amazonaws.com/eddbadce-e578-4fee-9871-b2d9ff319adb/abe66de6762b407da45c6039d0023ad2.jpg,https://wildtrax-aru.s3-accelerate.amazonaws.com/eddbadce-e578-4fee-9871-b2d9ff319adb/09c036d060ff4e86a8f59283340fd03a.flac
CANFOR,Interior Broadleaf Working Group ARU Monitoring 2025 Limited Amplitude Processing,3701,MUS124-FR-C,492656,2025-06-07 05:10:00,2894245,1SPT,2622071,t,WETA,Western Tanager,PIRANGA LUDOVICIANA,Aves,118.81,180.00,1.84,1.08kHz,4.07kHz,5281091,1,Song,1,,f,2,Leonard Patterson,2623,,f,-33.05,-35.14,2,0.019308,0.010193,0.029083,-30.73,-60.68,-65.99,2,-0.000001,-0.006439,0.003418,-43.82,-47.53,-54.52,2,-0.000803,-0.010773,0.009338,-39.35,-55.8,-64.82,2,0,-0.005554,0.005829,-44.69,t,https://portal.wildtrax.ca/home/aru-tasks/recording.html?taskId=2622071,https://wildtrax-aru.s3-accelerate.amazonaws.com/eddbadce-e578-4fee-9871-b2d9ff319adb/0d02e0e6a1e14f0a90e1aaf4c58b7946.jpg,https://wildtrax-aru.s3-accelerate.amazonaws.com/eddbadce-e578-4fee-9871-b2d9ff319adb/c9020944d83e4301ab5148ac1c29cb21.flac
CANFOR,Interior Broadleaf Working Group ARU Monitoring 2025 Limited Amplitude Processing,3701,MUS124-FR-C,492656,2025-06-07 05:10:00,2894245,1SPT,2622071,t,RUGR,Ruffed Grouse,BONASA UMBELLUS,Aves,137.63,180.00,6.84,0.09kHz,0.91kHz,5281779,1,Non-vocal,1,,f,2,Leonard Patterson,2623,,f,-32.84,-35.49,2,0.019353,-0.003387,0.038422,-28.31,-40.38,-43.03,2,-0.008127,-0.015594,-0.000214,-36.14,-43.89,-54.74,2,-0.000756,-0.025635,0.018494,-31.82,-51.11,-62.22,6,0.000318,-0.005859,0.007721,-42.25,t,https://portal.wildtrax.ca/home/aru-tasks/recording.html?taskId=2622071,https://wildtrax-aru.s3-accelerate.amazonaws.com/eddbadce-e578-4fee-9871-b2d9ff319adb/a806aaa8936549a28ccac924b80f28ff.jpg,https://wildtrax-aru.s3-accelerate.amazonaws.com/eddbadce-e578-4fee-9871-b2d9ff319adb/dbf45769e9a242aa8d83c381b82baf64.flac
CANFOR,Interior Broadleaf Working Group ARU Monitoring 2025 Limited Amplitude Processing,3701,MUS124-FR-C,492656,2025-06-07 05:10:00,2894245,1SPT,2622071,t,YRWA,Yellow-rumped Warbler,SETOPHAGA CORONATA,Aves,137.70,180.00,1.25,2.92kHz,5.04kHz,5281778,1,Song,1,,f,1,Leonard Patterson,2623,,f,-32.85,-35.36,2,0.019242,0.000092,0.032257,-29.83,-65.02,-67.84,2,0,-0.003235,0.002502,-49.8,-44.77,-53.6,2,-0.000708,-0.016693,0.011902,-35.55,-64.96,-67.25,2,0,-0.002167,0.002167,-53.28,t,https://portal.wildtrax.ca/home/aru-tasks/recording.html?taskId=2622071,https://wildtrax-aru.s3-accelerate.amazonaws.com/eddbadce-e578-4fee-9871-b2d9ff319adb/4394fe3d72524a55b0bc44623f28c48f.jpg,https://wildtrax-aru.s3-accelerate.amazonaws.com/eddbadce-e578-4fee-9871-b2d9ff319adb/dddd01a7ae6a4f098a710e84972e24c3.flac
CANFOR,Interior Broadleaf Working Group ARU Monitoring 2025 Limited Amplitude Processing,3701,MUS124-FR-C,492656,2025-06-07 05:10:00,2894245,1SPT,2622071,t,MGWA,MacGillivray's Warbler,GEOTHLYPIS TOLMIEI,Aves,155.06,180.00,1.66,2.05kHz,6.84kHz,5281088,1,Song,1,,f,2,Leonard Patterson,2623,,f,-33.31,-35.41,2,0.019288,0.008057,0.031372,-30.07,-52.2,-64.32,2,0,-0.007324,0.007172,-42.7,-47.83,-53.18,2,-0.000748,-0.013947,0.011871,-37.11,-50.72,-63.3,2,0,-0.008423,0.009125,-40.8,t,https://portal.wildtrax.ca/home/aru-tasks/recording.html?taskId=2622071,https://wildtrax-aru.s3-accelerate.amazonaws.com/eddbadce-e578-4fee-9871-b2d9ff319adb/d4fd3403138a4a22ba867c10dbca5b82.jpg,https://wildtrax-aru.s3-accelerate.amazonaws.com/eddbadce-e578-4fee-9871-b2d9ff319adb/61c358e3d6824e33a16db01e3417c899.flac
CANFOR,Interior Broadleaf Working Group ARU Monitoring 2025 Limited Amplitude Processing,3701,MUS124-FR-C,492656,2025-06-07 05:10:00,2894245,1SPT,2622071,t,DEJU,Dark-eyed Junco,JUNCO HYEMALIS,Aves,157.73,180.00,1.58,3.34kHz,6.07kHz,5281089,1,Song,1,,f,1,Leonard Patterson,2623,,f,-33.18,-35.09,2,0.019248,0.006897,0.032562,-29.75,-54.66,-64.05,2,0,-0.005829,0.006348,-43.95,-48.45,-54.74,2,-0.000666,-0.012146,0.009125,-38.31,-58.07,-65.36,2,0,-0.004303,0.00415,-47.32,t,https://portal.wildtrax.ca/home/aru-tasks/recording.html?taskId=2622071,https://wildtrax-aru.s3-accelerate.amazonaws.com/eddbadce-e578-4fee-9871-b2d9ff319adb/4c859bfedafc4d50b8cc0bcd7c846566.jpg,https://wildtrax-aru.s3-accelerate.amazonaws.com/eddbadce-e578-4fee-9871-b2d9ff319adb/45ac21e4ebdb40d3a708e1784ba5d353.flac
CANFOR,Interior Broadleaf Working Group ARU Monitoring 2025 Limited Amplitude Processing,3701,MUS124-FR-C,492656,2025-06-07 05:10:00,2894245,1SPT,2622071,t,WTSP,White-throated Sparrow,ZONOTRICHIA ALBICOLLIS,Aves,165.25,180.00,2.05,2.77kHz,3.59kHz,5281780,1,Song,1,,f,1,Leonard Patterson,2623,,f,-33.22,-35.08,2,0.01941,0.009491,0.030823,-30.22,-67.37,-72.15,2,0,-0.001923,0.001862,-54.32,-49.03,-54.07,2,-0.000749,-0.010742,0.009125,-39.38,-69.33,-72.24,3,0,-0.001251,0.001221,-58.05,t,https://portal.wildtrax.ca/home/aru-tasks/recording.html?taskId=2622071,https://wildtrax-aru.s3-accelerate.amazonaws.com/eddbadce-e578-4fee-9871-b2d9ff319adb/71f8ccf68ae84fb4acac3adeff787014.jpg,https://wildtrax-aru.s3-accelerate.amazonaws.com/eddbadce-e578-4fee-9871-b2d9ff319adb/9d583f9c88bf4f94905521e24f99f4de.flac
CANFOR,Interior Broadleaf Working Group ARU Monitoring 2025 Limited Amplitude Processing,3701,MUS124-FR-C,492656,2025-06-07 05:10:00,2894245,1SPT,2622071,t,WTSP,White-throated Sparrow,ZONOTRICHIA ALBICOLLIS,Aves,173.34,180.00,3.20,2.78kHz,4.58kHz,5281100,2,Song,1,,f,1,Leonard Patterson,2623,,f,-32.82,-35.58,2,0.019444,0.0047,0.033295,-29.55,-53.25,-67.75,2,0,-0.005066,0.005127,-45.8,-46.34,-53.38,2,-0.000671,-0.013153,0.012085,-37.62,-54.48,-66.89,2,0,-0.004974,0.004761,-46.07,t,https://portal.wildtrax.ca/home/aru-tasks/recording.html?taskId=2622071,https://wildtrax-aru.s3-accelerate.amazonaws.com/eddbadce-e578-4fee-9871-b2d9ff319adb/dbbeeb46185c4561b812fde19027ae86.jpg,https://wildtrax-aru.s3-accelerate.amazonaws.com/eddbadce-e578-4fee-9871-b2d9ff319adb/8d4bc21418d14cf2842076d474bb8d7d.flac
CANFOR,Interior Broadleaf Working Group ARU Monitoring 2025 Limited Amplitude Processing,3701,MUS124-FR-C,492656,2025-06-10 05:09:00,2894246,1SPT,2622072,t,WEWP,Western Wood-Pewee,CONTOPUS SORDIDULUS,Aves,7.13,180.00,0.74,3.13kHz,4.88kHz,5281782,1,Song,1,,f,1,Leonard Patterson,2623,,f,-33.48,-35.05,2,0.01913,0.00946,0.027802,-31.12,-57.4,-66.77,2,0,-0.003723,0.003693,-48.58,-50.12,-53.86,2,-0.000719,-0.010223,0.009247,-39.81,-57.39,-66.75,2,0,-0.003876,0.003845,-48.23,t,https://portal.wildtrax.ca/home/aru-tasks/recording.html?taskId=2622072,https://wildtrax-aru.s3-accelerate.amazonaws.com/0d7c548b-b527-4aa7-8497-d3a4c30017d9/81ba26300234448b8a0cdbb97b0b7a00.jpg,https://wildtrax-aru.s3-accelerate.amazonaws.com/0d7c548b-b527-4aa7-8497-d3a4c30017d9/5ebb720dd1ea496b9ddcdddd8765ffc8.flac
CANFOR,Interior Broadleaf Working Group ARU Monitoring 2025 Limited Amplitude Processing,3701,MUS124-FR-C,492656,2025-06-10 05:09:00,2894246,1SPT,2622072,t,WAVI,Warbling Vireo,VIREO GILVUS,Aves,13.45,180.00,1.31,1.89kHz,6.07kHz,5281788,1,Song,1,,f,2,Leonard Patterson,2623,,f,-33.66,-34.73,2,0.019196,0.010468,0.02832,-30.96,-56.1,-64.33,2,-0.000001,-0.006714,0.00589,-43.46,-49.53,-53.53,3,-0.000694,-0.009827,0.009583,-40.15,-54.69,-63.42,2,0,-0.007812,0.007324,-42.14,t,https://portal.wildtrax.ca/home/aru-tasks/recording.html?taskId=2622072,https://wildtrax-aru.s3-accelerate.amazonaws.com/0d7c548b-b527-4aa7-8497-d3a4c30017d9/b2d5d91cfec24a5e915b3e1c861fe22d.jpg,https://wildtrax-aru.s3-accelerate.amazonaws.com/0d7c548b-b527-4aa7-8497-d3a4c30017d9/a43beadfca184510a5dd77b9c5eced9a.flac
CANFOR,Interior Broadleaf Working Group ARU Monitoring 2025 Limited Amplitude Processing,3701,MUS124-FR-C,492656,2025-06-10 05:09:00,2894246,1SPT,2622072,t,UNWO,Unidentified Woodpecker,"",Aves,34.37,180.00,1.34,0.00kHz,0.88kHz,5281789,1,Non-vocal,1,,f,2,Leonard Patterson,2623,,f,-33.51,-34.92,2,0.019313,0.011688,0.027863,-31.1,-33.52,-34.94,2,0.019312,0.009125,0.024902,-32.08,-48.52,-54.63,2,-0.000669,-0.011139,0.009857,-39.06,-49.42,-57.44,9,-0.000669,-0.007996,0.005768,-41.94,t,https://portal.wildtrax.ca/home/aru-tasks/recording.html?taskId=2622072,https://wildtrax-aru.s3-accelerate.amazonaws.com/0d7c548b-b527-4aa7-8497-d3a4c30017d9/c8cfb1268ab8402d870a41849113a7eb.jpg,https://wildtrax-aru.s3-accelerate.amazonaws.com/0d7c548b-b527-4aa7-8497-d3a4c30017d9/181767ad87874d7287461f1630eed791.flac
CANFOR,Interior Broadleaf Working Group ARU Monitoring 2025 Limited Amplitude Processing,3701,MUS124-FR-C,492656,2025-06-10 05:09:00,2894246,1SPT,2622072,t,WTSP,White-throated Sparrow,ZONOTRICHIA ALBICOLLIS,Aves,39.00,180.00,1.58,3.23kHz,3.80kHz,5281787,1,Song,1,,f,1,Leonard Patterson,2623,,f,-33.69,-34.81,2,0.019406,0.011169,0.026794,-31.44,-67.47,-75.35,2,0,-0.001282,0.001312,-57.64,-51.26,-54.86,2,-0.000652,-0.009399,0.00824,-40.54,-66.19,-73.45,2,0,-0.001404,0.001434,-56.87,t,https://portal.wildtrax.ca/home/aru-tasks/recording.html?taskId=2622072,https://wildtrax-aru.s3-accelerate.amazonaws.com/0d7c548b-b527-4aa7-8497-d3a4c30017d9/d4c37ca3b7e84ddb9f7cbeab28ad76d9.jpg,https://wildtrax-aru.s3-accelerate.amazonaws.com/0d7c548b-b527-4aa7-8497-d3a4c30017d9/6a545135be5c4727905eeb76e8053fa6.flac
CANFOR,Interior Broadleaf Working Group ARU Monitoring 2025 Limited Amplitude Processing,3701,MUS124-FR-C,492656,2025-06-10 05:09:00,2894246,1SPT,2622072,t,WETA,Western Tanager,PIRANGA LUDOVICIANA,Aves,41.54,180.00,1.79,1.60kHz,3.30kHz,5281790,1,Song,1,,f,2,Leonard Patterson,2623,,f,-33.49,-34.83,2,0.019336,-0.000458,0.034912,-29.14,-63.02,-68.18,2,0,-0.004456,0.002594,-47.02,-43.66,-54.97,2,-0.000622,-0.021088,0.024048,-32.38,-59.47,-66.21,2,0,-0.003357,0.003479,-49.17,t,https://portal.wildtrax.ca/home/aru-tasks/recording.html?taskId=2622072,https://wildtrax-aru.s3-accelerate.amazonaws.com/0d7c548b-b527-4aa7-8497-d3a4c30017d9/2be2767753d247ada9a3684c5f98734f.jpg,https://wildtrax-aru.s3-accelerate.amazonaws.com/0d7c548b-b527-4aa7-8497-d3a4c30017d9/df3d8f1d20fa4809b231c328e33d596c.flac
CANFOR,Interior Broadleaf Working Group ARU Monitoring 2025 Limited Amplitude Processing,3701,MUS124-FR-C,492656,2025-06-10 05:09:00,2894246,1SPT,2622072,t,UNBI,Unidentified bird,"",Aves,50.84,180.00,1.85,1.24kHz,2.63kHz,5281797,1,Song,1,,f,2,Leonard Patterson,2623,,f,-33.7,-35.05,2,0.019239,0.011566,0.026733,-31.46,-66.13,-70.26,2,-0.000001,-0.004547,0.00293,-46.85,-50.65,-55.05,3,-0.0007,-0.00824,0.008026,-41.68,-62.88,-68.19,3,0,-0.00235,0.002411,-52.36,t,https://portal.wildtrax.ca/home/aru-tasks/recording.html?taskId=2622072,https://wildtrax-aru.s3-accelerate.amazonaws.com/0d7c548b-b527-4aa7-8497-d3a4c30017d9/0afb49e1c7a74311b00fed4839efb350.jpg,https://wildtrax-aru.s3-accelerate.amazonaws.com/0d7c548b-b527-4aa7-8497-d3a4c30017d9/8907cf7dfc0a4713b6da8d4be3fa51c4.flac
CANFOR,Interior Broadleaf Working Group ARU Monitoring 2025 Limited Amplitude Processing,3701,MUS124-FR-C,492656,2025-06-10 05:09:00,2894246,1SPT,2622072,t,SWTH,Swainson's Thrush,CATHARUS USTULATUS,Aves,60.08,180.00,0.83,1.18kHz,3.40kHz,5281804,1,Song,1,,f,2,Leonard Patterson,2623,,f,-33.63,-35.08,2,0.019266,0.009949,0.027588,-31.19,-60.81,-66.11,2,-0.000001,-0.005737,0.002655,-44.83,-50.15,-54.17,2,-0.000742,-0.010406,0.007629,-39.65,-59.23,-64.89,2,0,-0.003204,0.003296,-49.64,t,https://portal.wildtrax.ca/home/aru-tasks/recording.html?taskId=2622072,https://wildtrax-aru.s3-accelerate.amazonaws.com/0d7c548b-b527-4aa7-8497-d3a4c30017d9/68d797edebf94fd0b47540a269e5bf9a.jpg,https://wildtrax-aru.s3-accelerate.amazonaws.com/0d7c548b-b527-4aa7-8497-d3a4c30017d9/c72de01844f64f8da5ad4014696a2714.flac
CANFOR,Interior Broadleaf Working Group ARU Monitoring 2025 Limited Amplitude Processing,3701,MUS124-FR-C,492656,2025-06-10 05:09:00,2894246,1SPT,2622072,t,RBNU,Red-breasted Nuthatch,SITTA CANADENSIS,Aves,62.19,180.00,0.39,2.10kHz,2.67kHz,5281801,1,Song,1,,f,1,Leonard Patterson,2623,,f,-33.59,-34.87,2,0.01948,0.012115,0.026703,-31.47,-66.89,-72.33,2,0,-0.001892,0.001801,-54.46,-50.28,-54.1,2,-0.000816,-0.010651,0.008545,-39.45,-69.48,-71.15,2,0,-0.001068,0.001068,-59.43,t,https://portal.wildtrax.ca/home/aru-tasks/recording.html?taskId=2622072,https://wildtrax-aru.s3-accelerate.amazonaws.com/0d7c548b-b527-4aa7-8497-d3a4c30017d9/bc9f2a4af7a04b90b52992385e79a30c.jpg,https://wildtrax-aru.s3-accelerate.amazonaws.com/0d7c548b-b527-4aa7-8497-d3a4c30017d9/efb423f1ee5d49a595ed1d37966a1815.flac
CANFOR,Interior Broadleaf Working Group ARU Monitoring 2025 Limited Amplitude Processing,3701,MUS124-FR-C,492656,2025-06-10 05:09:00,2894246,1SPT,2622072,t,WTSP,White-throated Sparrow,ZONOTRICHIA ALBICOLLIS,Aves,75.29,180.00,3.36,2.82kHz,4.78kHz,5281786,2,Song,1,,f,2,Leonard Patterson,2623,,f,-33.48,-35.08,2,0.019288,0.009583,0.029297,-30.66,-55.44,-67.69,2,0,-0.00412,0.004089,-47.7,-47.38,-54.77,2,-0.000736,-0.014557,0.012695,-36.74,-51.6,-67.36,2,0,-0.007629,0.007446,-42.35,t,https://portal.wildtrax.ca/home/aru-tasks/recording.html?taskId=2622072,https://wildtrax-aru.s3-accelerate.amazonaws.com/0d7c548b-b527-4aa7-8497-d3a4c30017d9/98a417720dfa4f77bff924c7629f1189.jpg,https://wildtrax-aru.s3-accelerate.amazonaws.com/0d7c548b-b527-4aa7-8497-d3a4c30017d9/c1ba2c8a8c89453da9b5131bf808430b.flac
CANFOR,Interior Broadleaf Working Group ARU Monitoring 2025 Limited Amplitude Processing,3701,MUS124-FR-C,492656,2025-06-10 05:09:00,2894246,1SPT,2622072,t,SWTH,Swainson's Thrush,CATHARUS USTULATUS,Aves,79.04,180.00,1.30,0.93kHz,3.50kHz,5281807,2,Song,1,,f,2,Leonard Patterson,2623,,f,-33.63,-35.11,2,0.019242,0.009003,0.028503,-30.9,-58.44,-64.4,2,-0.000001,-0.006409,0.003876,-43.86,-49.18,-53.78,3,-0.00061,-0.011505,0.009766,-38.78,-55.22,-62.66,2,0,-0.005646,0.005157,-44.97,t,https://portal.wildtrax.ca/home/aru-tasks/recording.html?taskId=2622072,https://wildtrax-aru.s3-accelerate.amazonaws.com/0d7c548b-b527-4aa7-8497-d3a4c30017d9/601f61468e184a76814345da72cce521.jpg,https://wildtrax-aru.s3-accelerate.amazonaws.com/0d7c548b-b527-4aa7-8497-d3a4c30017d9/1b50545ba5b14169a4665197e4ba680e.flac
CANFOR,Interior Broadleaf Working Group ARU Monitoring 2025 Limited Amplitude Processing,3701,MUS124-FR-C,492656,2025-06-10 05:09:00,2894246,1SPT,2622072,t,DEJU,Dark-eyed Junco,JUNCO HYEMALIS,Aves,79.37,180.00,1.48,3.39kHz,5.29kHz,5281791,1,Song,1,,f,1,Leonard Patterson,2623,,f,-33.63,-35.11,2,0.019234,0.009003,0.028503,-30.9,-61.23,-67.83,2,0,-0.003937,0.003937,-48.1,-49.26,-54.68,3,-0.000619,-0.011505,0.009766,-38.78,-62.14,-67.45,2,0,-0.00296,0.002808,-50.57,t,https://portal.wildtrax.ca/home/aru-tasks/recording.html?taskId=2622072,https://wildtrax-aru.s3-accelerate.amazonaws.com/0d7c548b-b527-4aa7-8497-d3a4c30017d9/1bd488b99b7a4d1d8329ed517e834e97.jpg,https://wildtrax-aru.s3-accelerate.amazonaws.com/0d7c548b-b527-4aa7-8497-d3a4c30017d9/fe212a60f36d418ebfea7206bd00eec0.flac
CANFOR,Interior Broadleaf Working Group ARU Monitoring 2025 Limited Amplitude Processing,3701,MUS124-FR-C,492656,2025-06-10 05:09:00,2894246,1SPT,2622072,t,MGWA,MacGillivray's Warbler,GEOTHLYPIS TOLMIEI,Aves,140.67,180.00,1.49,3.03kHz,5.65kHz,5281785,1,Song,1,,f,2,Leonard Patterson,2623,,f,-33.61,-34.84,2,0.019314,0.010406,0.028107,-31.02,-56.52,-65.18,2,0,-0.005463,0.00528,-45.25,-50.88,-54.36,2,-0.000521,-0.010132,0.009064,-39.89,-55.29,-64.46,2,0,-0.005737,0.006042,-44.38,t,https://portal.wildtrax.ca/home/aru-tasks/recording.html?taskId=2622072,https://wildtrax-aru.s3-accelerate.amazonaws.com/0d7c548b-b527-4aa7-8497-d3a4c30017d9/eb69d276ff7749e29a64b4f0a43d51ca.jpg,https://wildtrax-aru.s3-accelerate.amazonaws.com/0d7c548b-b527-4aa7-8497-d3a4c30017d9/16b127abb5924e2e96c636c6363a2766.flac
CANFOR,Interior Broadleaf Working Group ARU Monitoring 2025 Limited Amplitude Processing,3701,MUS124-FR-C,492656,2025-06-10 05:09:00,2894246,1SPT,2622072,t,WETA,Western Tanager,PIRANGA LUDOVICIANA,Aves,154.53,180.00,1.66,1.29kHz,3.97kHz,5281783,2,Song,1,,f,2,Leonard Patterson,2623,,f,-33.5,-34.95,2,0.01927,0.010834,0.0289,-30.78,-56.97,-66.36,2,-0.000001,-0.006744,0.004913,-43.42,-48.32,-55.45,2,-0.000573,-0.012268,0.011688,-38.22,-49.72,-65.26,3,0,-0.008972,0.009064,-40.85,t,https://portal.wildtrax.ca/home/aru-tasks/recording.html?taskId=2622072,https://wildtrax-aru.s3-accelerate.amazonaws.com/0d7c548b-b527-4aa7-8497-d3a4c30017d9/d63c4d6ea3ff49e788c5abe7d192a53b.jpg,https://wildtrax-aru.s3-accelerate.amazonaws.com/0d7c548b-b527-4aa7-8497-d3a4c30017d9/f8b04a9e4b5a430bb1a730fb48ca90c1.flac
CANFOR,Interior Broadleaf Working Group ARU Monitoring 2025 Limited Amplitude Processing,3701,MUS124-FR-C,492656,2025-06-10 05:09:00,2894246,1SPT,2622072,t,WTSP,White-throated Sparrow,ZONOTRICHIA ALBICOLLIS,Aves,158.00,180.00,1.89,2.82kHz,3.28kHz,5281816,3,Song,1,,f,1,Leonard Patterson,2623,,f,-33.29,-35.19,2,0.019444,0.006653,0.029572,-30.58,-69.59,-74.69,3,0,-0.001068,0.001099,-59.18,-48.01,-54,2,-0.000634,-0.011505,0.009521,-38.78,-71,-75.17,2,0,-0.00116,0.00116,-58.71,t,https://portal.wildtrax.ca/home/aru-tasks/recording.html?taskId=2622072,https://wildtrax-aru.s3-accelerate.amazonaws.com/0d7c548b-b527-4aa7-8497-d3a4c30017d9/e902d532c11b4cef801c65af67346f8d.jpg,https://wildtrax-aru.s3-accelerate.amazonaws.com/0d7c548b-b527-4aa7-8497-d3a4c30017d9/1cd99ab443f84845bec7bf1aa817337e.flac
CANFOR,Interior Broadleaf Working Group ARU Monitoring 2025 Limited Amplitude Processing,3701,MUS124-FR-C,492656,2025-06-10 05:09:00,2894246,1SPT,2622072,t,AMRE,American Redstart,SETOPHAGA RUTICILLA,Aves,164.85,180.00,0.88,4.47kHz,8.18kHz,5281784,1,Song,1,,f,2,Leonard Patterson,2623,,f,-33.45,-35,2,0.019339,0.009491,0.02951,-30.6,-60.74,-65.04,2,0,-0.00473,0.003662,-46.5,-49.53,-53.56,2,-0.000557,-0.010162,0.010345,-39.71,-60.08,-64.68,2,0,-0.003174,0.003113,-49.97,t,https://portal.wildtrax.ca/home/aru-tasks/recording.html?taskId=2622072,https://wildtrax-aru.s3-accelerate.amazonaws.com/0d7c548b-b527-4aa7-8497-d3a4c30017d9/636c4997fffd4abfb6a022224a6163c2.jpg,https://wildtrax-aru.s3-accelerate.amazonaws.com/0d7c548b-b527-4aa7-8497-d3a4c30017d9/78885304683f4c20a2a5a62e6ec43135.flac
CANFOR,Interior Broadleaf Working Group ARU Monitoring 2025 Limited Amplitude Processing,3701,MUS124-HR-C,492660,2024-06-07 05:10:00,2757423,1SPT,3174367,t,AMRO,American Robin,TURDUS MIGRATORIUS,Aves,10.20,180.00,2.95,0.66kHz,3.70kHz,5591473,1,Song,1,,f,2,Leonard Patterson,2623,,f,-33.63,-35.2,2,0.018929,0.004944,0.031158,-30.13,-51.41,-63.09,2,-0.000001,-0.008331,0.007812,-41.59,-42.8,-47.62,2,-0.005005,-0.019043,0.006622,-34.41,-49.91,-63.8,2,0,-0.00824,0.008545,-41.37,t,https://portal.wildtrax.ca/home/aru-tasks/recording.html?taskId=3174367,https://wildtrax-aru.s3-accelerate.amazonaws.com/e0a0080b-488c-4fb1-b17f-7a68eacc112e/8e9795a2dbcf4167b9b191a0f4babd7d.jpg,https://wildtrax-aru.s3-accelerate.amazonaws.com/e0a0080b-488c-4fb1-b17f-7a68eacc112e/cb7b42e667e547a6897a498bf7a5f66c.flac
CANFOR,Interior Broadleaf Working Group ARU Monitoring 2025 Limited Amplitude Processing,3701,MUS124-HR-C,492660,2025-06-04 05:12:00,2894248,1SPT,2622074,t,WTSP,White-throated Sparrow,ZONOTRICHIA ALBICOLLIS,Aves,1.82,180.00,3.71,1.94kHz,3.59kHz,5283141,1,Song,1,,f,2,Leonard Patterson,2623,,f,-34.62,-42.08,2,0.005691,-0.042084,0.058807,-24.61,-35.96,-56.99,2,0,-0.027679,0.02771,-31.15,-37.09,-46.87,2,0.005563,-0.027252,0.032104,-29.87,-38.02,-59.56,2,0,-0.023712,0.023651,-32.5,t,https://portal.wildtrax.ca/home/aru-tasks/recording.html?taskId=2622074,https://wildtrax-aru.s3-accelerate.amazonaws.com/212e5f0b-9d66-44af-81fa-db6477121af6/39a2c3e2979e4f3d9931d0fc34833f5e.jpg,https://wildtrax-aru.s3-accelerate.amazonaws.com/212e5f0b-9d66-44af-81fa-db6477121af6/c1160bdb6c0e48c297889fbdfa722028.flac
CANFOR,Interior Broadleaf Working Group ARU Monitoring 2025 Limited Amplitude Processing,3701,MUS124-HR-C,492660,2025-06-04 05:12:00,2894248,1SPT,2622074,t,WTSP,White-throated Sparrow,ZONOTRICHIA ALBICOLLIS,Aves,7.66,180.00,1.34,2.56kHz,3.95kHz,5283187,2,Song,1,,f,2,Leonard Patterson,2623,,f,-39.12,-42.55,2,0.005595,-0.02121,0.03714,-28.6,-58.66,-62.16,3,0,-0.004059,0.004242,-47.45,-40.19,-47.42,3,0.005409,-0.019226,0.026917,-31.4,-54.59,-64.98,2,0,-0.003906,0.003937,-48.1,t,https://portal.wildtrax.ca/home/aru-tasks/recording.html?taskId=2622074,https://wildtrax-aru.s3-accelerate.amazonaws.com/212e5f0b-9d66-44af-81fa-db6477121af6/c6bb06bfad6744bb9c2413498e635797.jpg,https://wildtrax-aru.s3-accelerate.amazonaws.com/212e5f0b-9d66-44af-81fa-db6477121af6/3588a0dc86c447f9803442fa1fba8840.flac
CANFOR,Interior Broadleaf Working Group ARU Monitoring 2025 Limited Amplitude Processing,3701,MUS124-HR-C,492660,2025-06-04 05:12:00,2894248,1SPT,2622074,t,LISP,Lincoln's Sparrow,MELOSPIZA LINCOLNII,Aves,12.05,180.00,1.00,1.12kHz,3.75kHz,5283192,1,Song,1,,f,2,Leonard Patterson,2623,,f,-38.51,-42.55,2,0.005504,-0.02301,0.034668,-29.2,-56.55,-57.87,2,0,-0.005402,0.004944,-45.35,-42.17,-47.43,2,0.005513,-0.004425,0.016602,-35.6,-62.04,-64.63,2,0,-0.003601,0.003662,-48.73,t,https://portal.wildtrax.ca/home/aru-tasks/recording.html?taskId=2622074,https://wildtrax-aru.s3-accelerate.amazonaws.com/212e5f0b-9d66-44af-81fa-db6477121af6/87acd6494890477da7f8515e34596b1d.jpg,https://wildtrax-aru.s3-accelerate.amazonaws.com/212e5f0b-9d66-44af-81fa-db6477121af6/f53b84abf481481d89fc2fc84f411e44.flac
CANFOR,Interior Broadleaf Working Group ARU Monitoring 2025 Limited Amplitude Processing,3701,MUS124-HR-C,492660,2025-06-04 05:12:00,2894248,1SPT,2622074,t,NOWA,Northern Waterthrush,PARKESIA NOVEBORACENSIS,Aves,14.56,180.00,1.34,1.84kHz,7.10kHz,5283195,1,Song,1,,f,2,Leonard Patterson,2623,,f,-38.76,-42.46,2,0.005662,-0.01767,0.039154,-28.14,-53.25,-57.28,2,0,-0.008179,0.008209,-41.71,-41.55,-47.14,2,0.005514,-0.006409,0.018494,-34.66,-53.31,-60.35,2,0,-0.007324,0.007294,-42.7,t,https://portal.wildtrax.ca/home/aru-tasks/recording.html?taskId=2622074,https://wildtrax-aru.s3-accelerate.amazonaws.com/212e5f0b-9d66-44af-81fa-db6477121af6/e3ae3efe5d054b7ca33504c35546a0b4.jpg,https://wildtrax-aru.s3-accelerate.amazonaws.com/212e5f0b-9d66-44af-81fa-db6477121af6/07b9d9abeb2f40e4b5e9da10f97e4f48.flac
CANFOR,Interior Broadleaf Working Group ARU Monitoring 2025 Limited Amplitude Processing,3701,MUS124-HR-C,492660,2025-06-04 05:12:00,2894248,1SPT,2622074,t,WTSP,White-throated Sparrow,ZONOTRICHIA ALBICOLLIS,Aves,37.23,180.00,1.19,4.83kHz,5.40kHz,5283188,3,Song,1,,f,2,Leonard Patterson,2623,,f,-38.42,-42.8,2,0.005675,-0.023163,0.03537,-29.03,-64.66,-69.37,2,0,-0.002502,0.002472,-52.03,-40.89,-47.39,2,0.005714,-0.009155,0.017975,-34.91,-65.71,-72.16,4,0,-0.001465,0.001526,-56.33,t,https://portal.wildtrax.ca/home/aru-tasks/recording.html?taskId=2622074,https://wildtrax-aru.s3-accelerate.amazonaws.com/212e5f0b-9d66-44af-81fa-db6477121af6/0f7714c4113f428fac0fe231e814ec39.jpg,https://wildtrax-aru.s3-accelerate.amazonaws.com/212e5f0b-9d66-44af-81fa-db6477121af6/3877454c26e94bc1b7551e9d63f35b3d.flac
CANFOR,Interior Broadleaf Working Group ARU Monitoring 2025 Limited Amplitude Processing,3701,MUS124-HR-C,492660,2025-06-04 05:12:00,2894248,1SPT,2622074,t,DUFL,Dusky Flycatcher,EMPIDONAX OBERHOLSERI,Aves,41.10,180.00,0.41,3.44kHz,6.94kHz,5283143,1,Song,1,,f,2,Leonard Patterson,2623,,f,-36.86,-40.15,2,0.00545,-0.031799,0.046631,-26.63,-41.96,-49.03,2,0,-0.024933,0.023956,-32.06,-36.95,-43.05,2,0.005157,-0.02948,0.041534,-27.63,-39.81,-47.54,2,0,-0.028748,0.028076,-30.83,t,https://portal.wildtrax.ca/home/aru-tasks/recording.html?taskId=2622074,https://wildtrax-aru.s3-accelerate.amazonaws.com/212e5f0b-9d66-44af-81fa-db6477121af6/f3730e616cc44c05a4ac721219db9962.jpg,https://wildtrax-aru.s3-accelerate.amazonaws.com/212e5f0b-9d66-44af-81fa-db6477121af6/c1e0a9e818f741739d62baf85bb532b9.flac
CANFOR,Interior Broadleaf Working Group ARU Monitoring 2025 Limited Amplitude Processing,3701,MUS124-HR-C,492660,2025-06-04 05:12:00,2894248,1SPT,2622074,t,SWTH,Swainson's Thrush,CATHARUS USTULATUS,Aves,46.74,180.00,1.15,1.22kHz,3.95kHz,5283160,1,Song,1,,f,2,Leonard Patterson,2623,,f,-38.87,-42.89,2,0.00585,-0.023407,0.032654,-29.72,-54.41,-57.52,2,0,-0.006561,0.007812,-42.14,-41.05,-46.5,2,0.005684,-0.008392,0.020203,-33.89,-53.12,-62.97,2,0,-0.006775,0.006561,-43.38,t,https://portal.wildtrax.ca/home/aru-tasks/recording.html?taskId=2622074,https://wildtrax-aru.s3-accelerate.amazonaws.com/212e5f0b-9d66-44af-81fa-db6477121af6/0629d5107e874da98c2b430055161e83.jpg,https://wildtrax-aru.s3-accelerate.amazonaws.com/212e5f0b-9d66-44af-81fa-db6477121af6/b6653dbf9cb74daf956104bc5d8025f7.flac
CANFOR,Interior Broadleaf Working Group ARU Monitoring 2025 Limited Amplitude Processing,3701,MUS124-HR-C,492660,2025-06-04 05:12:00,2894248,1SPT,2622074,t,AMRO,American Robin,TURDUS MIGRATORIUS,Aves,47.96,180.00,1.60,1.48kHz,3.39kHz,5283193,1,Song,1,,f,2,Leonard Patterson,2623,,f,-38.73,-42.62,2,0.005714,-0.022705,0.030243,-30.39,-57.43,-59.92,2,0,-0.004639,0.004364,-46.67,-38.89,-46.77,2,0.005644,-0.009064,0.023529,-32.57,-62.95,-67.01,4,0,-0.00235,0.002594,-51.72,t,https://portal.wildtrax.ca/home/aru-tasks/recording.html?taskId=2622074,https://wildtrax-aru.s3-accelerate.amazonaws.com/212e5f0b-9d66-44af-81fa-db6477121af6/df42cd04c3334cde9c8dd5c7c7eee241.jpg,https://wildtrax-aru.s3-accelerate.amazonaws.com/212e5f0b-9d66-44af-81fa-db6477121af6/5bef786c1c09437688fcc870819c564e.flac
CANFOR,Interior Broadleaf Working Group ARU Monitoring 2025 Limited Amplitude Processing,3701,MUS124-HR-C,492660,2025-06-04 05:12:00,2894248,1SPT,2622074,t,RUGR,Ruffed Grouse,BONASA UMBELLUS,Aves,53.17,180.00,6.46,0.09kHz,0.61kHz,5283194,1,Non-vocal,1,,f,2,Leonard Patterson,2623,,f,-35.89,-42.38,2,0.005624,-0.03598,0.042084,-27.52,-42.72,-48.44,4,-0.002362,-0.020325,0.016968,-33.84,-35.79,-46.24,2,0.005548,-0.023895,0.047729,-26.42,-43.07,-54.5,9,-0.00233,-0.01886,0.009583,-34.49,t,https://portal.wildtrax.ca/home/aru-tasks/recording.html?taskId=2622074,https://wildtrax-aru.s3-accelerate.amazonaws.com/212e5f0b-9d66-44af-81fa-db6477121af6/44501d4be8b24b73aa29e3ee3668d1b7.jpg,https://wildtrax-aru.s3-accelerate.amazonaws.com/212e5f0b-9d66-44af-81fa-db6477121af6/5c36ad5a0cc642aeaabf4f72beef4055.flac
CANFOR,Interior Broadleaf Working Group ARU Monitoring 2025 Limited Amplitude Processing,3701,MUS124-HR-C,492660,2025-06-04 05:12:00,2894248,1SPT,2622074,t,CHSP,Chipping Sparrow,SPIZELLA PASSERINA,Aves,63.65,180.00,2.13,5.60kHz,6.73kHz,5283159,1,Song,1,,f,1,Leonard Patterson,2623,,f,-36.42,-42.52,2,0.005535,-0.031067,0.039398,-28.09,-58.21,-66.58,2,0,-0.004822,0.0047,-46.34,-39.37,-44.67,2,0.005201,-0.027008,0.04187,-27.56,-62.01,-68.06,3,0,-0.003143,0.002991,-50.05,t,https://portal.wildtrax.ca/home/aru-tasks/recording.html?taskId=2622074,https://wildtrax-aru.s3-accelerate.amazonaws.com/212e5f0b-9d66-44af-81fa-db6477121af6/e5b0bd17302340adb95e3fa680cbe8b6.jpg,https://wildtrax-aru.s3-accelerate.amazonaws.com/212e5f0b-9d66-44af-81fa-db6477121af6/d890f4e2911848edb8d135fd187ef0a7.flac
CANFOR,Interior Broadleaf Working Group ARU Monitoring 2025 Limited Amplitude Processing,3701,MUS124-HR-C,492660,2025-06-04 05:12:00,2894248,1SPT,2622074,t,YRWA,Yellow-rumped Warbler,SETOPHAGA CORONATA,Aves,79.01,180.00,1.45,3.23kHz,5.86kHz,5283145,1,Song,1,,f,1,Leonard Patterson,2623,,f,-37.22,-41.99,2,0.005648,-0.028259,0.040161,-27.92,-42.76,-56.84,2,0,-0.018951,0.018005,-34.45,-39.73,-46.63,2,0.005391,-0.012268,0.020477,-33.77,-47.41,-59.52,2,0,-0.011963,0.012451,-38.1,t,https://portal.wildtrax.ca/home/aru-tasks/recording.html?taskId=2622074,https://wildtrax-aru.s3-accelerate.amazonaws.com/212e5f0b-9d66-44af-81fa-db6477121af6/2e83a6d3d4fb4052aa7c6fc76b549616.jpg,https://wildtrax-aru.s3-accelerate.amazonaws.com/212e5f0b-9d66-44af-81fa-db6477121af6/9122ace2a3db440fbd3dab2374ffd714.flac
CANFOR,Interior Broadleaf Working Group ARU Monitoring 2025 Limited Amplitude Processing,3701,MUS124-HR-C,492660,2025-06-04 05:12:00,2894248,1SPT,2622074,t,RBNU,Red-breasted Nuthatch,SITTA CANADENSIS,Aves,91.18,180.00,2.86,1.58kHz,3.49kHz,5283149,1,Song,1,,f,2,Leonard Patterson,2623,,f,-37.57,-43.05,2,0.00561,-0.034576,0.042297,-27.47,-57.89,-60.08,3,0,-0.004944,0.004578,-46.12,-38.83,-46.3,2,0.005335,-0.020111,0.044281,-27.08,-61.47,-65.86,2,0,-0.003601,0.003784,-48.44,t,https://portal.wildtrax.ca/home/aru-tasks/recording.html?taskId=2622074,https://wildtrax-aru.s3-accelerate.amazonaws.com/212e5f0b-9d66-44af-81fa-db6477121af6/342d493df6364083bedd79475a3bdf11.jpg,https://wildtrax-aru.s3-accelerate.amazonaws.com/212e5f0b-9d66-44af-81fa-db6477121af6/5d61215da79945529cda9fe7cfcd0bf8.flac
CANFOR,Interior Broadleaf Working Group ARU Monitoring 2025 Limited Amplitude Processing,3701,MUS124-HR-C,492660,2025-06-04 05:12:00,2894248,1SPT,2622074,t,WTSP,White-throated Sparrow,ZONOTRICHIA ALBICOLLIS,Aves,108.86,180.00,0.69,2.87kHz,3.49kHz,5283168,4,Song,1,,f,2,Leonard Patterson,2623,,f,-39.21,-41.84,2,0.005568,-0.024994,0.032471,-29.77,-60.82,-65.23,3,0,-0.002533,0.002563,-51.82,-40.88,-46.35,2,0.005458,-0.013794,0.02774,-31.14,-63.85,-69.83,3,0,-0.002014,0.002014,-53.92,t,https://portal.wildtrax.ca/home/aru-tasks/recording.html?taskId=2622074,https://wildtrax-aru.s3-accelerate.amazonaws.com/212e5f0b-9d66-44af-81fa-db6477121af6/82017cc9a9294e4e9ea2f8f7e0500547.jpg,https://wildtrax-aru.s3-accelerate.amazonaws.com/212e5f0b-9d66-44af-81fa-db6477121af6/dcc1a5f762d74fbc9d0ceb7e464e0718.flac
CANFOR,Interior Broadleaf Working Group ARU Monitoring 2025 Limited Amplitude Processing,3701,MUS124-HR-C,492660,2025-06-04 05:12:00,2894248,1SPT,2622074,t,OCWA,Orange-crowned Warbler,LEIOTHLYPIS CELATA,Aves,151.46,180.00,0.48,3.64kHz,6.48kHz,5283196,1,Song,1,,f,2,Leonard Patterson,2623,,f,-38.75,-41.79,2,0.005447,-0.022217,0.029083,-30.73,-56.84,-59.16,2,0,-0.004883,0.005341,-45.45,-35.12,-43.23,2,0.004425,-0.030273,0.032623,-29.73,-53.5,-60.37,3,0,-0.006012,0.006073,-44.33,t,https://portal.wildtrax.ca/home/aru-tasks/recording.html?taskId=2622074,https://wildtrax-aru.s3-accelerate.amazonaws.com/212e5f0b-9d66-44af-81fa-db6477121af6/bc990f70178b44bd98b9c641d38a7db3.jpg,https://wildtrax-aru.s3-accelerate.amazonaws.com/212e5f0b-9d66-44af-81fa-db6477121af6/2b665148d7fa4932a8148f7c054014f5.flac
CANFOR,Interior Broadleaf Working Group ARU Monitoring 2025 Limited Amplitude Processing,3701,MUS124-HR-C,492660,2025-06-04 05:12:00,2894248,1SPT,2622074,t,OCWA,Orange-crowned Warbler,LEIOTHLYPIS CELATA,Aves,161.24,180.00,1.59,3.95kHz,6.73kHz,5283151,2,Song,1,,f,2,Leonard Patterson,2623,,f,-37.81,-43.52,2,0.005624,-0.027344,0.035065,-29.1,-46,-61.59,2,0,-0.016113,0.015381,-35.86,-34.11,-46.75,2,0.005499,-0.021606,0.041656,-27.61,-47.71,-63.94,2,0,-0.014496,0.015045,-36.45,t,https://portal.wildtrax.ca/home/aru-tasks/recording.html?taskId=2622074,https://wildtrax-aru.s3-accelerate.amazonaws.com/212e5f0b-9d66-44af-81fa-db6477121af6/cef521b2b25948f096e333ee4daec344.jpg,https://wildtrax-aru.s3-accelerate.amazonaws.com/212e5f0b-9d66-44af-81fa-db6477121af6/3225eef5bef540ec97007a2bb990c800.flac
CANFOR,Interior Broadleaf Working Group ARU Monitoring 2025 Limited Amplitude Processing,3701,MUS124-HR-C,492660,2025-06-07 05:10:00,2894247,1SPT,2622073,t,CHSP,Chipping Sparrow,SPIZELLA PASSERINA,Aves,5.80,180.00,0.36,3.91kHz,5.41kHz,5282221,1,Song,1,,f,2,Leonard Patterson,2623,,f,-40.67,-43.51,2,0.005947,-0.011658,0.022827,-32.83,-59.79,-62.04,2,0,-0.005066,0.004791,-45.91,-41.01,-45.28,2,0.005598,-0.0112,0.019928,-34.01,-62.24,-64.64,2,0,-0.003113,0.003021,-50.14,t,https://portal.wildtrax.ca/home/aru-tasks/recording.html?taskId=2622073,https://wildtrax-aru.s3-accelerate.amazonaws.com/4eb526f6-eb2b-4d62-8a51-84704bc63c79/847bdcaf34ee44d0ab5f67c914df7c84.jpg,https://wildtrax-aru.s3-accelerate.amazonaws.com/4eb526f6-eb2b-4d62-8a51-84704bc63c79/be4774bc08c648a3bab3d0f0abf03b7e.flac
CANFOR,Interior Broadleaf Working Group ARU Monitoring 2025 Limited Amplitude Processing,3701,MUS124-HR-C,492660,2025-06-07 05:10:00,2894247,1SPT,2622073,t,SWTH,Swainson's Thrush,CATHARUS USTULATUS,Aves,20.71,180.00,0.94,1.34kHz,3.97kHz,5282227,1,Song,1,,f,2,Leonard Patterson,2623,,f,-38,-46.35,2,0.005394,-0.0159,0.026855,-31.42,-57.48,-61.97,2,-0.000001,-0.005981,0.003967,-44.46,-41.13,-45.57,2,0.005667,-0.006775,0.017395,-35.19,-56.8,-64.58,4,0,-0.004272,0.003876,-47.39,t,https://portal.wildtrax.ca/home/aru-tasks/recording.html?taskId=2622073,https://wildtrax-aru.s3-accelerate.amazonaws.com/4eb526f6-eb2b-4d62-8a51-84704bc63c79/a14a0946a6464582a6f6a1d24f9747a1.jpg,https://wildtrax-aru.s3-accelerate.amazonaws.com/4eb526f6-eb2b-4d62-8a51-84704bc63c79/152abd9611a949bc94b4172a0e63503f.flac
CANFOR,Interior Broadleaf Working Group ARU Monitoring 2025 Limited Amplitude Processing,3701,MUS124-HR-C,492660,2025-06-07 05:10:00,2894247,1SPT,2622073,t,RBNU,Red-breasted Nuthatch,SITTA CANADENSIS,Aves,41.62,180.00,0.36,1.60kHz,2.73kHz,5282239,1,Song,1,,f,2,Leonard Patterson,2623,,f,-40.95,-43.37,2,0.006077,-0.035706,0.04361,-27.21,-64.7,-65.7,2,0,-0.00174,0.00174,-55.19,-41.85,-43.98,2,0.00618,-0.026154,0.03299,-29.63,-67.67,-69.41,2,-0.000001,-0.001495,0.001495,-56.51,t,https://portal.wildtrax.ca/home/aru-tasks/recording.html?taskId=2622073,https://wildtrax-aru.s3-accelerate.amazonaws.com/4eb526f6-eb2b-4d62-8a51-84704bc63c79/93285561255f43c2b9ba02bfe2860989.jpg,https://wildtrax-aru.s3-accelerate.amazonaws.com/4eb526f6-eb2b-4d62-8a51-84704bc63c79/68110ac1a774430cbe330fc783b50b51.flac
CANFOR,Interior Broadleaf Working Group ARU Monitoring 2025 Limited Amplitude Processing,3701,MUS124-HR-C,492660,2025-06-07 05:10:00,2894247,1SPT,2622073,t,DUFL,Dusky Flycatcher,EMPIDONAX OBERHOLSERI,Aves,43.40,180.00,1.18,2.78kHz,6.70kHz,5281838,1,Song,1,,f,1,Leonard Patterson,2623,,f,-35.26,-45.86,2,0.005595,-0.041992,0.053528,-25.43,-36.55,-62.73,2,0,-0.044739,0.043396,-26.99,-37.74,-46.36,2,0.005568,-0.026611,0.042572,-27.42,-38.88,-64.96,2,0,-0.0336,0.033081,-29.47,t,https://portal.wildtrax.ca/home/aru-tasks/recording.html?taskId=2622073,https://wildtrax-aru.s3-accelerate.amazonaws.com/4eb526f6-eb2b-4d62-8a51-84704bc63c79/e808758dbb73407c9cb5906ea1fb3e72.jpg,https://wildtrax-aru.s3-accelerate.amazonaws.com/4eb526f6-eb2b-4d62-8a51-84704bc63c79/c31530b19ef349aea9546e8157787068.flac
CANFOR,Interior Broadleaf Working Group ARU Monitoring 2025 Limited Amplitude Processing,3701,MUS124-HR-C,492660,2025-06-07 05:10:00,2894247,1SPT,2622073,t,AMRE,American Redstart,SETOPHAGA RUTICILLA,Aves,47.17,180.00,0.70,3.91kHz,8.24kHz,5282246,1,Song,1,,f,2,Leonard Patterson,2623,,f,-40.53,-44.67,2,0.005546,-0.013,0.024261,-32.3,-58.23,-61.76,2,0,-0.004761,0.004364,-46.45,-41.35,-45.47,2,0.005779,-0.00589,0.016907,-35.44,-58.86,-62.72,2,0,-0.003967,0.003906,-48.03,t,https://portal.wildtrax.ca/home/aru-tasks/recording.html?taskId=2622073,https://wildtrax-aru.s3-accelerate.amazonaws.com/4eb526f6-eb2b-4d62-8a51-84704bc63c79/387d04c0cef042c19872106e4c4a0b3d.jpg,https://wildtrax-aru.s3-accelerate.amazonaws.com/4eb526f6-eb2b-4d62-8a51-84704bc63c79/479b82cb784a40009fdff5830bf091d0.flac
CANFOR,Interior Broadleaf Working Group ARU Monitoring 2025 Limited Amplitude Processing,3701,MUS124-HR-C,492660,2025-06-07 05:10:00,2894247,1SPT,2622073,t,AMRO,American Robin,TURDUS MIGRATORIUS,Aves,50.03,180.00,1.33,0.57kHz,3.35kHz,5282248,1,Call,1,,f,1,Leonard Patterson,2623,,f,-39.22,-43.71,2,0.005734,-0.017761,0.02887,-30.79,-47.99,-59.42,2,-0.000001,-0.01123,0.013367,-37.48,-40.76,-46.44,2,0.005778,-0.010651,0.01944,-34.23,-51.97,-63.02,2,0,-0.008118,0.008911,-41,t,https://portal.wildtrax.ca/home/aru-tasks/recording.html?taskId=2622073,https://wildtrax-aru.s3-accelerate.amazonaws.com/4eb526f6-eb2b-4d62-8a51-84704bc63c79/6cfd3c308a44409ba522d7e62d1f2128.jpg,https://wildtrax-aru.s3-accelerate.amazonaws.com/4eb526f6-eb2b-4d62-8a51-84704bc63c79/97d02e40d19e47529bf6026f22322696.flac
CANFOR,Interior Broadleaf Working Group ARU Monitoring 2025 Limited Amplitude Processing,3701,MUS124-HR-C,492660,2025-06-07 05:10:00,2894247,1SPT,2622073,t,OCWA,Orange-crowned Warbler,LEIOTHLYPIS CELATA,Aves,60.71,180.00,1.80,4.11kHz,6.22kHz,5281836,1,Song,1,,f,2,Leonard Patterson,2623,,f,-39.59,-44.98,2,0.005547,-0.016357,0.029297,-30.66,-54.16,-63.58,2,0,-0.009216,0.009308,-40.62,-41.35,-45.98,2,0.005635,-0.010498,0.022614,-32.91,-53.62,-64.38,2,0,-0.006256,0.006226,-44.07,t,https://portal.wildtrax.ca/home/aru-tasks/recording.html?taskId=2622073,https://wildtrax-aru.s3-accelerate.amazonaws.com/4eb526f6-eb2b-4d62-8a51-84704bc63c79/4183c99aabdc40a9af50a2b193ee58ac.jpg,https://wildtrax-aru.s3-accelerate.amazonaws.com/4eb526f6-eb2b-4d62-8a51-84704bc63c79/7ab4738e46e443649cc40303f4754a3a.flac
CANFOR,Interior Broadleaf Working Group ARU Monitoring 2025 Limited Amplitude Processing,3701,MUS124-HR-C,492660,2025-06-07 05:10:00,2894247,1SPT,2622073,t,OCWA,Orange-crowned Warbler,LEIOTHLYPIS CELATA,Aves,62.51,180.00,1.03,4.11kHz,5.91kHz,5281834,2,Song,1,,f,2,Leonard Patterson,2623,,f,-38.87,-45.68,3,0.005796,-0.015594,0.026306,-31.6,-56.09,-59.93,2,0,-0.010437,0.010223,-39.63,-40.87,-45.97,3,0.005769,-0.007172,0.022095,-33.11,-56.49,-60.69,2,0,-0.006439,0.006592,-43.62,t,https://portal.wildtrax.ca/home/aru-tasks/recording.html?taskId=2622073,https://wildtrax-aru.s3-accelerate.amazonaws.com/4eb526f6-eb2b-4d62-8a51-84704bc63c79/ec679a3519cd45458c196bd48594862e.jpg,https://wildtrax-aru.s3-accelerate.amazonaws.com/4eb526f6-eb2b-4d62-8a51-84704bc63c79/2841c5e5bd5b4a34b8d9d2319d87e359.flac
CANFOR,Interior Broadleaf Working Group ARU Monitoring 2025 Limited Amplitude Processing,3701,MUS124-HR-C,492660,2025-06-07 05:10:00,2894247,1SPT,2622073,t,OCWA,Orange-crowned Warbler,LEIOTHLYPIS CELATA,Aves,63.52,180.00,1.29,3.08kHz,6.53kHz,5281833,3,Song,1,,f,1,Leonard Patterson,2623,,f,-38.61,-44.2,2,0.005656,-0.019958,0.032501,-29.76,-43.09,-59.82,2,0,-0.022217,0.021729,-33.07,-41.04,-45.5,2,0.005584,-0.012482,0.023071,-32.74,-46.54,-59.75,2,0,-0.015961,0.015961,-35.94,t,https://portal.wildtrax.ca/home/aru-tasks/recording.html?taskId=2622073,https://wildtrax-aru.s3-accelerate.amazonaws.com/4eb526f6-eb2b-4d62-8a51-84704bc63c79/3844fe6016924e26899342550492ffc0.jpg,https://wildtrax-aru.s3-accelerate.amazonaws.com/4eb526f6-eb2b-4d62-8a51-84704bc63c79/61e3e83d41c34310b9ea941bea4bed69.flac
CANFOR,Interior Broadleaf Working Group ARU Monitoring 2025 Limited Amplitude Processing,3701,MUS124-HR-C,492660,2025-06-07 05:10:00,2894247,1SPT,2622073,t,YRWA,Yellow-rumped Warbler,SETOPHAGA CORONATA,Aves,71.62,180.00,0.91,3.28kHz,6.01kHz,5281845,1,Song,1,,f,1,Leonard Patterson,2623,,f,-35.02,-44.15,2,0.00578,-0.019165,0.055115,-25.17,-53.19,-60.91,2,0,-0.006744,0.007111,-42.96,-35.19,-45.81,2,0.005559,-0.017761,0.054626,-25.25,-55.87,-62.89,2,0,-0.005676,0.005798,-44.73,t,https://portal.wildtrax.ca/home/aru-tasks/recording.html?taskId=2622073,https://wildtrax-aru.s3-accelerate.amazonaws.com/4eb526f6-eb2b-4d62-8a51-84704bc63c79/f80af6023e344bad92683320000456d0.jpg,https://wildtrax-aru.s3-accelerate.amazonaws.com/4eb526f6-eb2b-4d62-8a51-84704bc63c79/aaf5bc02993f4f2cb39e964dcba13814.flac
CANFOR,Interior Broadleaf Working Group ARU Monitoring 2025 Limited Amplitude Processing,3701,MUS124-HR-C,492660,2025-06-07 05:10:00,2894247,1SPT,2622073,t,RUGR,Ruffed Grouse,BONASA UMBELLUS,Aves,72.03,180.00,7.90,0.05kHz,0.93kHz,5281844,1,Non-vocal,1,,f,2,Leonard Patterson,2623,,f,-29.81,-45.76,2,0.00559,-0.041351,0.09726,-20.24,-33.31,-49.79,5,-0.003613,-0.064972,0.025848,-23.75,-29.51,-46.68,2,0.005643,-0.044342,0.091309,-20.79,-33.02,-50.65,3,-0.003647,-0.058746,0.027374,-24.62,t,https://portal.wildtrax.ca/home/aru-tasks/recording.html?taskId=2622073,https://wildtrax-aru.s3-accelerate.amazonaws.com/4eb526f6-eb2b-4d62-8a51-84704bc63c79/e4881cd7acb8456b995e7273b30c48ca.jpg,https://wildtrax-aru.s3-accelerate.amazonaws.com/4eb526f6-eb2b-4d62-8a51-84704bc63c79/eb76bf595a8c4ea08716b92a5f669292.flac
CANFOR,Interior Broadleaf Working Group ARU Monitoring 2025 Limited Amplitude Processing,3701,MUS124-HR-C,492660,2025-06-07 05:10:00,2894247,1SPT,2622073,t,HETH,Hermit Thrush,CATHARUS GUTTATUS,Aves,73.54,180.00,0.84,1.49kHz,3.76kHz,5282254,1,Song,1,,f,2,Leonard Patterson,2623,,f,-31.39,-45.69,2,0.005496,-0.02887,0.086914,-21.22,-59.81,-62.71,2,0,-0.006378,0.006348,-43.91,-31.31,-45.39,2,0.005622,-0.033539,0.088104,-21.1,-60.65,-65.39,3,0,-0.005737,0.005188,-44.83,t,https://portal.wildtrax.ca/home/aru-tasks/recording.html?taskId=2622073,https://wildtrax-aru.s3-accelerate.amazonaws.com/4eb526f6-eb2b-4d62-8a51-84704bc63c79/5f93b3d56a2249dd8166623300bffdcf.jpg,https://wildtrax-aru.s3-accelerate.amazonaws.com/4eb526f6-eb2b-4d62-8a51-84704bc63c79/904e57c99d1f4230b51b8c38a47c3c65.flac
CANFOR,Interior Broadleaf Working Group ARU Monitoring 2025 Limited Amplitude Processing,3701,MUS124-HR-C,492660,2025-06-07 05:10:00,2894247,1SPT,2622073,t,SWTH,Swainson's Thrush,CATHARUS USTULATUS,Aves,80.47,180.00,1.31,0.93kHz,5.10kHz,5281843,2,Song,1,,f,2,Leonard Patterson,2623,,f,-38.45,-44.86,2,0.005553,-0.013763,0.025177,-31.98,-51.64,-59.55,2,0,-0.00827,0.008057,-41.65,-41.07,-45.74,2,0.005642,-0.010895,0.022003,-33.15,-46.79,-61.5,2,0,-0.010742,0.011536,-38.76,t,https://portal.wildtrax.ca/home/aru-tasks/recording.html?taskId=2622073,https://wildtrax-aru.s3-accelerate.amazonaws.com/4eb526f6-eb2b-4d62-8a51-84704bc63c79/6b6d4415e75a4098aa6cba1d99b38e0c.jpg,https://wildtrax-aru.s3-accelerate.amazonaws.com/4eb526f6-eb2b-4d62-8a51-84704bc63c79/8cc31d63ac944fe7ba6dcf3075ca034b.flac
CANFOR,Interior Broadleaf Working Group ARU Monitoring 2025 Limited Amplitude Processing,3701,MUS124-HR-C,492660,2025-06-07 05:10:00,2894247,1SPT,2622073,t,RCKI,Ruby-crowned Kinglet,CORTHYLIO CALENDULA,Aves,87.98,180.00,1.64,1.85kHz,4.22kHz,5282258,1,Song,1,,f,2,Leonard Patterson,2623,,f,-39.48,-46,2,0.005588,-0.013672,0.023499,-32.58,-54.41,-63.48,3,0,-0.00589,0.005737,-44.6,-41.08,-46.63,2,0.005733,-0.010284,0.019501,-34.2,-54.82,-65.32,2,0,-0.006866,0.006775,-43.27,t,https://portal.wildtrax.ca/home/aru-tasks/recording.html?taskId=2622073,https://wildtrax-aru.s3-accelerate.amazonaws.com/4eb526f6-eb2b-4d62-8a51-84704bc63c79/5f86102b60364cae877963147e21a503.jpg,https://wildtrax-aru.s3-accelerate.amazonaws.com/4eb526f6-eb2b-4d62-8a51-84704bc63c79/9aed8c3a365d492b921ab1d671e7cdb6.flac
CANFOR,Interior Broadleaf Working Group ARU Monitoring 2025 Limited Amplitude Processing,3701,MUS124-HR-C,492660,2025-06-07 05:10:00,2894247,1SPT,2622073,t,WTSP,White-throated Sparrow,ZONOTRICHIA ALBICOLLIS,Aves,120.29,180.00,1.08,3.30kHz,3.86kHz,5282293,1,Song,1,,f,2,Leonard Patterson,2623,,f,-38.61,-45.98,2,0.005586,-0.015106,0.024658,-32.16,-68.02,-71.76,3,0,-0.00116,0.001221,-58.27,-42.16,-46.96,2,0.005693,-0.00647,0.014984,-36.49,-69.11,-73.06,2,0,-0.001099,0.001099,-59.18,t,https://portal.wildtrax.ca/home/aru-tasks/recording.html?taskId=2622073,https://wildtrax-aru.s3-accelerate.amazonaws.com/4eb526f6-eb2b-4d62-8a51-84704bc63c79/5464034d82c746529c62c90ebb5d80be.jpg,https://wildtrax-aru.s3-accelerate.amazonaws.com/4eb526f6-eb2b-4d62-8a51-84704bc63c79/d4739fe533e44a6487a71554e7e60bea.flac
CANFOR,Interior Broadleaf Working Group ARU Monitoring 2025 Limited Amplitude Processing,3701,MUS124-HR-C,492660,2025-06-07 05:10:00,2894247,1SPT,2622073,t,DEJU,Dark-eyed Junco,JUNCO HYEMALIS,Aves,130.15,180.00,0.96,3.97kHz,6.75kHz,5282215,1,Song,1,,f,2,Leonard Patterson,2623,,f,-38.2,-44.82,2,0.005502,-0.015991,0.028015,-31.05,-57.59,-63.06,2,0,-0.005249,0.005127,-45.6,-40.08,-46.25,2,0.005672,-0.009979,0.022644,-32.9,-58.87,-64.77,2,0,-0.004181,0.00415,-47.57,t,https://portal.wildtrax.ca/home/aru-tasks/recording.html?taskId=2622073,https://wildtrax-aru.s3-accelerate.amazonaws.com/4eb526f6-eb2b-4d62-8a51-84704bc63c79/74b8bdb160f149ca9ded34cd72ad7b99.jpg,https://wildtrax-aru.s3-accelerate.amazonaws.com/4eb526f6-eb2b-4d62-8a51-84704bc63c79/0df6f2ac6fd94b75a3eb274479507db5.flac
CANFOR,Interior Broadleaf Working Group ARU Monitoring 2025 Limited Amplitude Processing,3701,MUS124-HR-C,492660,2025-06-07 05:10:00,2894247,1SPT,2622073,t,WTSP,White-throated Sparrow,ZONOTRICHIA ALBICOLLIS,Aves,132.75,180.00,3.71,2.51kHz,4.57kHz,5282269,2,Song,1,,f,2,Leonard Patterson,2623,,f,-36.48,-45.11,2,0.00562,-0.025848,0.040802,-27.79,-39.54,-61.91,2,0,-0.019836,0.019806,-34.05,-38.46,-46.95,2,0.005677,-0.016052,0.02948,-30.61,-40.95,-63.89,2,0,-0.016235,0.016357,-35.73,t,https://portal.wildtrax.ca/home/aru-tasks/recording.html?taskId=2622073,https://wildtrax-aru.s3-accelerate.amazonaws.com/4eb526f6-eb2b-4d62-8a51-84704bc63c79/f83e5933c2ad41e7ac874b605338d888.jpg,https://wildtrax-aru.s3-accelerate.amazonaws.com/4eb526f6-eb2b-4d62-8a51-84704bc63c79/c1d3c64c59974b7b86ff1f3f614933be.flac
CANFOR,Interior Broadleaf Working Group ARU Monitoring 2025 Limited Amplitude Processing,3701,MUS124-HR-C,492660,2025-06-07 05:10:00,2894247,1SPT,2622073,t,WTSP,White-throated Sparrow,ZONOTRICHIA ALBICOLLIS,Aves,148.88,180.00,2.00,3.75kHz,4.31kHz,5282274,3,Song,1,,f,2,Leonard Patterson,2623,,f,-38.58,-44.73,2,0.005537,-0.021912,0.032043,-29.89,-48.45,-69,2,0,-0.012024,0.012024,-38.4,-40.3,-44.61,2,0.005573,-0.016144,0.022797,-32.84,-45.49,-71.23,2,0,-0.01236,0.012329,-38.16,t,https://portal.wildtrax.ca/home/aru-tasks/recording.html?taskId=2622073,https://wildtrax-aru.s3-accelerate.amazonaws.com/4eb526f6-eb2b-4d62-8a51-84704bc63c79/d70538e8294247e58265a92816ade93c.jpg,https://wildtrax-aru.s3-accelerate.amazonaws.com/4eb526f6-eb2b-4d62-8a51-84704bc63c79/bb73e685b76e40b7b25da1af7013cdd7.flac
CANFOR,Interior Broadleaf Working Group ARU Monitoring 2025 Limited Amplitude Processing,3701,MUS124-HR-C,492660,2025-06-07 05:10:00,2894247,1SPT,2622073,t,WTSP,White-throated Sparrow,ZONOTRICHIA ALBICOLLIS,Aves,154.44,180.00,3.85,2.16kHz,4.02kHz,5281818,4,Song,1,,f,1,Leonard Patterson,2623,,f,-31.07,-44.82,2,0.005518,-0.049713,0.059631,-24.49,-31.49,-62.43,3,0,-0.044952,0.044769,-26.94,-37.12,-45.85,2,0.005593,-0.020294,0.031677,-29.99,-37.83,-65.12,2,0,-0.022766,0.023041,-32.75,t,https://portal.wildtrax.ca/home/aru-tasks/recording.html?taskId=2622073,https://wildtrax-aru.s3-accelerate.amazonaws.com/4eb526f6-eb2b-4d62-8a51-84704bc63c79/6c5d424cdb394c90957f21983010ac93.jpg,https://wildtrax-aru.s3-accelerate.amazonaws.com/4eb526f6-eb2b-4d62-8a51-84704bc63c79/1921d2460e23475ba8377b64f790b7d8.flac
CANFOR,Interior Broadleaf Working Group ARU Monitoring 2025 Limited Amplitude Processing,3701,MUS124-HR-C,492660,2025-06-07 05:10:00,2894247,1SPT,2622073,t,LISP,Lincoln's Sparrow,MELOSPIZA LINCOLNII,Aves,163.15,180.00,0.68,1.70kHz,4.84kHz,5282279,1,Song,1,,f,2,Leonard Patterson,2623,,f,-40.51,-43.8,2,0.005562,-0.010895,0.027802,-31.12,-51.72,-56.68,2,-0.000001,-0.009613,0.009583,-40.34,-41.88,-45.35,2,0.005768,-0.00769,0.016907,-35.44,-51.38,-57.32,2,0,-0.009796,0.009979,-40.02,t,https://portal.wildtrax.ca/home/aru-tasks/recording.html?taskId=2622073,https://wildtrax-aru.s3-accelerate.amazonaws.com/4eb526f6-eb2b-4d62-8a51-84704bc63c79/8c7c11f249364daa9704fdb626528187.jpg,https://wildtrax-aru.s3-accelerate.amazonaws.com/4eb526f6-eb2b-4d62-8a51-84704bc63c79/221e6699da01404e8e9d93d862919719.flac
CANFOR,Interior Broadleaf Working Group ARU Monitoring 2025 Limited Amplitude Processing,3701,MUS124-HR-C,492660,2025-06-10 05:09:00,2894249,1SPT,2622075,t,OCWA,Orange-crowned Warbler,LEIOTHLYPIS CELATA,Aves,17.74,180.00,1.44,3.30kHz,5.56kHz,5282322,1,Song,1,,f,2,Leonard Patterson,2623,,f,-40.16,-44.59,2,0.005633,-0.018066,0.028076,-31.03,-51.17,-64.46,2,0,-0.008972,0.009003,-40.91,-42.46,-45.73,2,0.005744,-0.007782,0.017731,-35.03,-50.29,-66.32,2,0,-0.009583,0.009521,-40.37,t,https://portal.wildtrax.ca/home/aru-tasks/recording.html?taskId=2622075,https://wildtrax-aru.s3-accelerate.amazonaws.com/950f408f-2804-421a-878d-ea6c326a443a/0ad97b280e0f41a4aea9a3278cd0617a.jpg,https://wildtrax-aru.s3-accelerate.amazonaws.com/950f408f-2804-421a-878d-ea6c326a443a/6bfd7ba1a930445bb5b2a35c3c36e92c.flac
CANFOR,Interior Broadleaf Working Group ARU Monitoring 2025 Limited Amplitude Processing,3701,MUS124-HR-C,492660,2025-06-10 05:09:00,2894249,1SPT,2622075,t,DEJU,Dark-eyed Junco,JUNCO HYEMALIS,Aves,26.96,180.00,2.01,3.45kHz,5.05kHz,5283130,1,Song,1,,f,2,Leonard Patterson,2623,,f,-39.39,-44.85,2,0.00561,-0.015381,0.025604,-31.83,-58.93,-65.7,3,0,-0.00354,0.003479,-49.02,-42.73,-45.93,2,0.005752,-0.002899,0.015045,-36.45,-59.42,-67.62,2,0,-0.004089,0.004059,-47.77,t,https://portal.wildtrax.ca/home/aru-tasks/recording.html?taskId=2622075,https://wildtrax-aru.s3-accelerate.amazonaws.com/950f408f-2804-421a-878d-ea6c326a443a/13622597161347e587c392d5a98b68c5.jpg,https://wildtrax-aru.s3-accelerate.amazonaws.com/950f408f-2804-421a-878d-ea6c326a443a/cbeea355168340fb8b80071f43604ef1.flac
CANFOR,Interior Broadleaf Working Group ARU Monitoring 2025 Limited Amplitude Processing,3701,MUS124-HR-C,492660,2025-06-10 05:09:00,2894249,1SPT,2622075,t,UNBI,Unidentified bird,"",Aves,30.62,180.00,1.89,1.55kHz,2.16kHz,5282337,1,Song,1,,f,2,Leonard Patterson,2623,,f,-38.52,-44.32,2,0.005681,-0.017151,0.028687,-30.85,-64.08,-68.76,2,0,-0.001953,0.001953,-54.19,-40.6,-45.49,2,0.005746,-0.00766,0.024231,-32.31,-63.28,-71.53,4,0,-0.002014,0.002075,-53.66,t,https://portal.wildtrax.ca/home/aru-tasks/recording.html?taskId=2622075,https://wildtrax-aru.s3-accelerate.amazonaws.com/950f408f-2804-421a-878d-ea6c326a443a/7c7052599afa47afbf5abbe80569f203.jpg,https://wildtrax-aru.s3-accelerate.amazonaws.com/950f408f-2804-421a-878d-ea6c326a443a/b75b5062f24c48998a460e8d1ebca479.flac
CANFOR,Interior Broadleaf Working Group ARU Monitoring 2025 Limited Amplitude Processing,3701,MUS124-HR-C,492660,2025-06-10 05:09:00,2894249,1SPT,2622075,t,WTSP,White-throated Sparrow,ZONOTRICHIA ALBICOLLIS,Aves,30.88,180.00,2.29,2.06kHz,3.55kHz,5282307,1,Song,1,,f,2,Leonard Patterson,2623,,f,-38.52,-44.32,2,0.005651,-0.017548,0.028687,-30.85,-48.2,-59.41,2,0,-0.009888,0.009674,-40.1,-40.6,-45.13,2,0.005749,-0.009125,0.024231,-32.31,-47.36,-61.05,2,0,-0.008972,0.009155,-40.77,t,https://portal.wildtrax.ca/home/aru-tasks/recording.html?taskId=2622075,https://wildtrax-aru.s3-accelerate.amazonaws.com/950f408f-2804-421a-878d-ea6c326a443a/de9ce44da2c14323a0af5710153ae8a5.jpg,https://wildtrax-aru.s3-accelerate.amazonaws.com/950f408f-2804-421a-878d-ea6c326a443a/5b934de711e64ee1b9fe2729a0f0d3a1.flac
CANFOR,Interior Broadleaf Working Group ARU Monitoring 2025 Limited Amplitude Processing,3701,MUS124-HR-C,492660,2025-06-10 05:09:00,2894249,1SPT,2622075,t,WTSP,White-throated Sparrow,ZONOTRICHIA ALBICOLLIS,Aves,33.23,180.00,1.74,3.35kHz,4.48kHz,5282306,2,Song,1,,f,2,Leonard Patterson,2623,,f,-34.57,-42.76,2,0.005646,-0.036682,0.043152,-27.3,-35.28,-64.77,2,0,-0.031555,0.031372,-30.02,-30.79,-42.97,2,0.005694,-0.042786,0.054779,-25.23,-31.38,-66.63,2,0,-0.044159,0.044189,-27.09,t,https://portal.wildtrax.ca/home/aru-tasks/recording.html?taskId=2622075,https://wildtrax-aru.s3-accelerate.amazonaws.com/950f408f-2804-421a-878d-ea6c326a443a/90966efdcdf848a196beec566c3c874f.jpg,https://wildtrax-aru.s3-accelerate.amazonaws.com/950f408f-2804-421a-878d-ea6c326a443a/62e652da60764e5db8b048f9fd313823.flac
CANFOR,Interior Broadleaf Working Group ARU Monitoring 2025 Limited Amplitude Processing,3701,MUS124-HR-C,492660,2025-06-10 05:09:00,2894249,1SPT,2622075,t,SWTH,Swainson's Thrush,CATHARUS USTULATUS,Aves,38.43,180.00,1.23,1.24kHz,3.61kHz,5282336,1,Song,1,,f,2,Leonard Patterson,2623,,f,-38.87,-44.66,2,0.005722,-0.02066,0.025604,-31.83,-55.69,-61.37,2,0,-0.005341,0.005981,-44.46,-42.69,-45.89,2,0.005655,-0.004059,0.018066,-34.86,-57.73,-64.82,2,0,-0.003723,0.004303,-47.32,t,https://portal.wildtrax.ca/home/aru-tasks/recording.html?taskId=2622075,https://wildtrax-aru.s3-accelerate.amazonaws.com/950f408f-2804-421a-878d-ea6c326a443a/5c6b80ed57ca4d3ba4a7105b0fb1cc43.jpg,https://wildtrax-aru.s3-accelerate.amazonaws.com/950f408f-2804-421a-878d-ea6c326a443a/7d73e255ea5b46f7ba41da0a5a5344bf.flac
CANFOR,Interior Broadleaf Working Group ARU Monitoring 2025 Limited Amplitude Processing,3701,MUS124-HR-C,492660,2025-06-10 05:09:00,2894249,1SPT,2622075,t,WTSP,White-throated Sparrow,ZONOTRICHIA ALBICOLLIS,Aves,42.46,180.00,0.68,3.30kHz,3.97kHz,5282310,3,Song,1,,f,1,Leonard Patterson,2623,,f,-39.2,-43.79,2,0.005782,-0.018585,0.027405,-31.24,-60.87,-66.86,2,0,-0.002869,0.002747,-50.85,-41.61,-45.56,2,0.005738,-0.005402,0.017609,-35.09,-61.52,-67.19,3,0,-0.002655,0.002594,-51.52,t,https://portal.wildtrax.ca/home/aru-tasks/recording.html?taskId=2622075,https://wildtrax-aru.s3-accelerate.amazonaws.com/950f408f-2804-421a-878d-ea6c326a443a/0261648ff0074f67bc4c60f0b82a3674.jpg,https://wildtrax-aru.s3-accelerate.amazonaws.com/950f408f-2804-421a-878d-ea6c326a443a/da9ad6c33c604749af4043b5138a9186.flac
CANFOR,Interior Broadleaf Working Group ARU Monitoring 2025 Limited Amplitude Processing,3701,MUS124-HR-C,492660,2025-06-10 05:09:00,2894249,1SPT,2622075,t,OCWA,Orange-crowned Warbler,LEIOTHLYPIS CELATA,Aves,48.28,180.00,1.55,4.12kHz,6.80kHz,5282339,2,Song,1,,f,2,Leonard Patterson,2623,,f,-37.65,-43.7,2,0.005617,-0.02713,0.034943,-29.13,-62.25,-64.67,2,0,-0.00351,0.003265,-49.1,-38.1,-44.4,2,0.005763,-0.018707,0.030518,-30.31,-63.15,-66.99,2,0,-0.003418,0.00351,-49.1,t,https://portal.wildtrax.ca/home/aru-tasks/recording.html?taskId=2622075,https://wildtrax-aru.s3-accelerate.amazonaws.com/950f408f-2804-421a-878d-ea6c326a443a/cea58fc42bf948839929061366036fec.jpg,https://wildtrax-aru.s3-accelerate.amazonaws.com/950f408f-2804-421a-878d-ea6c326a443a/81ffa214340143e581c8e0faf3c06b1b.flac
CANFOR,Interior Broadleaf Working Group ARU Monitoring 2025 Limited Amplitude Processing,3701,MUS124-HR-C,492660,2025-06-10 05:09:00,2894249,1SPT,2622075,t,DEJU,Dark-eyed Junco,JUNCO HYEMALIS,Aves,58.27,180.00,2.06,3.40kHz,5.82kHz,5282326,2,Song,1,,f,2,Leonard Patterson,2623,,f,-39.02,-44.71,2,0.005647,-0.015411,0.025391,-31.91,-57.42,-64.56,2,0,-0.005066,0.004761,-45.91,-42.25,-45.95,2,0.005688,-0.002808,0.014465,-36.79,-58.12,-66.29,2,0,-0.00415,0.003937,-47.64,t,https://portal.wildtrax.ca/home/aru-tasks/recording.html?taskId=2622075,https://wildtrax-aru.s3-accelerate.amazonaws.com/950f408f-2804-421a-878d-ea6c326a443a/973294ffacb44632a3014524fba917cb.jpg,https://wildtrax-aru.s3-accelerate.amazonaws.com/950f408f-2804-421a-878d-ea6c326a443a/70dcb28339844e1982ddde9dd6aa8420.flac
CANFOR,Interior Broadleaf Working Group ARU Monitoring 2025 Limited Amplitude Processing,3701,MUS124-HR-C,492660,2025-06-10 05:09:00,2894249,1SPT,2622075,t,YRWA,Yellow-rumped Warbler,SETOPHAGA CORONATA,Aves,76.21,180.00,0.88,3.71kHz,5.56kHz,5282340,1,Song,1,,f,1,Leonard Patterson,2623,,f,-40.38,-45.54,2,0.00555,-0.012817,0.025116,-32,-58.48,-63.67,2,0,-0.00415,0.004028,-47.64,-43.04,-45.67,2,0.00568,-0.003448,0.015686,-36.09,-58.78,-63.41,3,0,-0.003632,0.003967,-48.03,t,https://portal.wildtrax.ca/home/aru-tasks/recording.html?taskId=2622075,https://wildtrax-aru.s3-accelerate.amazonaws.com/950f408f-2804-421a-878d-ea6c326a443a/76fe3e12525b42f286b9230a0bb6d083.jpg,https://wildtrax-aru.s3-accelerate.amazonaws.com/950f408f-2804-421a-878d-ea6c326a443a/1fd66dff4cec4a0f93636131ece36e5f.flac
CANFOR,Interior Broadleaf Working Group ARU Monitoring 2025 Limited Amplitude Processing,3701,MUS124-HR-C,492660,2025-06-10 05:09:00,2894249,1SPT,2622075,t,RCKI,Ruby-crowned Kinglet,CORTHYLIO CALENDULA,Aves,76.28,180.00,1.31,2.06kHz,3.76kHz,5282342,1,Song,1,,f,2,Leonard Patterson,2623,,f,-38.31,-45.56,2,0.005634,-0.014557,0.028168,-31,-59.65,-64.39,2,0,-0.003357,0.003326,-49.48,-40.59,-45.69,2,0.00573,-0.030579,0.040222,-27.91,-58.64,-66.83,2,0,-0.006134,0.005157,-44.25,t,https://portal.wildtrax.ca/home/aru-tasks/recording.html?taskId=2622075,https://wildtrax-aru.s3-accelerate.amazonaws.com/950f408f-2804-421a-878d-ea6c326a443a/02afd61cdfe84443ba766289a1defb88.jpg,https://wildtrax-aru.s3-accelerate.amazonaws.com/950f408f-2804-421a-878d-ea6c326a443a/9a55c87306424e149fca971b33d73f43.flac
CANFOR,Interior Broadleaf Working Group ARU Monitoring 2025 Limited Amplitude Processing,3701,MUS124-HR-C,492660,2025-06-10 05:09:00,2894249,1SPT,2622075,t,WTSP,White-throated Sparrow,ZONOTRICHIA ALBICOLLIS,Aves,78.30,180.00,0.80,2.63kHz,3.24kHz,5282314,4,Song,1,,f,2,Leonard Patterson,2623,,f,-39.47,-45.52,2,0.005729,-0.035797,0.042389,-27.45,-66.65,-69.71,2,0,-0.001648,0.001678,-55.5,-42.16,-46.63,2,0.005676,-0.045319,0.052155,-25.65,-69.18,-72.41,3,0,-0.001251,0.001251,-58.05,t,https://portal.wildtrax.ca/home/aru-tasks/recording.html?taskId=2622075,https://wildtrax-aru.s3-accelerate.amazonaws.com/950f408f-2804-421a-878d-ea6c326a443a/e247b6c7e582480e92459434e7633fa2.jpg,https://wildtrax-aru.s3-accelerate.amazonaws.com/950f408f-2804-421a-878d-ea6c326a443a/9da8b1d6ca8d48778c4df6105d783e60.flac
CANFOR,Interior Broadleaf Working Group ARU Monitoring 2025 Limited Amplitude Processing,3701,MUS124-HR-C,492660,2025-06-10 05:09:00,2894249,1SPT,2622075,t,WTSP,White-throated Sparrow,ZONOTRICHIA ALBICOLLIS,Aves,91.23,180.00,2.44,2.88kHz,5.30kHz,5282319,5,Song,1,,f,2,Leonard Patterson,2623,,f,-38.75,-45.72,2,0.00572,-0.013763,0.025818,-31.76,-60.25,-64.03,2,0,-0.00296,0.00296,-50.57,-41.96,-46.57,2,0.005659,-0.004852,0.016113,-35.86,-60.01,-66.98,4,0,-0.002594,0.002563,-51.72,t,https://portal.wildtrax.ca/home/aru-tasks/recording.html?taskId=2622075,https://wildtrax-aru.s3-accelerate.amazonaws.com/950f408f-2804-421a-878d-ea6c326a443a/3e97464c3d4a44e6857406ac9fa6fb0b.jpg,https://wildtrax-aru.s3-accelerate.amazonaws.com/950f408f-2804-421a-878d-ea6c326a443a/6bf8310ef3ac4c8f918b675231054d60.flac
CANFOR,Interior Broadleaf Working Group ARU Monitoring 2025 Limited Amplitude Processing,3701,MUS124-HR-C,492660,2025-06-10 05:09:00,2894249,1SPT,2622075,t,DUFL,Dusky Flycatcher,EMPIDONAX OBERHOLSERI,Aves,97.76,180.00,0.49,3.04kHz,7.42kHz,5282301,1,Song,1,,f,2,Leonard Patterson,2623,,f,-36.7,-40.55,2,0.005885,-0.037903,0.038727,-28.24,-40.17,-50.7,2,0,-0.031799,0.032104,-29.87,-34.8,-41.61,2,0.005705,-0.044434,0.053223,-25.48,-35.8,-47.56,2,0,-0.044708,0.045959,-26.75,t,https://portal.wildtrax.ca/home/aru-tasks/recording.html?taskId=2622075,https://wildtrax-aru.s3-accelerate.amazonaws.com/950f408f-2804-421a-878d-ea6c326a443a/5376df7f1cd143f6941b5adb54ce26ba.jpg,https://wildtrax-aru.s3-accelerate.amazonaws.com/950f408f-2804-421a-878d-ea6c326a443a/4d5c339068e74a29b3f8977412bc5efe.flac
CANFOR,Interior Broadleaf Working Group ARU Monitoring 2025 Limited Amplitude Processing,3701,MUS124-NT-C,492662,2023-06-08 05:10:00,2756237,1SPT,3174358,t,DUFL,Dusky Flycatcher,EMPIDONAX OBERHOLSERI,Aves,52.25,180.00,0.58,3.19kHz,8.08kHz,5591252,1,Song,1,,f,2,Leonard Patterson,2623,,f,-29.83,-30.23,2,0.031314,0.018005,0.04425,-27.08,-57.4,-58.73,2,-0.000002,-0.00827,0.008057,-41.65,-37.04,-37.63,2,0.013502,0.003815,0.022278,-33.04,-60.88,-62.27,2,-0.000001,-0.004913,0.004028,-46.17,t,https://portal.wildtrax.ca/home/aru-tasks/recording.html?taskId=3174358,https://wildtrax-aru.s3-accelerate.amazonaws.com/a437c698-0153-4da3-8d0b-10c273aa527d/a9b1a1f6f545429c8106d1c4067739fc.jpg,https://wildtrax-aru.s3-accelerate.amazonaws.com/a437c698-0153-4da3-8d0b-10c273aa527d/a08908670d7248e385b0956c0c9b7964.flac
CANFOR,Interior Broadleaf Working Group ARU Monitoring 2025 Limited Amplitude Processing,3701,MUS124-NT-C,492662,2025-06-04 05:12:00,2894250,1SPT,2622076,t,LEFL,Least Flycatcher,EMPIDONAX MINIMUS,Aves,6.90,180.00,0.41,3.64kHz,7.30kHz,5283471,1,Song,1,,f,2,Leonard Patterson,2623,,f,-29.64,-30.19,2,0.030441,0.002502,0.058472,-24.66,-45.25,-48.81,2,-0.000001,-0.014343,0.012634,-36.87,-29.55,-31.62,2,0.022221,-0.034027,0.079224,-22.02,-39.89,-44.03,2,-0.000001,-0.025085,0.020416,-32.01,t,https://portal.wildtrax.ca/home/aru-tasks/recording.html?taskId=2622076,https://wildtrax-aru.s3-accelerate.amazonaws.com/76703451-62eb-43b0-9370-4a27669bae89/61c4ca633caa4c6187ba47ed267001ef.jpg,https://wildtrax-aru.s3-accelerate.amazonaws.com/76703451-62eb-43b0-9370-4a27669bae89/6d5b8fd995e84632b74fbb2bb2f1261b.flac
CANFOR,Interior Broadleaf Working Group ARU Monitoring 2025 Limited Amplitude Processing,3701,MUS124-NT-C,492662,2025-06-04 05:12:00,2894250,1SPT,2622076,t,AMRE,American Redstart,SETOPHAGA RUTICILLA,Aves,15.64,180.00,0.94,3.44kHz,9.10kHz,5283385,1,Song,1,,f,1,Leonard Patterson,2623,,f,-29.69,-30.61,2,0.030324,0.010834,0.055359,-25.14,-43.79,-56.87,2,-0.000001,-0.022766,0.022369,-32.85,-31.7,-33.14,2,0.022416,-0.017426,0.061188,-24.27,-42.19,-53.33,2,0,-0.029327,0.026581,-30.65,t,https://portal.wildtrax.ca/home/aru-tasks/recording.html?taskId=2622076,https://wildtrax-aru.s3-accelerate.amazonaws.com/76703451-62eb-43b0-9370-4a27669bae89/ef5382ffdd9f46f7834d290d9905a4f5.jpg,https://wildtrax-aru.s3-accelerate.amazonaws.com/76703451-62eb-43b0-9370-4a27669bae89/b623b374d4d244398c9408ac1d18e617.flac
CANFOR,Interior Broadleaf Working Group ARU Monitoring 2025 Limited Amplitude Processing,3701,MUS124-NT-C,492662,2025-06-04 05:12:00,2894250,1SPT,2622076,t,WTSP,White-throated Sparrow,ZONOTRICHIA ALBICOLLIS,Aves,29.56,180.00,3.45,2.41kHz,3.95kHz,5283387,1,Song,1,,f,1,Leonard Patterson,2623,,f,-27.75,-30.66,2,0.030309,-0.026001,0.081848,-21.74,-31.67,-63.54,2,0,-0.048584,0.04834,-26.27,-28.04,-32.74,2,0.022541,-0.048401,0.089264,-20.99,-30.35,-56.77,2,0,-0.053497,0.053864,-25.37,t,https://portal.wildtrax.ca/home/aru-tasks/recording.html?taskId=2622076,https://wildtrax-aru.s3-accelerate.amazonaws.com/76703451-62eb-43b0-9370-4a27669bae89/3e2f5d5e142e494fa4021ebf42c065c6.jpg,https://wildtrax-aru.s3-accelerate.amazonaws.com/76703451-62eb-43b0-9370-4a27669bae89/e922218135874e2d8e428d4ffa8d0339.flac
CANFOR,Interior Broadleaf Working Group ARU Monitoring 2025 Limited Amplitude Processing,3701,MUS124-NT-C,492662,2025-06-04 05:12:00,2894250,1SPT,2622076,t,WAVI,Warbling Vireo,VIREO GILVUS,Aves,67.73,180.00,0.99,1.89kHz,5.65kHz,5283416,1,Song,1,,f,1,Leonard Patterson,2623,,f,-29.87,-30.85,2,0.030243,0.019714,0.041229,-27.7,-55.34,-61.2,2,-0.000001,-0.01062,0.005615,-39.48,-31.77,-33.13,2,0.022331,-0.005737,0.051941,-25.69,-52.27,-54.25,2,-0.000001,-0.010254,0.009949,-39.78,t,https://portal.wildtrax.ca/home/aru-tasks/recording.html?taskId=2622076,https://wildtrax-aru.s3-accelerate.amazonaws.com/76703451-62eb-43b0-9370-4a27669bae89/2ead16732c354e6db7cb179fc28a3fcb.jpg,https://wildtrax-aru.s3-accelerate.amazonaws.com/76703451-62eb-43b0-9370-4a27669bae89/f9a03507abac4e1dbf954f99f4ac37b0.flac
CANFOR,Interior Broadleaf Working Group ARU Monitoring 2025 Limited Amplitude Processing,3701,MUS124-NT-C,492662,2025-06-04 05:12:00,2894250,1SPT,2622076,t,YRWA,Yellow-rumped Warbler,SETOPHAGA CORONATA,Aves,81.87,180.00,0.89,3.03kHz,6.43kHz,5283441,1,Song,1,,f,1,Leonard Patterson,2623,,f,-29.84,-30.6,2,0.030369,0.006714,0.052643,-25.57,-53.94,-60.73,2,-0.000001,-0.007507,0.005768,-42.49,-31.67,-32.84,2,0.022351,-0.017029,0.060455,-24.37,-51.41,-55.63,2,-0.000001,-0.007843,0.007477,-42.11,t,https://portal.wildtrax.ca/home/aru-tasks/recording.html?taskId=2622076,https://wildtrax-aru.s3-accelerate.amazonaws.com/76703451-62eb-43b0-9370-4a27669bae89/572d808b0e2b43779037e42cc65c44e4.jpg,https://wildtrax-aru.s3-accelerate.amazonaws.com/76703451-62eb-43b0-9370-4a27669bae89/08de1408d4c947f38b3d2e03118c2002.flac
CANFOR,Interior Broadleaf Working Group ARU Monitoring 2025 Limited Amplitude Processing,3701,MUS124-NT-C,492662,2025-06-04 05:12:00,2894250,1SPT,2622076,t,WTSP,White-throated Sparrow,ZONOTRICHIA ALBICOLLIS,Aves,84.26,180.00,1.44,4.47kHz,5.24kHz,5283449,2,Song,1,,f,1,Leonard Patterson,2623,,f,-28.31,-30.61,2,0.030361,-0.014954,0.075165,-22.48,-54.12,-65.06,2,0,-0.004791,0.00473,-46.39,-30.39,-33.13,2,0.022416,-0.031921,0.076355,-22.34,-54.67,-61.77,2,0,-0.005463,0.005554,-45.11,t,https://portal.wildtrax.ca/home/aru-tasks/recording.html?taskId=2622076,https://wildtrax-aru.s3-accelerate.amazonaws.com/76703451-62eb-43b0-9370-4a27669bae89/b17bb89514d5434baa8288a1219b8691.jpg,https://wildtrax-aru.s3-accelerate.amazonaws.com/76703451-62eb-43b0-9370-4a27669bae89/973d6f84796d4042ba144e1468897b4d.flac
CANFOR,Interior Broadleaf Working Group ARU Monitoring 2025 Limited Amplitude Processing,3701,MUS124-NT-C,492662,2025-06-04 05:12:00,2894250,1SPT,2622076,t,RUGR,Ruffed Grouse,BONASA UMBELLUS,Aves,87.41,180.00,7.21,0.09kHz,0.66kHz,5283451,1,Non-vocal,1,,f,1,Leonard Patterson,2623,,f,-26.5,-31.18,2,0.030364,-0.043152,0.137238,-17.25,-34.91,-38.78,8,-0.012751,-0.04245,0.003723,-27.44,-29.18,-33.19,2,0.022422,-0.092621,0.147308,-16.64,-38.32,-40.31,3,-0.009416,-0.029297,0.008606,-30.66,t,https://portal.wildtrax.ca/home/aru-tasks/recording.html?taskId=2622076,https://wildtrax-aru.s3-accelerate.amazonaws.com/76703451-62eb-43b0-9370-4a27669bae89/96f5b16e63ab4b868bc7fb85de0c357c.jpg,https://wildtrax-aru.s3-accelerate.amazonaws.com/76703451-62eb-43b0-9370-4a27669bae89/334c18a8413a480280bb1a7dba8c8b41.flac
CANFOR,Interior Broadleaf Working Group ARU Monitoring 2025 Limited Amplitude Processing,3701,MUS124-NT-C,492662,2025-06-04 05:12:00,2894250,1SPT,2622076,t,HAWO,Hairy Woodpecker,DRYOBATES VILLOSUS,Aves,100.32,180.00,2.60,0.45kHz,5.34kHz,5283397,1,Song,1,,f,1,Leonard Patterson,2623,,f,-28.06,-30.58,2,0.030493,-0.029968,0.091919,-20.73,-32.25,-54.49,2,-0.000003,-0.059845,0.063171,-23.99,-26.83,-32.99,2,0.022451,-0.060516,0.104156,-19.65,-28.21,-48.58,2,-0.000002,-0.077515,0.084534,-21.46,t,https://portal.wildtrax.ca/home/aru-tasks/recording.html?taskId=2622076,https://wildtrax-aru.s3-accelerate.amazonaws.com/76703451-62eb-43b0-9370-4a27669bae89/60220da96638429b9564ad6899a101f9.jpg,https://wildtrax-aru.s3-accelerate.amazonaws.com/76703451-62eb-43b0-9370-4a27669bae89/f528276f883f430cac711e223a7f1156.flac
CANFOR,Interior Broadleaf Working Group ARU Monitoring 2025 Limited Amplitude Processing,3701,MUS124-NT-C,492662,2025-06-04 05:12:00,2894250,1SPT,2622076,t,LEFL,Least Flycatcher,EMPIDONAX MINIMUS,Aves,103.37,180.00,0.91,2.56kHz,7.76kHz,5283455,2,Song,1,,f,1,Leonard Patterson,2623,,f,-29.93,-30.63,2,0.030506,0.008301,0.051025,-25.84,-47.34,-62.67,2,-0.000001,-0.019409,0.019958,-34,-32.07,-32.95,2,0.02249,-0.00885,0.051605,-25.75,-46.28,-55.44,2,-0.000001,-0.018524,0.018646,-34.59,t,https://portal.wildtrax.ca/home/aru-tasks/recording.html?taskId=2622076,https://wildtrax-aru.s3-accelerate.amazonaws.com/76703451-62eb-43b0-9370-4a27669bae89/42e70bfa41d146ef8dca9f4b7f62ab51.jpg,https://wildtrax-aru.s3-accelerate.amazonaws.com/76703451-62eb-43b0-9370-4a27669bae89/bf9421c0bde74462bd1bff07a5175a3f.flac
CANFOR,Interior Broadleaf Working Group ARU Monitoring 2025 Limited Amplitude Processing,3701,MUS124-NT-C,492662,2025-06-04 05:12:00,2894250,1SPT,2622076,t,UNBI,Unidentified bird,"",Aves,122.12,180.00,0.79,1.07kHz,5.91kHz,5283462,1,Song,1,,f,1,Leonard Patterson,2623,,f,-29.7,-30.73,2,0.030381,0.009674,0.048431,-26.3,-48.47,-53.62,2,-0.000003,-0.016144,0.011383,-35.84,-31.83,-33,2,0.02246,-0.007935,0.050293,-25.97,-48.25,-50.42,2,-0.000002,-0.014496,0.013733,-36.78,t,https://portal.wildtrax.ca/home/aru-tasks/recording.html?taskId=2622076,https://wildtrax-aru.s3-accelerate.amazonaws.com/76703451-62eb-43b0-9370-4a27669bae89/84361f9fca5647eaaf7e81e36d2949c9.jpg,https://wildtrax-aru.s3-accelerate.amazonaws.com/76703451-62eb-43b0-9370-4a27669bae89/0e27f1dc77064533b808237069db0adc.flac
CANFOR,Interior Broadleaf Working Group ARU Monitoring 2025 Limited Amplitude Processing,3701,MUS124-NT-C,492662,2025-06-04 05:12:00,2894250,1SPT,2622076,t,DUFL,Dusky Flycatcher,EMPIDONAX OBERHOLSERI,Aves,125.23,180.00,0.49,2.31kHz,7.56kHz,5283464,1,Song,1,,f,1,Leonard Patterson,2623,,f,-29.6,-30.74,2,0.030585,0.010437,0.051636,-25.74,-49.54,-57.51,2,-0.000002,-0.013794,0.013611,-37.21,-32.12,-32.92,2,0.022487,-0.008789,0.054535,-25.27,-45.25,-52.88,3,-0.000002,-0.018066,0.01889,-34.48,t,https://portal.wildtrax.ca/home/aru-tasks/recording.html?taskId=2622076,https://wildtrax-aru.s3-accelerate.amazonaws.com/76703451-62eb-43b0-9370-4a27669bae89/47a077d4360a42939d44bb669c69895b.jpg,https://wildtrax-aru.s3-accelerate.amazonaws.com/76703451-62eb-43b0-9370-4a27669bae89/0451b3a444ee4796b4e4a38df225188e.flac
CANFOR,Interior Broadleaf Working Group ARU Monitoring 2025 Limited Amplitude Processing,3701,MUS124-NT-C,492662,2025-06-04 05:12:00,2894250,1SPT,2622076,t,SWTH,Swainson's Thrush,CATHARUS USTULATUS,Aves,138.09,180.00,1.41,1.02kHz,6.17kHz,5283388,1,Song,1,,f,1,Leonard Patterson,2623,,f,-29.58,-30.54,2,0.030272,-0.012451,0.068542,-23.28,-37.91,-59.8,2,-0.000002,-0.036133,0.037445,-28.53,-31.44,-32.99,2,0.022544,-0.028381,0.060608,-24.35,-39.55,-50.59,2,-0.000001,-0.035004,0.03598,-28.88,t,https://portal.wildtrax.ca/home/aru-tasks/recording.html?taskId=2622076,https://wildtrax-aru.s3-accelerate.amazonaws.com/76703451-62eb-43b0-9370-4a27669bae89/efdda56d3de947229d65c38985643c2a.jpg,https://wildtrax-aru.s3-accelerate.amazonaws.com/76703451-62eb-43b0-9370-4a27669bae89/a293d74a2fc14bec9e06f80cc92eef29.flac
CANFOR,Interior Broadleaf Working Group ARU Monitoring 2025 Limited Amplitude Processing,3701,MUS124-NT-C,492662,2025-06-04 05:12:00,2894250,1SPT,2622076,t,OCWA,Orange-crowned Warbler,LEIOTHLYPIS CELATA,Aves,149.28,180.00,0.48,3.39kHz,5.04kHz,5283412,1,Song,1,,f,1,Leonard Patterson,2623,,f,-29.99,-30.69,2,0.030304,0.015533,0.040527,-27.85,-60.84,-64.46,2,-0.000001,-0.003387,0.003235,-49.4,-31.96,-33.01,2,0.022339,-0.005646,0.050629,-25.91,-57.25,-59.18,2,-0.000001,-0.006378,0.005707,-43.91,t,https://portal.wildtrax.ca/home/aru-tasks/recording.html?taskId=2622076,https://wildtrax-aru.s3-accelerate.amazonaws.com/76703451-62eb-43b0-9370-4a27669bae89/292caf52e47743da9098bd7140689e87.jpg,https://wildtrax-aru.s3-accelerate.amazonaws.com/76703451-62eb-43b0-9370-4a27669bae89/a93f34249c3c498cbb415fd4359782d0.flac
CANFOR,Interior Broadleaf Working Group ARU Monitoring 2025 Limited Amplitude Processing,3701,MUS124-NT-C,492662,2025-06-04 05:12:00,2894250,1SPT,2622076,t,OCWA,Orange-crowned Warbler,LEIOTHLYPIS CELATA,Aves,150.93,180.00,0.90,3.75kHz,5.91kHz,5283413,2,Song,1,,f,1,Leonard Patterson,2623,,f,-29.85,-30.74,2,0.03038,0.014679,0.044434,-27.05,-58.87,-62.96,2,0,-0.004974,0.005157,-45.75,-32.02,-33.06,2,0.022536,-0.004059,0.048248,-26.33,-56.87,-58.44,2,0,-0.006409,0.00592,-43.86,t,https://portal.wildtrax.ca/home/aru-tasks/recording.html?taskId=2622076,https://wildtrax-aru.s3-accelerate.amazonaws.com/76703451-62eb-43b0-9370-4a27669bae89/1668732eab004d20bc589c0a846199ae.jpg,https://wildtrax-aru.s3-accelerate.amazonaws.com/76703451-62eb-43b0-9370-4a27669bae89/a017ec2da6a84fd58df4689ca543019e.flac
CANFOR,Interior Broadleaf Working Group ARU Monitoring 2025 Limited Amplitude Processing,3701,MUS124-NT-C,492662,2025-06-04 05:12:00,2894250,1SPT,2622076,t,DEJU,Dark-eyed Junco,JUNCO HYEMALIS,Aves,174.52,180.00,0.95,3.28kHz,4.47kHz,5283470,1,Song,1,,f,1,Leonard Patterson,2623,,f,-29.92,-30.63,2,0.030272,0.010315,0.051941,-25.69,-60.82,-65.39,3,0,-0.003387,0.003418,-49.32,-31.87,-33.05,2,0.022575,-0.011658,0.053375,-25.45,-58.78,-60.61,2,0,-0.004211,0.004089,-47.51,t,https://portal.wildtrax.ca/home/aru-tasks/recording.html?taskId=2622076,https://wildtrax-aru.s3-accelerate.amazonaws.com/76703451-62eb-43b0-9370-4a27669bae89/aa82935f556a42bdbafad699927d466c.jpg,https://wildtrax-aru.s3-accelerate.amazonaws.com/76703451-62eb-43b0-9370-4a27669bae89/d2ee31ac583b4b019dea9bc056ab0063.flac
CANFOR,Interior Broadleaf Working Group ARU Monitoring 2025 Limited Amplitude Processing,3701,MUS124-NT-C,492662,2025-06-07 05:10:00,2894251,1SPT,2622077,t,AMRE,American Redstart,SETOPHAGA RUTICILLA,Aves,5.40,180.00,0.73,4.79kHz,8.76kHz,5284764,1,Song,1,,f,1,Leonard Patterson,2623,,f,-29.66,-30.84,2,0.030402,0.017517,0.046997,-26.56,-55.41,-63.13,2,0,-0.009125,0.008179,-40.8,-32.2,-33.11,2,0.022544,-0.000092,0.053406,-25.45,-58.45,-60.15,2,0,-0.005646,0.004639,-44.97,t,https://portal.wildtrax.ca/home/aru-tasks/recording.html?taskId=2622077,https://wildtrax-aru.s3-accelerate.amazonaws.com/2336b8fa-0110-4603-886b-2ee048264911/9a9a3c5a929a44b2acec99fc4a4d7a76.jpg,https://wildtrax-aru.s3-accelerate.amazonaws.com/2336b8fa-0110-4603-886b-2ee048264911/800a1c55e7fa400daf7ea241418079d3.flac
CANFOR,Interior Broadleaf Working Group ARU Monitoring 2025 Limited Amplitude Processing,3701,MUS124-NT-C,492662,2025-06-07 05:10:00,2894251,1SPT,2622077,t,AMRE,American Redstart,SETOPHAGA RUTICILLA,Aves,9.89,180.00,0.85,3.35kHz,8.24kHz,5284763,2,Song,1,,f,1,Leonard Patterson,2623,,f,-29.78,-30.71,2,0.030479,0.016357,0.04837,-26.31,-56.52,-61.52,2,-0.000001,-0.010162,0.005798,-39.86,-31.87,-33.34,2,0.022546,-0.004822,0.048492,-26.29,-53.55,-57.99,2,0,-0.007172,0.007538,-42.46,t,https://portal.wildtrax.ca/home/aru-tasks/recording.html?taskId=2622077,https://wildtrax-aru.s3-accelerate.amazonaws.com/2336b8fa-0110-4603-886b-2ee048264911/cba74cd0f1414f28ad391c6ad0fff929.jpg,https://wildtrax-aru.s3-accelerate.amazonaws.com/2336b8fa-0110-4603-886b-2ee048264911/d419ae577e5d49e4a4f52a8f96cd3ce3.flac
CANFOR,Interior Broadleaf Working Group ARU Monitoring 2025 Limited Amplitude Processing,3701,MUS124-NT-C,492662,2025-06-07 05:10:00,2894251,1SPT,2622077,t,SWTH,Swainson's Thrush,CATHARUS USTULATUS,Aves,10.58,180.00,0.88,0.98kHz,4.17kHz,5284765,1,Song,1,,f,1,Leonard Patterson,2623,,f,-29.33,-30.91,2,0.030475,0.011475,0.050598,-25.92,-48.92,-55.87,2,-0.000003,-0.013458,0.012207,-37.42,-31.8,-33.28,3,0.022546,-0.004486,0.049316,-26.14,-47.7,-51.75,2,-0.000002,-0.013092,0.011414,-37.66,t,https://portal.wildtrax.ca/home/aru-tasks/recording.html?taskId=2622077,https://wildtrax-aru.s3-accelerate.amazonaws.com/2336b8fa-0110-4603-886b-2ee048264911/727eb56001864ad89cd8fc585fac94f8.jpg,https://wildtrax-aru.s3-accelerate.amazonaws.com/2336b8fa-0110-4603-886b-2ee048264911/5e949127d72b463284bee01f77dcb1ee.flac
CANFOR,Interior Broadleaf Working Group ARU Monitoring 2025 Limited Amplitude Processing,3701,MUS124-NT-C,492662,2025-06-07 05:10:00,2894251,1SPT,2622077,t,LEFL,Least Flycatcher,EMPIDONAX MINIMUS,Aves,25.48,180.00,1.80,2.32kHz,9.12kHz,5284755,1,Song,1,,f,1,Leonard Patterson,2623,,f,-29.16,-30.83,2,0.030417,-0.022552,0.087952,-21.12,-38.18,-60.93,2,-0.000001,-0.055298,0.052094,-25.15,-31.25,-33.42,2,0.022604,-0.027069,0.080505,-21.88,-40.49,-56.37,2,-0.000001,-0.052307,0.050537,-25.63,t,https://portal.wildtrax.ca/home/aru-tasks/recording.html?taskId=2622077,https://wildtrax-aru.s3-accelerate.amazonaws.com/2336b8fa-0110-4603-886b-2ee048264911/b6991ff6ac24483a8e7df0ca48db937f.jpg,https://wildtrax-aru.s3-accelerate.amazonaws.com/2336b8fa-0110-4603-886b-2ee048264911/51dd63c2a04b4bc694e08078cc9a8ec2.flac
CANFOR,Interior Broadleaf Working Group ARU Monitoring 2025 Limited Amplitude Processing,3701,MUS124-NT-C,492662,2025-06-07 05:10:00,2894251,1SPT,2622077,t,RUGR,Ruffed Grouse,BONASA UMBELLUS,Aves,28.09,180.00,6.10,0.09kHz,1.07kHz,5285000,1,Non-vocal,1,,f,2,Leonard Patterson,2623,,f,-28.41,-31.01,2,0.030482,-0.030792,0.095154,-20.43,-36.53,-38.65,5,-0.012801,-0.024811,-0.000946,-32.11,-29.83,-33.45,2,0.022517,-0.040771,0.080444,-21.89,-38.33,-40.48,5,-0.009456,-0.026642,0.008148,-31.49,t,https://portal.wildtrax.ca/home/aru-tasks/recording.html?taskId=2622077,https://wildtrax-aru.s3-accelerate.amazonaws.com/2336b8fa-0110-4603-886b-2ee048264911/ccce30bc425d4b54ab972a092c71a307.jpg,https://wildtrax-aru.s3-accelerate.amazonaws.com/2336b8fa-0110-4603-886b-2ee048264911/d835f53df0474a50b86c3b4f5207ebdd.flac
CANFOR,Interior Broadleaf Working Group ARU Monitoring 2025 Limited Amplitude Processing,3701,MUS124-NT-C,492662,2025-06-07 05:10:00,2894251,1SPT,2622077,t,YRWA,Yellow-rumped Warbler,SETOPHAGA CORONATA,Aves,64.67,180.00,0.79,3.49kHz,6.12kHz,5285005,1,Song,1,,f,1,Leonard Patterson,2623,,f,-29.61,-30.9,2,0.030319,0.02005,0.04364,-27.2,-58.2,-63.39,2,-0.000001,-0.006622,0.004608,-43.58,-31.93,-33.34,2,0.022528,-0.003448,0.047211,-26.52,-55.93,-59.3,2,0,-0.006012,0.005981,-44.42,t,https://portal.wildtrax.ca/home/aru-tasks/recording.html?taskId=2622077,https://wildtrax-aru.s3-accelerate.amazonaws.com/2336b8fa-0110-4603-886b-2ee048264911/d14f71fcd2b74934b34d390fdfb2ea0d.jpg,https://wildtrax-aru.s3-accelerate.amazonaws.com/2336b8fa-0110-4603-886b-2ee048264911/fca7279a4b4146779d0c7d188f88a449.flac
CANFOR,Interior Broadleaf Working Group ARU Monitoring 2025 Limited Amplitude Processing,3701,MUS124-NT-C,492662,2025-06-07 05:10:00,2894251,1SPT,2622077,t,LISP,Lincoln's Sparrow,MELOSPIZA LINCOLNII,Aves,70.11,180.00,1.69,1.49kHz,7.00kHz,5284756,1,Song,1,,f,1,Leonard Patterson,2623,,f,-29.47,-30.92,2,0.030415,0.008789,0.054382,-25.29,-45.75,-56.16,2,-0.000001,-0.017578,0.016754,-35.1,-31.59,-33.31,2,0.022404,-0.011719,0.057709,-24.78,-44.5,-52.43,2,-0.000001,-0.020142,0.019928,-33.92,t,https://portal.wildtrax.ca/home/aru-tasks/recording.html?taskId=2622077,https://wildtrax-aru.s3-accelerate.amazonaws.com/2336b8fa-0110-4603-886b-2ee048264911/665664223419466f967679e4b3777589.jpg,https://wildtrax-aru.s3-accelerate.amazonaws.com/2336b8fa-0110-4603-886b-2ee048264911/ecc121ea279c49cea667151a52da2f18.flac
CANFOR,Interior Broadleaf Working Group ARU Monitoring 2025 Limited Amplitude Processing,3701,MUS124-NT-C,492662,2025-06-07 05:10:00,2894251,1SPT,2622077,t,WTSP,White-throated Sparrow,ZONOTRICHIA ALBICOLLIS,Aves,96.93,180.00,3.25,2.32kHz,4.07kHz,5284758,1,Song,1,,f,1,Leonard Patterson,2623,,f,-27.03,-30.63,2,0.030412,-0.021332,0.088867,-21.03,-31.01,-61.76,3,0,-0.052979,0.052704,-25.52,-27.09,-33.03,2,0.022519,-0.052643,0.095917,-20.36,-28.53,-57.48,2,0,-0.062012,0.062286,-24.11,t,https://portal.wildtrax.ca/home/aru-tasks/recording.html?taskId=2622077,https://wildtrax-aru.s3-accelerate.amazonaws.com/2336b8fa-0110-4603-886b-2ee048264911/e9f8004cf62a4c45aa37c38236a64df2.jpg,https://wildtrax-aru.s3-accelerate.amazonaws.com/2336b8fa-0110-4603-886b-2ee048264911/9cce0d4bd7b740e2b7a692c75dbf2601.flac
CANFOR,Interior Broadleaf Working Group ARU Monitoring 2025 Limited Amplitude Processing,3701,MUS124-NT-C,492662,2025-06-07 05:10:00,2894251,1SPT,2622077,t,WTSP,White-throated Sparrow,ZONOTRICHIA ALBICOLLIS,Aves,118.63,180.00,1.09,2.98kHz,3.54kHz,5285004,2,Song,1,,f,1,Leonard Patterson,2623,,f,-29.74,-30.87,2,0.030456,0.016388,0.043427,-27.24,-59.79,-66.92,3,0,-0.00296,0.003021,-50.4,-32.02,-33.32,2,0.022521,-0.002594,0.049286,-26.15,-59.14,-63.57,2,0,-0.003418,0.003387,-49.32,t,https://portal.wildtrax.ca/home/aru-tasks/recording.html?taskId=2622077,https://wildtrax-aru.s3-accelerate.amazonaws.com/2336b8fa-0110-4603-886b-2ee048264911/3dc0e637112342939fcd7502cbd03e89.jpg,https://wildtrax-aru.s3-accelerate.amazonaws.com/2336b8fa-0110-4603-886b-2ee048264911/cde18600b7a74ee7a09c9d6e352e1b07.flac
CANFOR,Interior Broadleaf Working Group ARU Monitoring 2025 Limited Amplitude Processing,3701,MUS124-NT-C,492662,2025-06-07 05:10:00,2894251,1SPT,2622077,t,WAVI,Warbling Vireo,VIREO GILVUS,Aves,125.15,180.00,1.08,1.39kHz,4.27kHz,5284762,1,Song,1,,f,1,Leonard Patterson,2623,,f,-29.76,-30.86,2,0.030491,0.00943,0.051483,-25.77,-48.18,-60.03,2,-0.000001,-0.012177,0.011993,-38.29,-31.78,-33.22,2,0.022552,-0.00473,0.051392,-25.78,-46.84,-55.4,2,-0.000001,-0.014526,0.014313,-36.76,t,https://portal.wildtrax.ca/home/aru-tasks/recording.html?taskId=2622077,https://wildtrax-aru.s3-accelerate.amazonaws.com/2336b8fa-0110-4603-886b-2ee048264911/761ddd79f1a84a4abeefb30bcc193936.jpg,https://wildtrax-aru.s3-accelerate.amazonaws.com/2336b8fa-0110-4603-886b-2ee048264911/f92ce848889347e4bd63710871e0e905.flac
CANFOR,Interior Broadleaf Working Group ARU Monitoring 2025 Limited Amplitude Processing,3701,MUS124-NT-C,492662,2025-06-07 05:10:00,2894251,1SPT,2622077,t,WTSP,White-throated Sparrow,ZONOTRICHIA ALBICOLLIS,Aves,139.44,180.00,2.09,3.28kHz,3.90kHz,5285002,3,Song,1,,f,1,Leonard Patterson,2623,,f,-29.8,-30.69,2,0.030445,0.018799,0.042572,-27.42,-54.14,-65.24,2,0,-0.003906,0.003906,-48.16,-31.72,-33.14,2,0.022471,-0.003571,0.050781,-25.89,-56.77,-64.08,2,0,-0.003693,0.003662,-48.65,t,https://portal.wildtrax.ca/home/aru-tasks/recording.html?taskId=2622077,https://wildtrax-aru.s3-accelerate.amazonaws.com/2336b8fa-0110-4603-886b-2ee048264911/014f6c827f4e4ba98198e3b23004b369.jpg,https://wildtrax-aru.s3-accelerate.amazonaws.com/2336b8fa-0110-4603-886b-2ee048264911/cfacf85555a5456aae606829fe774beb.flac
CANFOR,Interior Broadleaf Working Group ARU Monitoring 2025 Limited Amplitude Processing,3701,MUS124-NT-C,492662,2025-06-07 05:10:00,2894251,1SPT,2622077,t,WTSP,White-throated Sparrow,ZONOTRICHIA ALBICOLLIS,Aves,143.28,180.00,0.61,3.70kHz,4.52kHz,5285003,4,Song,1,,f,2,Leonard Patterson,2623,,f,-29.95,-30.61,2,0.030469,0.019958,0.044586,-27.02,-59.35,-64.66,2,0,-0.004517,0.004486,-46.9,-31.82,-33.23,2,0.022457,-0.005646,0.048096,-26.36,-53.32,-61.37,2,0,-0.004913,0.004913,-46.17,t,https://portal.wildtrax.ca/home/aru-tasks/recording.html?taskId=2622077,https://wildtrax-aru.s3-accelerate.amazonaws.com/2336b8fa-0110-4603-886b-2ee048264911/d143af78dbb54b5a9f79c5e81969626e.jpg,https://wildtrax-aru.s3-accelerate.amazonaws.com/2336b8fa-0110-4603-886b-2ee048264911/bf49f195b1334d2796d1cf467b347b82.flac
CANFOR,Interior Broadleaf Working Group ARU Monitoring 2025 Limited Amplitude Processing,3701,MUS124-NT-C,492662,2025-06-07 05:10:00,2894251,1SPT,2622077,t,AMRO,American Robin,TURDUS MIGRATORIUS,Aves,154.76,180.00,3.98,1.29kHz,3.50kHz,5284761,1,Song,1,,f,1,Leonard Patterson,2623,,f,-29.7,-30.86,2,0.030443,-0.015442,0.068146,-23.33,-46.15,-61.23,3,0,-0.012085,0.012054,-38.36,-31.44,-33.16,2,0.022538,-0.020599,0.071594,-22.9,-42.06,-55.96,2,0,-0.021667,0.022095,-33.11,t,https://portal.wildtrax.ca/home/aru-tasks/recording.html?taskId=2622077,https://wildtrax-aru.s3-accelerate.amazonaws.com/2336b8fa-0110-4603-886b-2ee048264911/e89aa01690a44bf38c00be4c71b86184.jpg,https://wildtrax-aru.s3-accelerate.amazonaws.com/2336b8fa-0110-4603-886b-2ee048264911/dba3e972bc894e338c81fc5221d3dca8.flac
CANFOR,Interior Broadleaf Working Group ARU Monitoring 2025 Limited Amplitude Processing,3701,MUS124-NT-C,492662,2025-06-07 05:10:00,2894251,1SPT,2622077,t,LEFL,Least Flycatcher,EMPIDONAX MINIMUS,Aves,165.98,180.00,0.44,2.94kHz,8.09kHz,5284759,2,Song,1,,f,1,Leonard Patterson,2623,,f,-29.97,-30.65,2,0.030286,0.019409,0.04953,-26.1,-53.15,-61.01,2,-0.000002,-0.014618,0.012604,-36.7,-32.04,-33.13,2,0.022525,-0.003235,0.053741,-25.39,-50.48,-56.98,2,-0.000001,-0.014954,0.015411,-36.24,t,https://portal.wildtrax.ca/home/aru-tasks/recording.html?taskId=2622077,https://wildtrax-aru.s3-accelerate.amazonaws.com/2336b8fa-0110-4603-886b-2ee048264911/e8f317882fe14dccab6acb49ea74f160.jpg,https://wildtrax-aru.s3-accelerate.amazonaws.com/2336b8fa-0110-4603-886b-2ee048264911/c447cc4e61a14688b5f57d7c08b8d169.flac
CANFOR,Interior Broadleaf Working Group ARU Monitoring 2025 Limited Amplitude Processing,3701,MUS124-NT-C,492662,2025-06-10 05:09:00,2894252,1SPT,2622078,t,UNBI,Unidentified bird,"",Aves,9.86,180.00,3.60,0.81kHz,1.64kHz,5283349,1,Song,1,,f,1,Leonard Patterson,2623,,f,-29.68,-30.57,2,0.030604,-0.004456,0.065277,-23.7,-63.33,-70.59,2,-0.000001,-0.007416,0.004364,-42.6,-31.09,-33.06,2,0.022648,-0.021515,0.074341,-22.58,-53.35,-56.5,3,0,-0.007996,0.007874,-41.94,t,https://portal.wildtrax.ca/home/aru-tasks/recording.html?taskId=2622078,https://wildtrax-aru.s3-accelerate.amazonaws.com/f5d89674-9551-4847-9fc9-db5d837bea25/d9e48e1e070a49b5a8086b18578b0f83.jpg,https://wildtrax-aru.s3-accelerate.amazonaws.com/f5d89674-9551-4847-9fc9-db5d837bea25/6dff3185298c439db3790cb65eff9f68.flac
CANFOR,Interior Broadleaf Working Group ARU Monitoring 2025 Limited Amplitude Processing,3701,MUS124-NT-C,492662,2025-06-10 05:09:00,2894252,1SPT,2622078,t,WTSP,White-throated Sparrow,ZONOTRICHIA ALBICOLLIS,Aves,14.14,180.00,1.30,3.13kHz,4.47kHz,5283365,1,Song,1,,f,1,Leonard Patterson,2623,,f,-30.05,-30.52,2,0.030548,0.020233,0.043884,-27.15,-56.69,-65.57,2,0,-0.003815,0.003906,-48.16,-31.68,-33.06,2,0.022506,-0.017761,0.052368,-25.62,-53.55,-60.68,4,0,-0.005707,0.005737,-44.83,t,https://portal.wildtrax.ca/home/aru-tasks/recording.html?taskId=2622078,https://wildtrax-aru.s3-accelerate.amazonaws.com/f5d89674-9551-4847-9fc9-db5d837bea25/42c3549b9c8b42d282e99e84ca613b22.jpg,https://wildtrax-aru.s3-accelerate.amazonaws.com/f5d89674-9551-4847-9fc9-db5d837bea25/4423c07892a84ed581a5b549197f481f.flac
CANFOR,Interior Broadleaf Working Group ARU Monitoring 2025 Limited Amplitude Processing,3701,MUS124-NT-C,492662,2025-06-10 05:09:00,2894252,1SPT,2622078,t,DUFL,Dusky Flycatcher,EMPIDONAX OBERHOLSERI,Aves,15.42,180.00,0.31,3.54kHz,5.76kHz,5283351,1,Song,1,,f,1,Leonard Patterson,2623,,f,-30.01,-30.25,2,0.03065,0.020996,0.0383,-28.34,-59.79,-61.88,2,-0.000001,-0.005157,0.004761,-45.75,-32.22,-33,2,0.022437,-0.004059,0.050232,-25.98,-57.66,-58.62,2,-0.000001,-0.006317,0.00589,-43.99,t,https://portal.wildtrax.ca/home/aru-tasks/recording.html?taskId=2622078,https://wildtrax-aru.s3-accelerate.amazonaws.com/f5d89674-9551-4847-9fc9-db5d837bea25/81c335c7a2714acaa5780be4e39f0887.jpg,https://wildtrax-aru.s3-accelerate.amazonaws.com/f5d89674-9551-4847-9fc9-db5d837bea25/380fd4c5be8d40b984a92820233a95a0.flac
CANFOR,Interior Broadleaf Working Group ARU Monitoring 2025 Limited Amplitude Processing,3701,MUS124-NT-C,492662,2025-06-10 05:09:00,2894252,1SPT,2622078,t,AMRE,American Redstart,SETOPHAGA RUTICILLA,Aves,33.23,180.00,1.36,3.18kHz,8.74kHz,5283333,1,Song,1,,f,1,Leonard Patterson,2623,,f,-29.9,-30.42,2,0.030638,0.004456,0.057495,-24.81,-42.95,-60.44,2,0,-0.025543,0.027161,-31.32,-31.39,-32.99,2,0.022677,-0.018311,0.061493,-24.22,-42.14,-55.4,2,0,-0.027069,0.029022,-30.75,t,https://portal.wildtrax.ca/home/aru-tasks/recording.html?taskId=2622078,https://wildtrax-aru.s3-accelerate.amazonaws.com/f5d89674-9551-4847-9fc9-db5d837bea25/b600b1ddf6a3400da364c557abf1c58d.jpg,https://wildtrax-aru.s3-accelerate.amazonaws.com/f5d89674-9551-4847-9fc9-db5d837bea25/31d82409d4004149b6efaf74b0f43d20.flac
CANFOR,Interior Broadleaf Working Group ARU Monitoring 2025 Limited Amplitude Processing,3701,MUS124-NT-C,492662,2025-06-10 05:09:00,2894252,1SPT,2622078,t,WAVI,Warbling Vireo,VIREO GILVUS,Aves,46.18,180.00,1.20,1.43kHz,6.43kHz,5283355,1,Song,1,,f,1,Leonard Patterson,2623,,f,-29.77,-30.57,2,0.030567,0.004883,0.055573,-25.1,-42.45,-61.3,2,-0.000002,-0.024231,0.024445,-32.24,-31.53,-33.06,2,0.022516,-0.014282,0.059692,-24.48,-40.93,-53.45,2,-0.000001,-0.030487,0.029327,-30.32,t,https://portal.wildtrax.ca/home/aru-tasks/recording.html?taskId=2622078,https://wildtrax-aru.s3-accelerate.amazonaws.com/f5d89674-9551-4847-9fc9-db5d837bea25/0d649ea490564e24a2b4bc15f1215dd8.jpg,https://wildtrax-aru.s3-accelerate.amazonaws.com/f5d89674-9551-4847-9fc9-db5d837bea25/8b5319975f0d4cdaaf51a4ed442cfe4b.flac
CANFOR,Interior Broadleaf Working Group ARU Monitoring 2025 Limited Amplitude Processing,3701,MUS124-NT-C,492662,2025-06-10 05:09:00,2894252,1SPT,2622078,t,AMRO,American Robin,TURDUS MIGRATORIUS,Aves,48.48,180.00,2.45,1.07kHz,3.59kHz,5283336,1,Song,1,,f,1,Leonard Patterson,2623,,f,-29.88,-30.58,3,0.030547,0.010559,0.050903,-25.87,-43.97,-62.4,2,-0.000001,-0.016266,0.016388,-35.71,-31.53,-33,2,0.022559,-0.018219,0.06012,-24.42,-40.8,-53.87,2,0,-0.026062,0.027924,-31.08,t,https://portal.wildtrax.ca/home/aru-tasks/recording.html?taskId=2622078,https://wildtrax-aru.s3-accelerate.amazonaws.com/f5d89674-9551-4847-9fc9-db5d837bea25/209ef4726d314dd79ea7816a892e1ba7.jpg,https://wildtrax-aru.s3-accelerate.amazonaws.com/f5d89674-9551-4847-9fc9-db5d837bea25/85fe9e563283421eab359d942839f316.flac
CANFOR,Interior Broadleaf Working Group ARU Monitoring 2025 Limited Amplitude Processing,3701,MUS124-NT-C,492662,2025-06-10 05:09:00,2894252,1SPT,2622078,t,PIWO,Pileated Woodpecker,DRYOCOPUS PILEATUS,Aves,58.48,180.00,10.56,0.25kHz,2.05kHz,5283340,1,Call,1,,f,1,Leonard Patterson,2623,,f,-28.59,-30.54,2,0.030554,-0.03653,0.092957,-20.63,-34.63,-58.22,2,-0.000693,-0.058105,0.061829,-24.18,-29.15,-33.25,2,0.022547,-0.072021,0.121399,-18.32,-33.24,-48.56,2,-0.000512,-0.08197,0.080261,-21.73,t,https://portal.wildtrax.ca/home/aru-tasks/recording.html?taskId=2622078,https://wildtrax-aru.s3-accelerate.amazonaws.com/f5d89674-9551-4847-9fc9-db5d837bea25/41c46e3c4e76466c88c8548467f3e5a4.jpg,https://wildtrax-aru.s3-accelerate.amazonaws.com/f5d89674-9551-4847-9fc9-db5d837bea25/dc738fbbaa714c34a01df1f385915a91.flac
CANFOR,Interior Broadleaf Working Group ARU Monitoring 2025 Limited Amplitude Processing,3701,MUS124-NT-C,492662,2025-06-10 05:09:00,2894252,1SPT,2622078,t,LEFL,Least Flycatcher,EMPIDONAX MINIMUS,Aves,98.33,180.00,2.69,3.13kHz,7.66kHz,5283347,1,Song,1,,f,1,Leonard Patterson,2623,,f,-29.9,-30.53,2,0.03055,0.017365,0.042694,-27.39,-54.83,-64.42,2,0,-0.008942,0.006195,-40.97,-31.85,-33.15,2,0.02252,-0.005615,0.054718,-25.24,-54.01,-57.59,2,0,-0.008423,0.006561,-41.49,t,https://portal.wildtrax.ca/home/aru-tasks/recording.html?taskId=2622078,https://wildtrax-aru.s3-accelerate.amazonaws.com/f5d89674-9551-4847-9fc9-db5d837bea25/60cb3d76e992421399d0583a6cf59639.jpg,https://wildtrax-aru.s3-accelerate.amazonaws.com/f5d89674-9551-4847-9fc9-db5d837bea25/5e1fd8945263483983bf291996ca84b6.flac
CANFOR,Interior Broadleaf Working Group ARU Monitoring 2025 Limited Amplitude Processing,3701,MUS124-NT-C,492662,2025-06-10 05:09:00,2894252,1SPT,2622078,t,WISN,Wilson's Snipe,GALLINAGO DELICATA,Aves,105.92,180.00,1.10,0.14kHz,1.22kHz,5283356,1,Non-vocal,1,,f,2,Leonard Patterson,2623,,f,-29.88,-30.73,2,0.030528,0.01236,0.047821,-26.41,-43.46,-44.55,4,-0.006235,-0.019745,-0.002838,-34.09,-31.83,-33.11,2,0.022458,-0.012665,0.058289,-24.69,-43.14,-44.74,3,-0.004589,-0.023956,0.010437,-32.41,t,https://portal.wildtrax.ca/home/aru-tasks/recording.html?taskId=2622078,https://wildtrax-aru.s3-accelerate.amazonaws.com/f5d89674-9551-4847-9fc9-db5d837bea25/4ce75f899d18472da1c61ddb96352e80.jpg,https://wildtrax-aru.s3-accelerate.amazonaws.com/f5d89674-9551-4847-9fc9-db5d837bea25/873f003de62b4b91870744d1a84d5be7.flac
CANFOR,Interior Broadleaf Working Group ARU Monitoring 2025 Limited Amplitude Processing,3701,MUS124-NT-C,492662,2025-06-10 05:09:00,2894252,1SPT,2622078,t,AMRE,American Redstart,SETOPHAGA RUTICILLA,Aves,138.27,180.00,0.78,3.34kHz,9.16kHz,5283358,2,Song,1,,t,1,Leonard Patterson,2623,2623,f,-29.92,-30.58,2,0.03055,0.017426,0.042053,-27.52,-53.29,-58.52,2,-0.000001,-0.009308,0.007416,-40.62,-31.62,-33.02,2,0.022585,-0.006439,0.056793,-24.91,-49.56,-54.12,2,-0.000001,-0.012512,0.011322,-38.05,t,https://portal.wildtrax.ca/home/aru-tasks/recording.html?taskId=2622078,https://wildtrax-aru.s3-accelerate.amazonaws.com/f5d89674-9551-4847-9fc9-db5d837bea25/e1dfea1121554d69b07e0804fe1c1aa7.jpg,https://wildtrax-aru.s3-accelerate.amazonaws.com/f5d89674-9551-4847-9fc9-db5d837bea25/cc3a6ac1ad034316877ef0950b7ca0c8.flac
CANFOR,Interior Broadleaf Working Group ARU Monitoring 2025 Limited Amplitude Processing,3701,MUS124-NT-C,492662,2025-06-10 05:09:00,2894252,1SPT,2622078,t,HETH,Hermit Thrush,CATHARUS GUTTATUS,Aves,160.84,180.00,0.85,1.58kHz,3.80kHz,5283382,1,Song,1,,f,1,Leonard Patterson,2623,,f,-30.08,-30.52,2,0.030502,0.016846,0.049835,-26.05,-62.36,-65.46,3,-0.000001,-0.007812,0.003723,-42.14,-31.91,-33.21,2,0.022406,-0.007477,0.056305,-24.99,-53.64,-55.72,2,-0.000001,-0.006744,0.006073,-43.42,t,https://portal.wildtrax.ca/home/aru-tasks/recording.html?taskId=2622078,https://wildtrax-aru.s3-accelerate.amazonaws.com/f5d89674-9551-4847-9fc9-db5d837bea25/b1b4f446368544bfa480519fa8f78882.jpg,https://wildtrax-aru.s3-accelerate.amazonaws.com/f5d89674-9551-4847-9fc9-db5d837bea25/ebab6351d52f4518aaa9c3beba860587.flac
CANFOR,Interior Broadleaf Working Group ARU Monitoring 2025 Limited Amplitude Processing,3701,MUS124-NT-C,492662,2025-06-10 05:09:00,2894252,1SPT,2622078,t,SWTH,Swainson's Thrush,CATHARUS USTULATUS,Aves,173.16,180.00,1.25,1.12kHz,4.06kHz,5283344,1,Song,1,,f,1,Leonard Patterson,2623,,f,-29.85,-30.63,2,0.030511,0.019257,0.044159,-27.1,-51.61,-61.88,2,-0.000002,-0.012573,0.006836,-38.01,-31.86,-33.18,2,0.02256,-0.005524,0.054657,-25.25,-47.14,-53.78,2,-0.000001,-0.013245,0.014771,-36.61,t,https://portal.wildtrax.ca/home/aru-tasks/recording.html?taskId=2622078,https://wildtrax-aru.s3-accelerate.amazonaws.com/f5d89674-9551-4847-9fc9-db5d837bea25/37936d3432934e38b6167f6015956620.jpg,https://wildtrax-aru.s3-accelerate.amazonaws.com/f5d89674-9551-4847-9fc9-db5d837bea25/ac21e223c7b544649158d36490dd57d7.flac
CANFOR,Interior Broadleaf Working Group ARU Monitoring 2025 Limited Amplitude Processing,3701,MUS155-FR-C,492665,2025-06-04 05:12:00,2894253,1SPT,2622079,t,RCKI,Ruby-crowned Kinglet,CORTHYLIO CALENDULA,Aves,8.50,180.00,2.15,1.65kHz,3.71kHz,5284714,1,Song,1,,f,2,Leonard Patterson,2623,,f,-35.24,-38.77,2,0.012847,-0.009918,0.037994,-28.41,-56.54,-60.54,2,0,-0.005341,0.005035,-45.45,-30.99,-31.81,2,0.026464,0.013977,0.039124,-28.15,-52.63,-63.09,2,0,-0.006195,0.006134,-44.16,t,https://portal.wildtrax.ca/home/aru-tasks/recording.html?taskId=2622079,https://wildtrax-aru.s3-accelerate.amazonaws.com/f89f1ba9-4383-4608-ba55-1148742c0838/4682b80fab374525a7c0a6cf58077aa8.jpg,https://wildtrax-aru.s3-accelerate.amazonaws.com/f89f1ba9-4383-4608-ba55-1148742c0838/d33852a11a8f4b4fa057dc397fc20369.flac
CANFOR,Interior Broadleaf Working Group ARU Monitoring 2025 Limited Amplitude Processing,3701,MUS155-FR-C,492665,2025-06-04 05:12:00,2894253,1SPT,2622079,t,YRWA,Yellow-rumped Warbler,SETOPHAGA CORONATA,Aves,17.51,180.00,1.10,3.50kHz,5.67kHz,5284730,1,Song,1,,f,2,Leonard Patterson,2623,,f,-35.55,-38.66,2,0.012802,-0.01651,0.035553,-28.98,-58.16,-60.77,2,0,-0.004333,0.004395,-47.14,-26.05,-33.62,2,0.026354,-0.00766,0.084808,-21.43,-55.21,-60.68,2,0,-0.005646,0.005646,-44.97,t,https://portal.wildtrax.ca/home/aru-tasks/recording.html?taskId=2622079,https://wildtrax-aru.s3-accelerate.amazonaws.com/f89f1ba9-4383-4608-ba55-1148742c0838/59f86083cfbe4a51953e3912b242f34d.jpg,https://wildtrax-aru.s3-accelerate.amazonaws.com/f89f1ba9-4383-4608-ba55-1148742c0838/69c365d740f84ab6bce4c4a7718620cd.flac
CANFOR,Interior Broadleaf Working Group ARU Monitoring 2025 Limited Amplitude Processing,3701,MUS155-FR-C,492665,2025-06-04 05:12:00,2894253,1SPT,2622079,t,OCWA,Orange-crowned Warbler,LEIOTHLYPIS CELATA,Aves,47.61,180.00,1.41,3.66kHz,5.92kHz,5284732,1,Song,1,,f,2,Leonard Patterson,2623,,f,-35.6,-38.56,2,0.01298,-0.010956,0.036743,-28.7,-59.15,-62.05,2,0,-0.004089,0.003998,-47.77,-30.98,-32.19,2,0.026561,0.013428,0.038544,-28.28,-56.33,-62.53,2,0,-0.005188,0.005035,-45.7,t,https://portal.wildtrax.ca/home/aru-tasks/recording.html?taskId=2622079,https://wildtrax-aru.s3-accelerate.amazonaws.com/f89f1ba9-4383-4608-ba55-1148742c0838/dc89977e1bbb4bca98a1539d1e20d979.jpg,https://wildtrax-aru.s3-accelerate.amazonaws.com/f89f1ba9-4383-4608-ba55-1148742c0838/7b28f5719a3c45a185f319bd4102675f.flac
CANFOR,Interior Broadleaf Working Group ARU Monitoring 2025 Limited Amplitude Processing,3701,MUS155-FR-C,492665,2025-06-04 05:12:00,2894253,1SPT,2622079,t,NOWA,Northern Waterthrush,PARKESIA NOVEBORACENSIS,Aves,56.06,180.00,1.53,1.39kHz,6.28kHz,5284729,1,Song,1,,f,2,Leonard Patterson,2623,,f,-35.22,-38.56,2,0.012967,-0.0112,0.03656,-28.74,-53.86,-57.2,2,-0.000001,-0.007751,0.006927,-42.21,-29.87,-32.8,2,0.026586,0.009796,0.042633,-27.41,-52.63,-59.58,2,-0.000001,-0.011566,0.007599,-38.74,t,https://portal.wildtrax.ca/home/aru-tasks/recording.html?taskId=2622079,https://wildtrax-aru.s3-accelerate.amazonaws.com/f89f1ba9-4383-4608-ba55-1148742c0838/5450b8fefd994da89d0c9c54cf127f59.jpg,https://wildtrax-aru.s3-accelerate.amazonaws.com/f89f1ba9-4383-4608-ba55-1148742c0838/347c427e7e2143728f11fe39c0a9dea3.flac
CANFOR,Interior Broadleaf Working Group ARU Monitoring 2025 Limited Amplitude Processing,3701,MUS155-FR-C,492665,2025-06-04 05:12:00,2894253,1SPT,2622079,t,NOWA,Northern Waterthrush,PARKESIA NOVEBORACENSIS,Aves,80.94,180.00,1.33,2.32kHz,6.49kHz,5284744,2,Song,1,,f,2,Leonard Patterson,2623,,f,-35.53,-38.41,2,0.012937,-0.012268,0.036224,-28.82,-56.76,-58.87,2,0,-0.005463,0.004883,-45.25,-30.85,-32.63,2,0.026432,0.013184,0.039673,-28.03,-57.14,-60.67,2,-0.000001,-0.00943,0.005219,-40.51,t,https://portal.wildtrax.ca/home/aru-tasks/recording.html?taskId=2622079,https://wildtrax-aru.s3-accelerate.amazonaws.com/f89f1ba9-4383-4608-ba55-1148742c0838/cb9c6e0ce45f44059279ae836922f120.jpg,https://wildtrax-aru.s3-accelerate.amazonaws.com/f89f1ba9-4383-4608-ba55-1148742c0838/348460dd0d3c4f01869e930986b2c000.flac
CANFOR,Interior Broadleaf Working Group ARU Monitoring 2025 Limited Amplitude Processing,3701,MUS155-FR-C,492665,2025-06-04 05:12:00,2894253,1SPT,2622079,t,DUFL,Dusky Flycatcher,EMPIDONAX OBERHOLSERI,Aves,96.51,180.00,0.45,3.66kHz,7.93kHz,5284728,1,Song,1,,f,2,Leonard Patterson,2623,,f,-35.87,-37.92,2,0.012723,-0.007843,0.034363,-29.28,-53.93,-59.81,2,-0.000001,-0.006287,0.005798,-44.03,-31.06,-31.8,2,0.026425,0.011841,0.038544,-28.28,-48.88,-59.25,2,-0.000001,-0.010345,0.010132,-39.71,t,https://portal.wildtrax.ca/home/aru-tasks/recording.html?taskId=2622079,https://wildtrax-aru.s3-accelerate.amazonaws.com/f89f1ba9-4383-4608-ba55-1148742c0838/5f5350862a1b4268831402dd0ffa7e97.jpg,https://wildtrax-aru.s3-accelerate.amazonaws.com/f89f1ba9-4383-4608-ba55-1148742c0838/47ee0f0754c0475381e44d3376a39597.flac
CANFOR,Interior Broadleaf Working Group ARU Monitoring 2025 Limited Amplitude Processing,3701,MUS155-FR-C,492665,2025-06-04 05:12:00,2894253,1SPT,2622079,t,WETA,Western Tanager,PIRANGA LUDOVICIANA,Aves,105.88,180.00,0.40,1.70kHz,3.14kHz,5284721,1,Song,1,,f,2,Leonard Patterson,2623,,f,-35.89,-38.33,2,0.013241,-0.008392,0.034882,-29.15,-56.56,-58.82,2,-0.000002,-0.005707,0.00473,-44.87,-28.5,-32.69,2,0.026623,0.002014,0.052094,-25.66,-54.4,-57.29,2,-0.000001,-0.005768,0.005737,-44.78,t,https://portal.wildtrax.ca/home/aru-tasks/recording.html?taskId=2622079,https://wildtrax-aru.s3-accelerate.amazonaws.com/f89f1ba9-4383-4608-ba55-1148742c0838/4df9d50dde934139b4f8408436f78e4b.jpg,https://wildtrax-aru.s3-accelerate.amazonaws.com/f89f1ba9-4383-4608-ba55-1148742c0838/7d36205306ce4fc48395f0078d10ee88.flac
CANFOR,Interior Broadleaf Working Group ARU Monitoring 2025 Limited Amplitude Processing,3701,MUS155-FR-C,492665,2025-06-04 05:12:00,2894253,1SPT,2622079,t,TRES,Tree Swallow,TACHYCINETA BICOLOR,Aves,124.91,180.00,0.41,2.42kHz,6.18kHz,5284749,1,Song,1,,f,2,Leonard Patterson,2623,,f,-35.13,-38.11,2,0.013029,-0.006653,0.040588,-27.83,-54.47,-58.58,2,-0.000001,-0.011322,0.010986,-38.92,-28.72,-35.15,2,0.027221,-0.006409,0.056183,-25.01,-54.32,-60.13,2,-0.000002,-0.010315,0.009857,-39.73,t,https://portal.wildtrax.ca/home/aru-tasks/recording.html?taskId=2622079,https://wildtrax-aru.s3-accelerate.amazonaws.com/f89f1ba9-4383-4608-ba55-1148742c0838/50653adddea24f97a47b11d29942efea.jpg,https://wildtrax-aru.s3-accelerate.amazonaws.com/f89f1ba9-4383-4608-ba55-1148742c0838/430832e173084f398a66a72392eafe7c.flac
CANFOR,Interior Broadleaf Working Group ARU Monitoring 2025 Limited Amplitude Processing,3701,MUS155-FR-C,492665,2025-06-04 05:12:00,2894253,1SPT,2622079,t,WTSP,White-throated Sparrow,ZONOTRICHIA ALBICOLLIS,Aves,128.19,180.00,0.86,2.94kHz,3.40kHz,5284746,1,Song,1,,f,2,Leonard Patterson,2623,,f,-35.51,-38.63,2,0.012734,-0.00827,0.035095,-29.1,-66.86,-69.59,2,0,-0.001526,0.001495,-56.33,-30.32,-32.7,2,0.026634,0.013611,0.041748,-27.59,-66.22,-70.62,2,0,-0.00177,0.00177,-55.04,t,https://portal.wildtrax.ca/home/aru-tasks/recording.html?taskId=2622079,https://wildtrax-aru.s3-accelerate.amazonaws.com/f89f1ba9-4383-4608-ba55-1148742c0838/0ef739444c3846db8c00c57bbec5e71d.jpg,https://wildtrax-aru.s3-accelerate.amazonaws.com/f89f1ba9-4383-4608-ba55-1148742c0838/8337f755b78b4e1391822105e3b51324.flac
CANFOR,Interior Broadleaf Working Group ARU Monitoring 2025 Limited Amplitude Processing,3701,MUS155-FR-C,492665,2025-06-04 05:12:00,2894253,1SPT,2622079,t,AMBI,American Bittern,BOTAURUS LENTIGINOSUS,Aves,133.36,180.00,7.46,0.10kHz,1.65kHz,5284752,1,Song,1,,f,2,Leonard Patterson,2623,,f,-34.87,-38.63,2,0.012862,-0.022522,0.041443,-27.65,-42.89,-46.29,2,-0.004635,-0.020477,0.013947,-33.77,-28.65,-34.65,2,0.026441,-0.012238,0.058472,-24.66,-37.47,-43.42,2,-0.00953,-0.033295,0.004669,-29.55,t,https://portal.wildtrax.ca/home/aru-tasks/recording.html?taskId=2622079,https://wildtrax-aru.s3-accelerate.amazonaws.com/f89f1ba9-4383-4608-ba55-1148742c0838/99fe91555f4f4be09127fc0722ad5a98.jpg,https://wildtrax-aru.s3-accelerate.amazonaws.com/f89f1ba9-4383-4608-ba55-1148742c0838/1271963667554b28ba2587bc8d5d7f21.flac
CANFOR,Interior Broadleaf Working Group ARU Monitoring 2025 Limited Amplitude Processing,3701,MUS155-FR-C,492665,2025-06-04 05:12:00,2894253,1SPT,2622079,t,WTSP,White-throated Sparrow,ZONOTRICHIA ALBICOLLIS,Aves,161.51,180.00,3.04,4.07kHz,5.00kHz,5284734,2,Song,1,,f,2,Leonard Patterson,2623,,f,-35.09,-38.37,2,0.012785,-0.014404,0.044952,-26.94,-53.94,-65.42,2,0,-0.004547,0.004486,-46.85,-30.7,-32.26,2,0.026422,0.009277,0.046265,-26.7,-54.81,-67.11,2,0,-0.005066,0.005127,-45.8,t,https://portal.wildtrax.ca/home/aru-tasks/recording.html?taskId=2622079,https://wildtrax-aru.s3-accelerate.amazonaws.com/f89f1ba9-4383-4608-ba55-1148742c0838/43e5ef19cce34eddb8a770f517ac99e7.jpg,https://wildtrax-aru.s3-accelerate.amazonaws.com/f89f1ba9-4383-4608-ba55-1148742c0838/839c7ea8c7684fb799beeb78590c97cd.flac
CANFOR,Interior Broadleaf Working Group ARU Monitoring 2025 Limited Amplitude Processing,3701,MUS155-FR-C,492665,2025-06-04 05:12:00,2894253,1SPT,2622079,t,SWTH,Swainson's Thrush,CATHARUS USTULATUS,Aves,168.93,180.00,1.41,1.29kHz,4.94kHz,5284736,1,Song,1,,f,2,Leonard Patterson,2623,,f,-35.73,-38.5,2,0.012821,-0.012177,0.037567,-28.5,-54.93,-57.54,3,-0.000001,-0.006866,0.00592,-43.27,-30.81,-32.26,2,0.026332,0.010529,0.040894,-27.77,-50.95,-60.8,2,-0.000001,-0.010529,0.006226,-39.55,t,https://portal.wildtrax.ca/home/aru-tasks/recording.html?taskId=2622079,https://wildtrax-aru.s3-accelerate.amazonaws.com/f89f1ba9-4383-4608-ba55-1148742c0838/2e65bbdb77a64915982f0206c26a3010.jpg,https://wildtrax-aru.s3-accelerate.amazonaws.com/f89f1ba9-4383-4608-ba55-1148742c0838/4e61d5117b3943168d189c7dad16dad6.flac
CANFOR,Interior Broadleaf Working Group ARU Monitoring 2025 Limited Amplitude Processing,3701,MUS155-FR-C,492665,2025-06-07 05:10:00,2894254,1SPT,2622080,t,WTSP,White-throated Sparrow,ZONOTRICHIA ALBICOLLIS,Aves,3.83,180.00,1.73,2.68kHz,4.02kHz,5285033,1,Song,1,,f,2,Leonard Patterson,2623,,f,-35.2,-39.14,2,0.012979,-0.006256,0.031158,-30.13,-59.13,-64.83,2,0,-0.003387,0.00354,-49.02,-30.88,-31.93,2,0.026673,0.015472,0.037964,-28.41,-53.48,-65.2,2,0,-0.005096,0.005127,-45.8,t,https://portal.wildtrax.ca/home/aru-tasks/recording.html?taskId=2622080,https://wildtrax-aru.s3-accelerate.amazonaws.com/72c4fc07-f28f-47e6-8042-417232d110fd/b0921ad4bf9a46dfa1ab0dc3e3dd1a6a.jpg,https://wildtrax-aru.s3-accelerate.amazonaws.com/72c4fc07-f28f-47e6-8042-417232d110fd/6a648966326f4f5d9b73f859c3c54a15.flac
CANFOR,Interior Broadleaf Working Group ARU Monitoring 2025 Limited Amplitude Processing,3701,MUS155-FR-C,492665,2025-06-07 05:10:00,2894254,1SPT,2622080,t,WTSP,White-throated Sparrow,ZONOTRICHIA ALBICOLLIS,Aves,19.98,180.00,2.06,2.58kHz,3.91kHz,5285034,2,Song,1,,f,2,Leonard Patterson,2623,,f,-35.95,-38.77,2,0.013099,-0.004089,0.030121,-30.42,-58.24,-65.04,2,0,-0.003754,0.003632,-48.51,-30.97,-31.92,2,0.026638,0.015869,0.039825,-28,-54.54,-66.71,3,0,-0.005798,0.005951,-44.51,t,https://portal.wildtrax.ca/home/aru-tasks/recording.html?taskId=2622080,https://wildtrax-aru.s3-accelerate.amazonaws.com/72c4fc07-f28f-47e6-8042-417232d110fd/1a9a657f38d3412bb4fe58cb0d442366.jpg,https://wildtrax-aru.s3-accelerate.amazonaws.com/72c4fc07-f28f-47e6-8042-417232d110fd/c2255b362cf2430f86388ef8706d9acc.flac
CANFOR,Interior Broadleaf Working Group ARU Monitoring 2025 Limited Amplitude Processing,3701,MUS155-FR-C,492665,2025-06-07 05:10:00,2894254,1SPT,2622080,t,RUGR,Ruffed Grouse,BONASA UMBELLUS,Aves,27.25,180.00,4.89,0.05kHz,0.46kHz,5285038,1,Non-vocal,1,,f,1,Leonard Patterson,2623,,f,-35.26,-38.94,2,0.012943,-0.007294,0.032684,-29.71,-39.03,-42.79,8,-0.008365,-0.020294,0.002533,-33.85,-30.85,-32.07,2,0.026714,0.011108,0.042084,-27.52,-34.65,-35.87,11,-0.017266,-0.025085,-0.009033,-32.01,t,https://portal.wildtrax.ca/home/aru-tasks/recording.html?taskId=2622080,https://wildtrax-aru.s3-accelerate.amazonaws.com/72c4fc07-f28f-47e6-8042-417232d110fd/afbb2eb9860e41fe8bf9fba029762b9b.jpg,https://wildtrax-aru.s3-accelerate.amazonaws.com/72c4fc07-f28f-47e6-8042-417232d110fd/499d9bd4f23243fc8515b3d3332e30f4.flac
CANFOR,Interior Broadleaf Working Group ARU Monitoring 2025 Limited Amplitude Processing,3701,MUS155-FR-C,492665,2025-06-07 05:10:00,2894254,1SPT,2622080,t,DUFL,Dusky Flycatcher,EMPIDONAX OBERHOLSERI,Aves,33.00,180.00,0.50,3.44kHz,7.20kHz,5285006,1,Song,1,,f,2,Leonard Patterson,2623,,f,-36.61,-38.64,2,0.013161,-0.003937,0.027161,-31.32,-57.21,-62.9,2,-0.000001,-0.005737,0.004517,-44.83,-31.2,-31.88,2,0.026648,0.013367,0.039856,-27.99,-51.64,-62.8,2,-0.000001,-0.008453,0.008759,-41.15,t,https://portal.wildtrax.ca/home/aru-tasks/recording.html?taskId=2622080,https://wildtrax-aru.s3-accelerate.amazonaws.com/72c4fc07-f28f-47e6-8042-417232d110fd/f54e4579113e4d22a70690c4acad391d.jpg,https://wildtrax-aru.s3-accelerate.amazonaws.com/72c4fc07-f28f-47e6-8042-417232d110fd/39756561db814fa9842ee41cbaae79ca.flac
CANFOR,Interior Broadleaf Working Group ARU Monitoring 2025 Limited Amplitude Processing,3701,MUS155-FR-C,492665,2025-06-07 05:10:00,2894254,1SPT,2622080,t,CANG,Canada Goose,BRANTA CANADENSIS,Aves,40.19,180.00,3.56,0.00kHz,1.24kHz,5285039,1,Song,1,,f,1,Leonard Patterson,2623,,f,-35.24,-38.75,2,0.013013,-0.013397,0.03537,-29.03,-35.27,-38.82,2,0.013013,-0.009918,0.031433,-30.05,-30.57,-32.15,2,0.02665,0.009338,0.041748,-27.59,-30.58,-32.16,4,0.026649,0.011993,0.03894,-28.19,t,https://portal.wildtrax.ca/home/aru-tasks/recording.html?taskId=2622080,https://wildtrax-aru.s3-accelerate.amazonaws.com/72c4fc07-f28f-47e6-8042-417232d110fd/5516b3d21b024d69a0fe6b8356fb8113.jpg,https://wildtrax-aru.s3-accelerate.amazonaws.com/72c4fc07-f28f-47e6-8042-417232d110fd/3db79059d0574e919bbb64b49cdcbc4c.flac
CANFOR,Interior Broadleaf Working Group ARU Monitoring 2025 Limited Amplitude Processing,3701,MUS155-FR-C,492665,2025-06-07 05:10:00,2894254,1SPT,2622080,t,LISP,Lincoln's Sparrow,MELOSPIZA LINCOLNII,Aves,44.66,180.00,0.73,1.60kHz,2.83kHz,5285040,1,Song,1,,f,2,Leonard Patterson,2623,,f,-35.94,-39.11,2,0.013023,-0.003052,0.028625,-30.86,-59.48,-64.31,3,-0.000001,-0.00354,0.003662,-48.73,-31.15,-31.8,2,0.026716,0.014191,0.036499,-28.75,-57.48,-64.51,2,-0.000001,-0.004639,0.004364,-46.67,t,https://portal.wildtrax.ca/home/aru-tasks/recording.html?taskId=2622080,https://wildtrax-aru.s3-accelerate.amazonaws.com/72c4fc07-f28f-47e6-8042-417232d110fd/b7db327ba24f44a6b631d63caf2c4217.jpg,https://wildtrax-aru.s3-accelerate.amazonaws.com/72c4fc07-f28f-47e6-8042-417232d110fd/4beff1a022034d1bb662343a0eaf1808.flac
CANFOR,Interior Broadleaf Working Group ARU Monitoring 2025 Limited Amplitude Processing,3701,MUS155-FR-C,492665,2025-06-07 05:10:00,2894254,1SPT,2622080,t,YRWA,Yellow-rumped Warbler,SETOPHAGA CORONATA,Aves,45.54,180.00,1.14,3.66kHz,5.25kHz,5285041,1,Song,1,,f,2,Leonard Patterson,2623,,f,-35.19,-38.92,2,0.01312,-0.006866,0.031525,-30.03,-60.02,-63.91,2,0,-0.003265,0.003235,-49.72,-30.81,-31.92,2,0.026559,0.013641,0.037048,-28.62,-57.82,-64.39,2,0,-0.004425,0.004517,-46.9,t,https://portal.wildtrax.ca/home/aru-tasks/recording.html?taskId=2622080,https://wildtrax-aru.s3-accelerate.amazonaws.com/72c4fc07-f28f-47e6-8042-417232d110fd/0422b65f387a42ca839dda9736dcd877.jpg,https://wildtrax-aru.s3-accelerate.amazonaws.com/72c4fc07-f28f-47e6-8042-417232d110fd/6996cf140b3b45fdaef5a7b2ea295ed0.flac
CANFOR,Interior Broadleaf Working Group ARU Monitoring 2025 Limited Amplitude Processing,3701,MUS155-FR-C,492665,2025-06-07 05:10:00,2894254,1SPT,2622080,t,RCKI,Ruby-crowned Kinglet,CORTHYLIO CALENDULA,Aves,47.57,180.00,1.43,1.85kHz,4.12kHz,5285032,1,Song,1,,f,2,Leonard Patterson,2623,,f,-35.54,-38.72,2,0.013143,-0.004456,0.028778,-30.82,-59.8,-63.35,2,0,-0.003815,0.003693,-48.37,-30.82,-32.02,2,0.026549,0.016724,0.038544,-28.28,-59.32,-65.74,2,-0.000001,-0.006775,0.004028,-43.38,t,https://portal.wildtrax.ca/home/aru-tasks/recording.html?taskId=2622080,https://wildtrax-aru.s3-accelerate.amazonaws.com/72c4fc07-f28f-47e6-8042-417232d110fd/b4f16340e7ab4d018ac214e8c165ea83.jpg,https://wildtrax-aru.s3-accelerate.amazonaws.com/72c4fc07-f28f-47e6-8042-417232d110fd/a8fdc777dbef4a3aa2df094cd1120902.flac
CANFOR,Interior Broadleaf Working Group ARU Monitoring 2025 Limited Amplitude Processing,3701,MUS155-FR-C,492665,2025-06-07 05:10:00,2894254,1SPT,2622080,t,COYE,Common Yellowthroat,GEOTHLYPIS TRICHAS,Aves,50.09,180.00,0.93,2.11kHz,5.87kHz,5285049,1,Song,1,,f,1,Leonard Patterson,2623,,f,-36.1,-38.69,2,0.013142,-0.008301,0.028351,-30.95,-56,-60.51,2,-0.000001,-0.005859,0.005188,-44.64,-31.09,-31.88,2,0.026638,0.016327,0.036469,-28.76,-58.03,-62.28,2,-0.000001,-0.008179,0.004517,-41.75,t,https://portal.wildtrax.ca/home/aru-tasks/recording.html?taskId=2622080,https://wildtrax-aru.s3-accelerate.amazonaws.com/72c4fc07-f28f-47e6-8042-417232d110fd/1d759888a01d4739bc3811f105380f4c.jpg,https://wildtrax-aru.s3-accelerate.amazonaws.com/72c4fc07-f28f-47e6-8042-417232d110fd/198f01a9d62249deac600cf75ca1cb1f.flac
CANFOR,Interior Broadleaf Working Group ARU Monitoring 2025 Limited Amplitude Processing,3701,MUS155-FR-C,492665,2025-06-07 05:10:00,2894254,1SPT,2622080,t,AMBI,American Bittern,BOTAURUS LENTIGINOSUS,Aves,65.01,180.00,12.90,0.05kHz,0.93kHz,5285046,1,Song,1,,f,1,Leonard Patterson,2623,,f,-34.81,-39.82,2,0.012951,-0.009857,0.034271,-29.3,-38.58,-43.6,5,-0.00837,-0.021576,0.007294,-33.32,-30.86,-32.09,2,0.026579,0.009399,0.043091,-27.31,-34.65,-35.9,2,-0.017179,-0.02475,-0.009796,-32.13,t,https://portal.wildtrax.ca/home/aru-tasks/recording.html?taskId=2622080,https://wildtrax-aru.s3-accelerate.amazonaws.com/72c4fc07-f28f-47e6-8042-417232d110fd/659dcafd87fd4f4791834ee00b4defaa.jpg,https://wildtrax-aru.s3-accelerate.amazonaws.com/72c4fc07-f28f-47e6-8042-417232d110fd/abff585bd38c437788287a3859bb5a89.flac
CANFOR,Interior Broadleaf Working Group ARU Monitoring 2025 Limited Amplitude Processing,3701,MUS155-FR-C,492665,2025-06-07 05:10:00,2894254,1SPT,2622080,t,AMRE,American Redstart,SETOPHAGA RUTICILLA,Aves,87.56,180.00,1.00,4.43kHz,8.45kHz,5285030,1,Song,1,,f,2,Leonard Patterson,2623,,f,-35.81,-39.08,2,0.012922,-0.001221,0.031769,-29.96,-62.3,-63.65,2,0,-0.003174,0.00293,-49.97,-31.13,-31.85,2,0.026641,0.01767,0.035645,-28.96,-58.71,-64.69,2,0,-0.004547,0.003815,-46.85,t,https://portal.wildtrax.ca/home/aru-tasks/recording.html?taskId=2622080,https://wildtrax-aru.s3-accelerate.amazonaws.com/72c4fc07-f28f-47e6-8042-417232d110fd/8a43ab68f93a4bca8b14376d286fddc6.jpg,https://wildtrax-aru.s3-accelerate.amazonaws.com/72c4fc07-f28f-47e6-8042-417232d110fd/2ab919b5fded4e76bb72425de0d5afa5.flac
CANFOR,Interior Broadleaf Working Group ARU Monitoring 2025 Limited Amplitude Processing,3701,MUS155-FR-C,492665,2025-06-07 05:10:00,2894254,1SPT,2622080,t,SWTH,Swainson's Thrush,CATHARUS USTULATUS,Aves,97.54,180.00,1.51,0.67kHz,4.48kHz,5285022,1,Song,1,,f,2,Leonard Patterson,2623,,f,-35.54,-39.11,2,0.012975,-0.003754,0.029114,-30.72,-52.02,-59.95,2,-0.000002,-0.009735,0.007996,-40.23,-30.99,-31.99,2,0.026597,0.009735,0.042328,-27.47,-46.87,-62.79,2,-0.000003,-0.014008,0.011322,-37.07,t,https://portal.wildtrax.ca/home/aru-tasks/recording.html?taskId=2622080,https://wildtrax-aru.s3-accelerate.amazonaws.com/72c4fc07-f28f-47e6-8042-417232d110fd/90ab70d5fa8d490db9f9a6f7df8be0e2.jpg,https://wildtrax-aru.s3-accelerate.amazonaws.com/72c4fc07-f28f-47e6-8042-417232d110fd/1302a66665764dd19e6ff3fe879a934f.flac
CANFOR,Interior Broadleaf Working Group ARU Monitoring 2025 Limited Amplitude Processing,3701,MUS155-FR-C,492665,2025-06-07 05:10:00,2894254,1SPT,2622080,t,SWTH,Swainson's Thrush,CATHARUS USTULATUS,Aves,100.06,180.00,1.18,1.34kHz,4.74kHz,5285024,2,Song,1,,f,2,Leonard Patterson,2623,,f,-34.69,-39.14,2,0.013121,-0.002167,0.032257,-29.83,-58.81,-61.31,3,-0.000001,-0.00412,0.003662,-47.7,-30.86,-31.93,2,0.026551,0.016968,0.03598,-28.88,-60.3,-63.81,2,-0.000001,-0.008881,0.003723,-41.03,t,https://portal.wildtrax.ca/home/aru-tasks/recording.html?taskId=2622080,https://wildtrax-aru.s3-accelerate.amazonaws.com/72c4fc07-f28f-47e6-8042-417232d110fd/433fa29d8b2a47458eba388f315df831.jpg,https://wildtrax-aru.s3-accelerate.amazonaws.com/72c4fc07-f28f-47e6-8042-417232d110fd/ef7ebeee4c3e4a66a1aaf8d3d1272099.flac
CANFOR,Interior Broadleaf Working Group ARU Monitoring 2025 Limited Amplitude Processing,3701,MUS155-FR-C,492665,2025-06-07 05:10:00,2894254,1SPT,2622080,t,SWTH,Swainson's Thrush,CATHARUS USTULATUS,Aves,101.30,180.00,0.95,1.29kHz,3.97kHz,5285026,3,Song,1,,f,2,Leonard Patterson,2623,,f,-36.04,-38.79,2,0.013189,-0.002716,0.028046,-31.04,-57.68,-61.58,2,-0.000001,-0.004517,0.004395,-46.9,-31.01,-31.79,2,0.026654,0.017151,0.036194,-28.83,-55.81,-62.59,2,-0.000002,-0.009491,0.004486,-40.45,t,https://portal.wildtrax.ca/home/aru-tasks/recording.html?taskId=2622080,https://wildtrax-aru.s3-accelerate.amazonaws.com/72c4fc07-f28f-47e6-8042-417232d110fd/2e67e068dba344ca87b40cddfc286a0f.jpg,https://wildtrax-aru.s3-accelerate.amazonaws.com/72c4fc07-f28f-47e6-8042-417232d110fd/82ab2bf0d71b4ee9bca137bef9fe113a.flac
CANFOR,Interior Broadleaf Working Group ARU Monitoring 2025 Limited Amplitude Processing,3701,MUS155-FR-C,492665,2025-06-07 05:10:00,2894254,1SPT,2622080,t,DUFL,Dusky Flycatcher,EMPIDONAX OBERHOLSERI,Aves,105.10,180.00,0.20,3.14kHz,5.87kHz,5285054,2,Song,1,,f,1,Leonard Patterson,2623,,f,-36.81,-36.81,2,0.013573,-0.000854,0.031891,-29.93,-63.21,-63.21,2,-0.000001,-0.003784,0.002777,-48.44,-31.6,-31.6,2,0.026066,0.016388,0.040588,-27.83,-63.41,-63.41,3,-0.000002,-0.005829,0.004395,-44.69,t,https://portal.wildtrax.ca/home/aru-tasks/recording.html?taskId=2622080,https://wildtrax-aru.s3-accelerate.amazonaws.com/72c4fc07-f28f-47e6-8042-417232d110fd/64b0f6a42a8e408d8c95ff4b43556bb7.jpg,https://wildtrax-aru.s3-accelerate.amazonaws.com/72c4fc07-f28f-47e6-8042-417232d110fd/626da542cd0a4aeb9b1b270327b23a98.flac
CANFOR,Interior Broadleaf Working Group ARU Monitoring 2025 Limited Amplitude Processing,3701,MUS155-FR-C,492665,2025-06-07 05:10:00,2894254,1SPT,2622080,t,UNSA,Unidentified Sapsucker,SPHYRAPICUS,Aves,110.43,180.00,1.71,0.67kHz,1.39kHz,5285057,1,Non-vocal,1,,f,2,Leonard Patterson,2623,,f,-35.43,-38.62,2,0.013149,-0.014008,0.039154,-28.14,-62.58,-64.98,3,0,-0.002686,0.002777,-51.13,-30.8,-32,2,0.02652,0.004181,0.045624,-26.82,-64.3,-70.06,2,-0.000001,-0.006195,0.003265,-44.16,t,https://portal.wildtrax.ca/home/aru-tasks/recording.html?taskId=2622080,https://wildtrax-aru.s3-accelerate.amazonaws.com/72c4fc07-f28f-47e6-8042-417232d110fd/57a8380d41b14381b70580a9beaa588a.jpg,https://wildtrax-aru.s3-accelerate.amazonaws.com/72c4fc07-f28f-47e6-8042-417232d110fd/b954df682a8c427f820eaa3b83526b5a.flac
CANFOR,Interior Broadleaf Working Group ARU Monitoring 2025 Limited Amplitude Processing,3701,MUS155-FR-C,492665,2025-06-07 05:10:00,2894254,1SPT,2622080,t,SWSP,Swamp Sparrow,MELOSPIZA GEORGIANA,Aves,124.68,180.00,1.89,3.08kHz,7.15kHz,5285018,1,Song,1,,f,2,Leonard Patterson,2623,,f,-35.47,-38.74,2,0.013076,-0.012146,0.041565,-27.63,-46.91,-60.43,2,0,-0.017548,0.017609,-35.09,-30.96,-31.79,2,0.026509,0.007812,0.04657,-26.64,-47.2,-61.95,2,0,-0.015167,0.016144,-35.84,t,https://portal.wildtrax.ca/home/aru-tasks/recording.html?taskId=2622080,https://wildtrax-aru.s3-accelerate.amazonaws.com/72c4fc07-f28f-47e6-8042-417232d110fd/3b7041083f884cdcba32e273a0697a1f.jpg,https://wildtrax-aru.s3-accelerate.amazonaws.com/72c4fc07-f28f-47e6-8042-417232d110fd/2b533e143ad749e78ffcf24da71f322e.flac
CANFOR,Interior Broadleaf Working Group ARU Monitoring 2025 Limited Amplitude Processing,3701,MUS155-FR-C,492665,2025-06-10 05:08:00,2894255,1SPT,2622081,t,RCKI,Ruby-crowned Kinglet,CORTHYLIO CALENDULA,Aves,3.81,180.00,2.28,2.37kHz,3.45kHz,5285082,1,Song,1,,f,2,Leonard Patterson,2623,,f,-35.49,-37.94,2,0.012961,-0.0159,0.039642,-28.04,-55.42,-62.23,5,0,-0.005737,0.005798,-44.73,-31.05,-31.8,2,0.026666,0.012115,0.041046,-27.73,-59.63,-69.19,2,0,-0.004303,0.004364,-47.2,t,https://portal.wildtrax.ca/home/aru-tasks/recording.html?taskId=2622081,https://wildtrax-aru.s3-accelerate.amazonaws.com/e11e93a7-19f6-40f1-865f-d28e0e48d51d/5b98c9e4150f438f871f070c735964a5.jpg,https://wildtrax-aru.s3-accelerate.amazonaws.com/e11e93a7-19f6-40f1-865f-d28e0e48d51d/8dfaaaa2632847b093c368a30cf659e7.flac
CANFOR,Interior Broadleaf Working Group ARU Monitoring 2025 Limited Amplitude Processing,3701,MUS155-FR-C,492665,2025-06-10 05:08:00,2894255,1SPT,2622081,t,TRES,Tree Swallow,TACHYCINETA BICOLOR,Aves,7.68,180.00,0.26,3.04kHz,4.69kHz,5285088,1,Song,1,,f,2,Leonard Patterson,2623,,f,-36.07,-36.43,2,0.013204,-0.005524,0.037628,-28.49,-61.19,-61.39,2,0,-0.003174,0.003052,-49.97,-31.31,-31.43,2,0.0263,0.017334,0.034149,-29.33,-66.29,-67.22,2,-0.000001,-0.004211,0.003693,-47.51,t,https://portal.wildtrax.ca/home/aru-tasks/recording.html?taskId=2622081,https://wildtrax-aru.s3-accelerate.amazonaws.com/e11e93a7-19f6-40f1-865f-d28e0e48d51d/a34d06f3c0774c1ab082093a99d0c0e3.jpg,https://wildtrax-aru.s3-accelerate.amazonaws.com/e11e93a7-19f6-40f1-865f-d28e0e48d51d/ddbf58e5621f4d66b076a8c3d6868ec2.flac
CANFOR,Interior Broadleaf Working Group ARU Monitoring 2025 Limited Amplitude Processing,3701,MUS155-FR-C,492665,2025-06-10 05:08:00,2894255,1SPT,2622081,t,DUFL,Dusky Flycatcher,EMPIDONAX OBERHOLSERI,Aves,11.99,180.00,0.43,3.55kHz,7.21kHz,5285064,1,Song,1,,f,2,Leonard Patterson,2623,,f,-35.73,-37.46,2,0.012997,-0.012238,0.033966,-29.38,-53.68,-58.88,2,-0.000001,-0.006104,0.006622,-43.58,-30.71,-31.66,2,0.026616,0.013611,0.043671,-27.2,-48.63,-59.03,2,-0.000001,-0.009369,0.009277,-40.57,t,https://portal.wildtrax.ca/home/aru-tasks/recording.html?taskId=2622081,https://wildtrax-aru.s3-accelerate.amazonaws.com/e11e93a7-19f6-40f1-865f-d28e0e48d51d/20480753e9824b8ca5f4104750d005d9.jpg,https://wildtrax-aru.s3-accelerate.amazonaws.com/e11e93a7-19f6-40f1-865f-d28e0e48d51d/bbcaaf045d1a401db9968bbd6c19fb1c.flac
CANFOR,Interior Broadleaf Working Group ARU Monitoring 2025 Limited Amplitude Processing,3701,MUS155-FR-C,492665,2025-06-10 05:08:00,2894255,1SPT,2622081,t,WEWP,Western Wood-Pewee,CONTOPUS SORDIDULUS,Aves,39.98,180.00,0.61,3.45kHz,4.89kHz,5285089,1,Song,1,,f,1,Leonard Patterson,2623,,f,-35.86,-37.25,2,0.013032,-0.013275,0.037415,-28.54,-61.72,-63.43,2,0,-0.002991,0.002991,-50.48,-31.19,-31.74,2,0.026651,0.019135,0.03476,-29.18,-65.44,-66.94,2,-0.000001,-0.003204,0.003082,-49.89,t,https://portal.wildtrax.ca/home/aru-tasks/recording.html?taskId=2622081,https://wildtrax-aru.s3-accelerate.amazonaws.com/e11e93a7-19f6-40f1-865f-d28e0e48d51d/efba9d7e394b4e8b8e236f0cd566b657.jpg,https://wildtrax-aru.s3-accelerate.amazonaws.com/e11e93a7-19f6-40f1-865f-d28e0e48d51d/ae62724ef405411db12fb298cad46553.flac
CANFOR,Interior Broadleaf Working Group ARU Monitoring 2025 Limited Amplitude Processing,3701,MUS155-FR-C,492665,2025-06-10 05:08:00,2894255,1SPT,2622081,t,SWTH,Swainson's Thrush,CATHARUS USTULATUS,Aves,42.33,180.00,1.01,0.82kHz,4.12kHz,5285069,1,Song,1,,f,2,Leonard Patterson,2623,,f,-35.69,-37.41,2,0.013008,-0.015839,0.036835,-28.67,-44.78,-53.18,2,-0.000002,-0.017365,0.01593,-35.21,-30.81,-31.75,2,0.02677,0.013824,0.03772,-28.47,-50.47,-59.91,2,-0.000003,-0.01062,0.008057,-39.48,t,https://portal.wildtrax.ca/home/aru-tasks/recording.html?taskId=2622081,https://wildtrax-aru.s3-accelerate.amazonaws.com/e11e93a7-19f6-40f1-865f-d28e0e48d51d/3029d3b729f743dda65edc9d76ec6bb8.jpg,https://wildtrax-aru.s3-accelerate.amazonaws.com/e11e93a7-19f6-40f1-865f-d28e0e48d51d/78f3fe8d6c4346d2863648133000b7ab.flac
CANFOR,Interior Broadleaf Working Group ARU Monitoring 2025 Limited Amplitude Processing,3701,MUS155-FR-C,492665,2025-06-10 05:08:00,2894255,1SPT,2622081,t,SWTH,Swainson's Thrush,CATHARUS USTULATUS,Aves,44.94,180.00,1.65,0.77kHz,4.17kHz,5285070,2,Song,1,,f,2,Leonard Patterson,2623,,f,-35.08,-37.62,2,0.013024,-0.014099,0.040222,-27.91,-50.62,-54.44,2,-0.000001,-0.008942,0.008453,-40.97,-31.05,-31.9,2,0.026702,0.014496,0.040314,-27.89,-51.93,-62.81,2,-0.000002,-0.012695,0.008545,-37.93,t,https://portal.wildtrax.ca/home/aru-tasks/recording.html?taskId=2622081,https://wildtrax-aru.s3-accelerate.amazonaws.com/e11e93a7-19f6-40f1-865f-d28e0e48d51d/002b57b85e0847f5a8ca95be199b942a.jpg,https://wildtrax-aru.s3-accelerate.amazonaws.com/e11e93a7-19f6-40f1-865f-d28e0e48d51d/6b872b4a5535490b86e4ab2f83463808.flac
CANFOR,Interior Broadleaf Working Group ARU Monitoring 2025 Limited Amplitude Processing,3701,MUS155-FR-C,492665,2025-06-10 05:08:00,2894255,1SPT,2622081,t,YRWA,Yellow-rumped Warbler,SETOPHAGA CORONATA,Aves,56.54,180.00,1.11,3.50kHz,5.97kHz,5285072,1,Song,1,,f,2,Leonard Patterson,2623,,f,-35.64,-37.65,2,0.01294,-0.012329,0.041168,-27.71,-59.71,-61.29,2,0,-0.004089,0.003632,-47.77,-31.09,-31.83,2,0.02679,0.016785,0.035889,-28.9,-60.89,-64.65,2,0,-0.004791,0.004242,-46.39,t,https://portal.wildtrax.ca/home/aru-tasks/recording.html?taskId=2622081,https://wildtrax-aru.s3-accelerate.amazonaws.com/e11e93a7-19f6-40f1-865f-d28e0e48d51d/c73ab7d3b78245ae8b50a65d2ee655e2.jpg,https://wildtrax-aru.s3-accelerate.amazonaws.com/e11e93a7-19f6-40f1-865f-d28e0e48d51d/eee8cb127c9f4812bbdf47c8f816b5ae.flac
CANFOR,Interior Broadleaf Working Group ARU Monitoring 2025 Limited Amplitude Processing,3701,MUS155-FR-C,492665,2025-06-10 05:08:00,2894255,1SPT,2622081,t,NOWA,Northern Waterthrush,PARKESIA NOVEBORACENSIS,Aves,59.21,180.00,0.90,1.80kHz,5.87kHz,5285074,1,Song,1,,f,2,Leonard Patterson,2623,,f,-35.45,-37.19,2,0.013087,-0.014618,0.043396,-27.25,-48.41,-55.71,2,-0.000001,-0.012604,0.013306,-37.52,-31.11,-31.73,2,0.026643,0.01593,0.038696,-28.25,-52.92,-60.8,2,-0.000001,-0.009338,0.008179,-40.59,t,https://portal.wildtrax.ca/home/aru-tasks/recording.html?taskId=2622081,https://wildtrax-aru.s3-accelerate.amazonaws.com/e11e93a7-19f6-40f1-865f-d28e0e48d51d/ea3c7c1b000947d0ab6db75ac2e96d2a.jpg,https://wildtrax-aru.s3-accelerate.amazonaws.com/e11e93a7-19f6-40f1-865f-d28e0e48d51d/0b5d1111a38345f496d42b5a6872fd45.flac
CANFOR,Interior Broadleaf Working Group ARU Monitoring 2025 Limited Amplitude Processing,3701,MUS155-FR-C,492665,2025-06-10 05:08:00,2894255,1SPT,2622081,t,WTSP,White-throated Sparrow,ZONOTRICHIA ALBICOLLIS,Aves,62.23,180.00,2.01,2.63kHz,3.24kHz,5285095,1,Song,1,,f,2,Leonard Patterson,2623,,f,-35.4,-38.22,2,0.013013,-0.013824,0.039917,-27.98,-58.63,-65.56,2,0,-0.003418,0.003387,-49.32,-30.98,-31.89,2,0.026734,0.015167,0.040863,-27.77,-60.88,-69.79,2,0,-0.002991,0.003052,-50.31,t,https://portal.wildtrax.ca/home/aru-tasks/recording.html?taskId=2622081,https://wildtrax-aru.s3-accelerate.amazonaws.com/e11e93a7-19f6-40f1-865f-d28e0e48d51d/5c4d669752f44f9b99ff7c9e27a155de.jpg,https://wildtrax-aru.s3-accelerate.amazonaws.com/e11e93a7-19f6-40f1-865f-d28e0e48d51d/7860b3dcf6414d31b719cb23a153ad23.flac
CANFOR,Interior Broadleaf Working Group ARU Monitoring 2025 Limited Amplitude Processing,3701,MUS155-FR-C,492665,2025-06-10 05:08:00,2894255,1SPT,2622081,t,AMBI,American Bittern,BOTAURUS LENTIGINOSUS,Aves,102.83,180.00,10.56,0.05kHz,1.03kHz,5285077,1,Song,1,,f,1,Leonard Patterson,2623,,f,-35.02,-37.73,2,0.013077,-0.023468,0.045013,-26.93,-38.6,-41.27,2,-0.008452,-0.029938,0.019501,-30.48,-30.98,-31.92,2,0.026692,0.013794,0.039886,-27.98,-34.8,-35.74,2,-0.017252,-0.026123,-0.009369,-31.66,t,https://portal.wildtrax.ca/home/aru-tasks/recording.html?taskId=2622081,https://wildtrax-aru.s3-accelerate.amazonaws.com/e11e93a7-19f6-40f1-865f-d28e0e48d51d/97e4fa971da64e4fa69e4c1fd741e557.jpg,https://wildtrax-aru.s3-accelerate.amazonaws.com/e11e93a7-19f6-40f1-865f-d28e0e48d51d/ffe0c298386f43b7ac96c98c6e9802f4.flac
CANFOR,Interior Broadleaf Working Group ARU Monitoring 2025 Limited Amplitude Processing,3701,MUS155-FR-C,492665,2025-06-10 05:08:00,2894255,1SPT,2622081,t,SWSP,Swamp Sparrow,MELOSPIZA GEORGIANA,Aves,109.88,180.00,1.88,2.78kHz,6.90kHz,5285076,1,Song,1,,f,2,Leonard Patterson,2623,,f,-35.4,-37.57,2,0.013042,-0.023468,0.042419,-27.45,-51.64,-58.52,2,0,-0.010864,0.011078,-39.11,-30.98,-31.92,2,0.02667,0.013794,0.039886,-27.98,-51.85,-63.07,2,0,-0.009705,0.009216,-40.26,t,https://portal.wildtrax.ca/home/aru-tasks/recording.html?taskId=2622081,https://wildtrax-aru.s3-accelerate.amazonaws.com/e11e93a7-19f6-40f1-865f-d28e0e48d51d/e6170fdf9cb34d9a8801cce1a7ef7cd5.jpg,https://wildtrax-aru.s3-accelerate.amazonaws.com/e11e93a7-19f6-40f1-865f-d28e0e48d51d/01247d168bf24121b5652d558b143746.flac
CANFOR,Interior Broadleaf Working Group ARU Monitoring 2025 Limited Amplitude Processing,3701,MUS155-FR-C,492665,2025-06-10 05:08:00,2894255,1SPT,2622081,t,RUGR,Ruffed Grouse,BONASA UMBELLUS,Aves,126.06,180.00,5.43,0.05kHz,0.77kHz,5285090,1,Non-vocal,1,,f,1,Leonard Patterson,2623,,f,-34.99,-37.63,2,0.013075,-0.021393,0.047607,-26.45,-38.68,-41.23,2,-0.008451,-0.034119,0.014587,-29.34,-30.57,-32.29,2,0.026514,0.003693,0.050323,-25.96,-34.37,-36.1,6,-0.017137,-0.029724,-0.004395,-30.54,t,https://portal.wildtrax.ca/home/aru-tasks/recording.html?taskId=2622081,https://wildtrax-aru.s3-accelerate.amazonaws.com/e11e93a7-19f6-40f1-865f-d28e0e48d51d/3c546188a114455a8a5dcf300a2393ee.jpg,https://wildtrax-aru.s3-accelerate.amazonaws.com/e11e93a7-19f6-40f1-865f-d28e0e48d51d/231a1afad732477a9d1bdfb561f2a60c.flac
CANFOR,Interior Broadleaf Working Group ARU Monitoring 2025 Limited Amplitude Processing,3701,MUS155-FR-C,492665,2025-06-10 05:08:00,2894255,1SPT,2622081,t,TEWA,Tennessee Warbler,LEIOTHLYPIS PEREGRINA,Aves,138.06,180.00,2.24,4.89kHz,6.85kHz,5285093,1,Song,1,,f,2,Leonard Patterson,2623,,f,-35.43,-37.57,2,0.013135,-0.01825,0.040924,-27.76,-61.08,-64.12,2,0,-0.004364,0.00412,-47.2,-31.01,-32.03,2,0.026634,0.017395,0.037415,-28.54,-59.88,-67.94,2,0,-0.00412,0.004181,-47.57,t,https://portal.wildtrax.ca/home/aru-tasks/recording.html?taskId=2622081,https://wildtrax-aru.s3-accelerate.amazonaws.com/e11e93a7-19f6-40f1-865f-d28e0e48d51d/5d4e189d038b4d3c9394d2cdd1330996.jpg,https://wildtrax-aru.s3-accelerate.amazonaws.com/e11e93a7-19f6-40f1-865f-d28e0e48d51d/f3f0e377d7e54d42adab2befe4480fa3.flac
CANFOR,Interior Broadleaf Working Group ARU Monitoring 2025 Limited Amplitude Processing,3701,MUS155-FR-C,492665,2025-06-10 05:08:00,2894255,1SPT,2622081,t,OCWA,Orange-crowned Warbler,LEIOTHLYPIS CELATA,Aves,171.77,180.00,0.71,4.79kHz,5.41kHz,5285091,1,Song,1,,f,2,Leonard Patterson,2623,,f,-35.4,-37.42,2,0.013141,-0.012817,0.040588,-27.83,-66,-68.4,3,0,-0.001953,0.001953,-54.19,-31.17,-32.01,2,0.026664,0.016083,0.036804,-28.68,-66.91,-70.62,5,0,-0.001678,0.001678,-55.5,t,https://portal.wildtrax.ca/home/aru-tasks/recording.html?taskId=2622081,https://wildtrax-aru.s3-accelerate.amazonaws.com/e11e93a7-19f6-40f1-865f-d28e0e48d51d/5559cb7250eb434cad6f8e1a055e9db3.jpg,https://wildtrax-aru.s3-accelerate.amazonaws.com/e11e93a7-19f6-40f1-865f-d28e0e48d51d/1f70445dd1bd43f8bb291f3dddf3af08.flac
CANFOR,Interior Broadleaf Working Group ARU Monitoring 2025 Limited Amplitude Processing,3701,MUS155-FR-C,492665,2025-06-10 05:08:00,2894255,1SPT,2622081,t,WTSP,White-throated Sparrow,ZONOTRICHIA ALBICOLLIS,Aves,175.29,180.00,0.64,3.35kHz,4.12kHz,5285094,2,Song,1,,f,2,Leonard Patterson,2623,,f,-35.58,-37.78,2,0.013086,-0.010071,0.037323,-28.56,-60.85,-63.72,2,0,-0.002655,0.002716,-51.32,-31.17,-31.75,2,0.026617,0.016998,0.034668,-29.2,-58.78,-65.88,2,0,-0.002686,0.002655,-51.42,t,https://portal.wildtrax.ca/home/aru-tasks/recording.html?taskId=2622081,https://wildtrax-aru.s3-accelerate.amazonaws.com/e11e93a7-19f6-40f1-865f-d28e0e48d51d/9dce2669e27147dab8c281eff21a5d41.jpg,https://wildtrax-aru.s3-accelerate.amazonaws.com/e11e93a7-19f6-40f1-865f-d28e0e48d51d/30b7df85d3f044e99e9ff967e5247064.flac
CANFOR,Interior Broadleaf Working Group ARU Monitoring 2025 Limited Amplitude Processing,3701,MUS155-FR-C,492665,2025-06-10 05:08:00,2894255,1SPT,2622081,t,YRWA,Yellow-rumped Warbler,SETOPHAGA CORONATA,Aves,176.07,180.00,1.24,3.09kHz,5.92kHz,5285092,2,Song,1,,f,2,Leonard Patterson,2623,,f,-35.33,-37.6,2,0.012995,-0.019073,0.041901,-27.56,-45.82,-58.82,3,0,-0.013306,0.013885,-37.15,-31.13,-31.82,2,0.026668,0.009216,0.040375,-27.88,-46.18,-62.19,2,0,-0.013794,0.013977,-37.09,t,https://portal.wildtrax.ca/home/aru-tasks/recording.html?taskId=2622081,https://wildtrax-aru.s3-accelerate.amazonaws.com/e11e93a7-19f6-40f1-865f-d28e0e48d51d/266009c81a694a5e9d10b1a036e80e9d.jpg,https://wildtrax-aru.s3-accelerate.amazonaws.com/e11e93a7-19f6-40f1-865f-d28e0e48d51d/75bd8f5f733a4b62ae588a22bcd7445e.flac
CANFOR,Interior Broadleaf Working Group ARU Monitoring 2025 Limited Amplitude Processing,3701,MUS155-HR-C,492652,2023-06-05 05:12:00,2756242,1SPT,3174359,t,AMRO,American Robin,TURDUS MIGRATORIUS,Aves,44.86,180.00,0.78,0.77kHz,3.39kHz,5591275,1,Song,1,,f,2,Leonard Patterson,2623,,f,-31.25,-32.39,2,0.025437,0.011932,0.039673,-28.03,-59.52,-64,2,-0.000007,-0.012604,0.006592,-37.99,-34.41,-35.7,2,0.017527,0.003296,0.032013,-29.89,-57.47,-62.98,2,-0.000005,-0.009338,0.007782,-40.59,t,https://portal.wildtrax.ca/home/aru-tasks/recording.html?taskId=3174359,https://wildtrax-aru.s3-accelerate.amazonaws.com/083115f0-0504-480e-998a-13b8dfe0e5d6/cd315db82f724f81b68e499b928f9c9d.jpg,https://wildtrax-aru.s3-accelerate.amazonaws.com/083115f0-0504-480e-998a-13b8dfe0e5d6/ee929021cea94acd834710de4e727ace.flac
CANFOR,Interior Broadleaf Working Group ARU Monitoring 2025 Limited Amplitude Processing,3701,MUS155-HR-C,492652,2024-06-07 05:10:00,2757432,1SPT,3174368,t,DUFL,Dusky Flycatcher,EMPIDONAX OBERHOLSERI,Aves,52.00,180.00,0.64,3.96kHz,8.75kHz,5591480,1,Song,1,,f,2,Leonard Patterson,2623,,f,-34.56,-35.57,2,0.017281,0.008331,0.028625,-30.86,-57.08,-63.48,2,-0.000001,-0.00528,0.00531,-45.5,-32.13,-33.42,2,0.022432,0.009369,0.038879,-28.21,-54.57,-63.22,2,-0.000001,-0.007233,0.006775,-42.81,t,https://portal.wildtrax.ca/home/aru-tasks/recording.html?taskId=3174368,https://wildtrax-aru.s3-accelerate.amazonaws.com/b0dbe2ec-120c-4cc5-9efe-088468fe1747/449db04a1858442fab6bf073e4b559e0.jpg,https://wildtrax-aru.s3-accelerate.amazonaws.com/b0dbe2ec-120c-4cc5-9efe-088468fe1747/2d2b56a758554840b611047e416c670a.flac
CANFOR,Interior Broadleaf Working Group ARU Monitoring 2025 Limited Amplitude Processing,3701,MUS155-HR-C,492652,2025-06-05 05:11:00,3023170,1SPT,2755786,t,DUFL,Dusky Flycatcher,EMPIDONAX OBERHOLSERI,Aves,84.57,180.00,0.44,3.89kHz,6.67kHz,5291790,1,Song,1,,f,1,Leonard Patterson,2623,,f,-32.06,-33.39,2,0.022961,0.010742,0.03363,-29.47,-51.72,-60.59,2,0,-0.007538,0.007416,-42.46,-30.8,-32.02,2,0.026468,0.014954,0.037598,-28.5,-54.27,-62.34,2,-0.000001,-0.006073,0.005981,-44.33,t,https://portal.wildtrax.ca/home/aru-tasks/recording.html?taskId=2755786,https://wildtrax-aru.s3-accelerate.amazonaws.com/8833f4f0-0874-4670-bdc6-c2bea18d6660/d870e0fc3436433db65b64d8dbbe231b.jpg,https://wildtrax-aru.s3-accelerate.amazonaws.com/8833f4f0-0874-4670-bdc6-c2bea18d6660/4771d003e3ba42848d90bf3972d2adab.flac
CANFOR,Interior Broadleaf Working Group ARU Monitoring 2025 Limited Amplitude Processing,3701,MUS155-HR-C,492652,2025-06-05 05:11:00,3023170,1SPT,2755786,t,WAVI,Warbling Vireo,VIREO GILVUS,Aves,85.24,180.00,0.99,1.78kHz,4.10kHz,5291806,1,Song,1,,f,1,Leonard Patterson,2623,,f,-31.65,-33.66,2,0.022602,0.00415,0.037659,-28.48,-60.07,-66.36,3,-0.000001,-0.00592,0.003265,-44.55,-28.92,-33.2,3,0.0257,0.010742,0.049988,-26.02,-60.95,-66.07,2,-0.000001,-0.008118,0.004211,-41.81,t,https://portal.wildtrax.ca/home/aru-tasks/recording.html?taskId=2755786,https://wildtrax-aru.s3-accelerate.amazonaws.com/8833f4f0-0874-4670-bdc6-c2bea18d6660/b735d23d3bfe4ebfa8f5ebc8895565b8.jpg,https://wildtrax-aru.s3-accelerate.amazonaws.com/8833f4f0-0874-4670-bdc6-c2bea18d6660/ed4393a75a744742b8d423b53e8303f1.flac
CANFOR,Interior Broadleaf Working Group ARU Monitoring 2025 Limited Amplitude Processing,3701,MUS155-HR-C,492652,2025-06-05 05:11:00,3023170,1SPT,2755786,t,WAVI,Warbling Vireo,VIREO GILVUS,Aves,87.21,180.00,0.99,1.73kHz,4.77kHz,5291807,2,Song,1,,f,2,Leonard Patterson,2623,,f,-32.07,-33.67,2,0.022509,0.010162,0.035858,-28.91,-61.01,-64.68,2,-0.000001,-0.006531,0.003052,-43.7,-30.34,-32.9,2,0.026067,0.011932,0.040771,-27.79,-60.3,-64.68,2,-0.000001,-0.008575,0.003876,-41.33,t,https://portal.wildtrax.ca/home/aru-tasks/recording.html?taskId=2755786,https://wildtrax-aru.s3-accelerate.amazonaws.com/8833f4f0-0874-4670-bdc6-c2bea18d6660/701c8c7c59d4493f91f76d0eb41cd9a4.jpg,https://wildtrax-aru.s3-accelerate.amazonaws.com/8833f4f0-0874-4670-bdc6-c2bea18d6660/6180a44f3b6d459ca3b1c983fb1d7083.flac
CANFOR,Interior Broadleaf Working Group ARU Monitoring 2025 Limited Amplitude Processing,3701,MUS155-HR-C,492652,2025-06-05 05:11:00,3023170,1SPT,2755786,t,ALFL,Alder Flycatcher,EMPIDONAX ALNORUM,Aves,94.90,180.00,0.34,2.29kHz,5.43kHz,5291791,1,Song,1,,f,1,Leonard Patterson,2623,,f,-32.36,-33.01,2,0.022216,0.006317,0.040894,-27.77,-47.11,-50.8,2,-0.000002,-0.012604,0.012817,-37.84,-31.39,-31.64,2,0.025789,0.014191,0.039032,-28.17,-52.32,-54.27,2,-0.000002,-0.009521,0.009399,-40.43,t,https://portal.wildtrax.ca/home/aru-tasks/recording.html?taskId=2755786,https://wildtrax-aru.s3-accelerate.amazonaws.com/8833f4f0-0874-4670-bdc6-c2bea18d6660/811932c6a0b94569a9a54a08b9fd6502.jpg,https://wildtrax-aru.s3-accelerate.amazonaws.com/8833f4f0-0874-4670-bdc6-c2bea18d6660/6788c8f853ab447d8d18e2d3051bb4de.flac
CANFOR,Interior Broadleaf Working Group ARU Monitoring 2025 Limited Amplitude Processing,3701,MUS155-HR-C,492652,2025-06-05 05:11:00,3023170,1SPT,2755786,t,OCWA,Orange-crowned Warbler,LEIOTHLYPIS CELATA,Aves,103.73,180.00,1.29,5.69kHz,10.28kHz,5291795,1,Song,1,,f,1,Leonard Patterson,2623,,f,-32.17,-33.7,2,0.022501,-0.007324,0.046173,-26.71,-47.63,-62.88,2,0,-0.022278,0.021942,-33.04,-30.78,-32.69,2,0.025939,0.012238,0.040375,-27.88,-58.72,-63.95,2,0,-0.004913,0.004791,-46.17,t,https://portal.wildtrax.ca/home/aru-tasks/recording.html?taskId=2755786,https://wildtrax-aru.s3-accelerate.amazonaws.com/8833f4f0-0874-4670-bdc6-c2bea18d6660/2fd2f1ad169846369c38a471dce6e7d2.jpg,https://wildtrax-aru.s3-accelerate.amazonaws.com/8833f4f0-0874-4670-bdc6-c2bea18d6660/ee20dc6e4bcf4a7db6050e5beb08fec1.flac
CANFOR,Interior Broadleaf Working Group ARU Monitoring 2025 Limited Amplitude Processing,3701,MUS155-HR-C,492652,2025-06-05 05:11:00,3023170,1SPT,2755786,t,RCKI,Ruby-crowned Kinglet,CORTHYLIO CALENDULA,Aves,109.90,180.00,1.28,2.61kHz,3.34kHz,5291796,1,Song,1,,f,2,Leonard Patterson,2623,,f,-32.24,-33.48,2,0.022646,0.012024,0.038422,-28.31,-62.9,-71.51,2,0,-0.002197,0.002167,-53.16,-31.12,-32.24,2,0.026004,0.014221,0.038452,-28.3,-59.46,-70.07,2,0,-0.002655,0.002686,-51.42,t,https://portal.wildtrax.ca/home/aru-tasks/recording.html?taskId=2755786,https://wildtrax-aru.s3-accelerate.amazonaws.com/8833f4f0-0874-4670-bdc6-c2bea18d6660/a7d949b041d2401c81cb95412feb70d2.jpg,https://wildtrax-aru.s3-accelerate.amazonaws.com/8833f4f0-0874-4670-bdc6-c2bea18d6660/be2de1cdb7ea4a59ae127e66209a71f0.flac
CANFOR,Interior Broadleaf Working Group ARU Monitoring 2025 Limited Amplitude Processing,3701,MUS155-HR-C,492652,2025-06-05 05:11:00,3023170,1SPT,2755786,t,DUFL,Dusky Flycatcher,EMPIDONAX OBERHOLSERI,Aves,120.27,180.00,0.28,3.17kHz,5.95kHz,5291797,2,Song,1,,f,1,Leonard Patterson,2623,,f,-32.69,-32.94,2,0.022612,0.012512,0.03421,-29.32,-62.39,-63.29,2,-0.000001,-0.006195,0.005585,-44.16,-31.53,-31.92,2,0.025892,0.017212,0.03714,-28.6,-63.38,-64,2,-0.000001,-0.005035,0.003693,-45.96,t,https://portal.wildtrax.ca/home/aru-tasks/recording.html?taskId=2755786,https://wildtrax-aru.s3-accelerate.amazonaws.com/8833f4f0-0874-4670-bdc6-c2bea18d6660/856b948582fb4985b68cf83c90cd86a2.jpg,https://wildtrax-aru.s3-accelerate.amazonaws.com/8833f4f0-0874-4670-bdc6-c2bea18d6660/8fc3c98cb125470cbe28926ad05ab9d1.flac
CANFOR,Interior Broadleaf Working Group ARU Monitoring 2025 Limited Amplitude Processing,3701,MUS155-HR-C,492652,2025-06-05 05:11:00,3023170,1SPT,2755786,t,WTSP,White-throated Sparrow,ZONOTRICHIA ALBICOLLIS,Aves,124.99,180.00,1.60,2.65kHz,3.37kHz,5291808,1,Song,1,,f,1,Leonard Patterson,2623,,f,-32.14,-33.49,2,0.022446,0.009888,0.037048,-28.62,-66.08,-71.69,2,0,-0.00177,0.001678,-55.04,-30.96,-32.22,2,0.025963,0.015656,0.037476,-28.53,-66.44,-71.89,2,0,-0.002319,0.002197,-52.69,t,https://portal.wildtrax.ca/home/aru-tasks/recording.html?taskId=2755786,https://wildtrax-aru.s3-accelerate.amazonaws.com/8833f4f0-0874-4670-bdc6-c2bea18d6660/aba01d5099e445d5a388435814055c74.jpg,https://wildtrax-aru.s3-accelerate.amazonaws.com/8833f4f0-0874-4670-bdc6-c2bea18d6660/abe1bda5ec0f493faff5a21e3c5f2daf.flac
CANFOR,Interior Broadleaf Working Group ARU Monitoring 2025 Limited Amplitude Processing,3701,MUS155-HR-C,492652,2025-06-05 05:11:00,3023170,1SPT,2755786,t,OCWA,Orange-crowned Warbler,LEIOTHLYPIS CELATA,Aves,130.99,180.00,1.45,3.27kHz,5.43kHz,5291793,2,Song,1,,f,1,Leonard Patterson,2623,,f,-32.01,-33.47,2,0.022524,0.008484,0.035645,-28.96,-55.56,-65.94,2,0,-0.005402,0.005341,-45.35,-30.55,-32.3,2,0.025916,0.011444,0.04187,-27.56,-59.75,-66.41,2,0,-0.003815,0.003418,-48.37,t,https://portal.wildtrax.ca/home/aru-tasks/recording.html?taskId=2755786,https://wildtrax-aru.s3-accelerate.amazonaws.com/8833f4f0-0874-4670-bdc6-c2bea18d6660/7bf09a1f482949f78f2f401949a8c4e6.jpg,https://wildtrax-aru.s3-accelerate.amazonaws.com/8833f4f0-0874-4670-bdc6-c2bea18d6660/afed2a3ee4de4ad9a5cbb249e47354e2.flac
CANFOR,Interior Broadleaf Working Group ARU Monitoring 2025 Limited Amplitude Processing,3701,MUS155-HR-C,492652,2025-06-05 05:11:00,3023170,1SPT,2755786,t,NOWA,Northern Waterthrush,PARKESIA NOVEBORACENSIS,Aves,135.23,180.00,0.69,2.40kHz,4.46kHz,5291798,1,Song,1,,f,2,Leonard Patterson,2623,,f,-32.44,-33.31,2,0.022671,0.010956,0.034119,-29.34,-62.13,-65.88,2,-0.000001,-0.005676,0.003876,-44.92,-31.23,-32.06,2,0.026035,0.012909,0.036469,-28.76,-61.85,-66.02,2,-0.000001,-0.006744,0.004883,-43.42,t,https://portal.wildtrax.ca/home/aru-tasks/recording.html?taskId=2755786,https://wildtrax-aru.s3-accelerate.amazonaws.com/8833f4f0-0874-4670-bdc6-c2bea18d6660/14cef19e587649e2a543d9165ec93ca9.jpg,https://wildtrax-aru.s3-accelerate.amazonaws.com/8833f4f0-0874-4670-bdc6-c2bea18d6660/e8e551f3f0f14a36b352ecbc34d73bdf.flac
CANFOR,Interior Broadleaf Working Group ARU Monitoring 2025 Limited Amplitude Processing,3701,MUS155-HR-C,492652,2025-06-05 05:11:00,3023170,1SPT,2755786,t,OCWA,Orange-crowned Warbler,LEIOTHLYPIS CELATA,Aves,139.90,180.00,0.69,4.10kHz,5.33kHz,5291794,3,Song,1,,f,1,Leonard Patterson,2623,,f,-32.11,-33.28,2,0.022528,0.002167,0.033539,-29.49,-64.28,-68.81,2,0,-0.002869,0.002777,-50.85,-30.81,-32.3,2,0.025773,0.004547,0.036469,-28.76,-67.48,-69.7,2,0,-0.002411,0.002197,-52.36,t,https://portal.wildtrax.ca/home/aru-tasks/recording.html?taskId=2755786,https://wildtrax-aru.s3-accelerate.amazonaws.com/8833f4f0-0874-4670-bdc6-c2bea18d6660/67d03b6b27e643f18ab7c76a2cb5aac9.jpg,https://wildtrax-aru.s3-accelerate.amazonaws.com/8833f4f0-0874-4670-bdc6-c2bea18d6660/f335293e9cc54e06bb6d18f14583b3f7.flac
CANFOR,Interior Broadleaf Working Group ARU Monitoring 2025 Limited Amplitude Processing,3701,MUS155-HR-C,492652,2025-06-05 05:11:00,3023170,1SPT,2755786,t,SWTH,Swainson's Thrush,CATHARUS USTULATUS,Aves,142.10,180.00,0.81,1.07kHz,3.39kHz,5291801,1,Song,1,,f,2,Leonard Patterson,2623,,f,-32.17,-33.43,2,0.022619,-0.005096,0.039978,-27.96,-61.05,-64.92,2,-0.000002,-0.008148,0.002869,-41.78,-30.84,-32.02,3,0.026049,-0.002136,0.03891,-28.2,-61.11,-65.25,2,-0.000003,-0.011261,0.00354,-38.97,t,https://portal.wildtrax.ca/home/aru-tasks/recording.html?taskId=2755786,https://wildtrax-aru.s3-accelerate.amazonaws.com/8833f4f0-0874-4670-bdc6-c2bea18d6660/5355fb6eea044590948d5e7bf7906fc7.jpg,https://wildtrax-aru.s3-accelerate.amazonaws.com/8833f4f0-0874-4670-bdc6-c2bea18d6660/3f3726f466fe4fc6aa18c193c6ee9e70.flac
CANFOR,Interior Broadleaf Working Group ARU Monitoring 2025 Limited Amplitude Processing,3701,MUS155-HR-C,492652,2025-06-05 05:11:00,3023170,1SPT,2755786,t,RUGR,Ruffed Grouse,BONASA UMBELLUS,Aves,142.71,180.00,8.84,0.08kHz,0.64kHz,5291800,1,Non-vocal,1,,f,1,Leonard Patterson,2623,,f,-30.32,-33.63,2,0.02255,-0.040894,0.053009,-25.51,-36.28,-39.84,5,-0.011052,-0.025696,0.021118,-31.8,-29.66,-32.47,2,0.025925,-0.038086,0.054535,-25.27,-35.65,-38.68,8,-0.012706,-0.026276,0.019806,-31.61,t,https://portal.wildtrax.ca/home/aru-tasks/recording.html?taskId=2755786,https://wildtrax-aru.s3-accelerate.amazonaws.com/8833f4f0-0874-4670-bdc6-c2bea18d6660/7bc1adf3a0bd489ab7d365a4be7a9599.jpg,https://wildtrax-aru.s3-accelerate.amazonaws.com/8833f4f0-0874-4670-bdc6-c2bea18d6660/48d037042d2f4806999c0842dad96bc5.flac
CANFOR,Interior Broadleaf Working Group ARU Monitoring 2025 Limited Amplitude Processing,3701,MUS155-HR-C,492652,2025-06-05 05:11:00,3023170,1SPT,2755786,t,OCWA,Orange-crowned Warbler,LEIOTHLYPIS CELATA,Aves,142.72,180.00,1.54,3.68kHz,6.62kHz,5291792,4,Song,1,,f,2,Leonard Patterson,2623,,f,-32.04,-33.39,2,0.022575,-0.010376,0.040649,-27.82,-51.53,-60.91,2,0,-0.00946,0.01001,-39.99,-30.91,-32.18,2,0.026032,-0.009399,0.045288,-26.88,-50.21,-59.91,3,0,-0.010345,0.009979,-39.71,t,https://portal.wildtrax.ca/home/aru-tasks/recording.html?taskId=2755786,https://wildtrax-aru.s3-accelerate.amazonaws.com/8833f4f0-0874-4670-bdc6-c2bea18d6660/d78fd75474394eefac2acf537c91f324.jpg,https://wildtrax-aru.s3-accelerate.amazonaws.com/8833f4f0-0874-4670-bdc6-c2bea18d6660/09f7d8bf6db74bbfa4441f1c1c63bc2c.flac
CANFOR,Interior Broadleaf Working Group ARU Monitoring 2025 Limited Amplitude Processing,3701,MUS155-HR-C,492652,2025-06-05 05:11:00,3023170,1SPT,2755786,t,AMBI,American Bittern,BOTAURUS LENTIGINOSUS,Aves,154.77,180.00,7.68,0.09kHz,0.76kHz,5291802,1,Song,1,,f,2,Leonard Patterson,2623,,f,-32.24,-33.74,2,0.022523,0.006927,0.03656,-28.74,-39.78,-41.31,7,-0.009458,-0.017487,-0.004669,-35.15,-30.91,-32.62,2,0.025889,0.013153,0.041412,-27.66,-38.45,-40.19,3,-0.010872,-0.019501,-0.005829,-34.2,t,https://portal.wildtrax.ca/home/aru-tasks/recording.html?taskId=2755786,https://wildtrax-aru.s3-accelerate.amazonaws.com/8833f4f0-0874-4670-bdc6-c2bea18d6660/5dab2ab73144461c826d429b789fe2b4.jpg,https://wildtrax-aru.s3-accelerate.amazonaws.com/8833f4f0-0874-4670-bdc6-c2bea18d6660/6982d4f8f90a4fd5af75ce87dff0d9e1.flac
CANFOR,Interior Broadleaf Working Group ARU Monitoring 2025 Limited Amplitude Processing,3701,MUS155-HR-C,492652,2025-06-05 05:11:00,3023170,1SPT,2755786,t,WTSP,White-throated Sparrow,ZONOTRICHIA ALBICOLLIS,Aves,163.07,180.00,2.01,2.45kHz,3.99kHz,5291804,2,Song,1,,f,2,Leonard Patterson,2623,,f,-32.35,-33.44,3,0.022594,0.011536,0.032227,-29.84,-61.97,-68.45,2,0,-0.003906,0.003082,-48.16,-31.2,-32.27,3,0.025989,0.013611,0.03598,-28.88,-60.93,-68.32,2,0,-0.004517,0.003662,-46.9,t,https://portal.wildtrax.ca/home/aru-tasks/recording.html?taskId=2755786,https://wildtrax-aru.s3-accelerate.amazonaws.com/8833f4f0-0874-4670-bdc6-c2bea18d6660/a6f1f231f507483ea9d29481465ac665.jpg,https://wildtrax-aru.s3-accelerate.amazonaws.com/8833f4f0-0874-4670-bdc6-c2bea18d6660/c0416d5813934890967e756b86b6f756.flac
CANFOR,Interior Broadleaf Working Group ARU Monitoring 2025 Limited Amplitude Processing,3701,MUS155-HR-C,492652,2025-06-05 05:11:00,3023170,1SPT,2755786,t,WTSP,White-throated Sparrow,ZONOTRICHIA ALBICOLLIS,Aves,178.86,180.00,0.74,2.91kHz,3.99kHz,5291805,3,Song,1,,f,1,Leonard Patterson,2623,,f,-31.59,-33.7,2,0.022284,-0.004333,0.057434,-24.82,-43.46,-55.04,2,0,-0.011047,0.01123,-38.99,-30.65,-32.29,2,0.025741,0.002502,0.053619,-25.41,-50.18,-60.64,2,0,-0.006104,0.006348,-43.95,t,https://portal.wildtrax.ca/home/aru-tasks/recording.html?taskId=2755786,https://wildtrax-aru.s3-accelerate.amazonaws.com/8833f4f0-0874-4670-bdc6-c2bea18d6660/2e2546e164464a3dbb553ce0965cf4fe.jpg,https://wildtrax-aru.s3-accelerate.amazonaws.com/8833f4f0-0874-4670-bdc6-c2bea18d6660/e020fd548adf4370bad899d49a9bf9e3.flac
CANFOR,Interior Broadleaf Working Group ARU Monitoring 2025 Limited Amplitude Processing,3701,MUS155-HR-C,492652,2025-06-07 05:10:00,2894257,1SPT,2622083,t,WAVI,Warbling Vireo,VIREO GILVUS,Aves,11.82,180.00,2.00,1.18kHz,4.64kHz,5285100,1,Song,1,,f,2,Leonard Patterson,2623,,f,-32.18,-33.24,2,0.0229,0.013184,0.036316,-28.8,-57.16,-63.34,2,-0.000001,-0.009277,0.005249,-40.65,-31.12,-32.07,2,0.025993,0.012726,0.042175,-27.5,-49.35,-62.35,2,-0.000001,-0.010468,0.009399,-39.6,t,https://portal.wildtrax.ca/home/aru-tasks/recording.html?taskId=2622083,https://wildtrax-aru.s3-accelerate.amazonaws.com/4351af65-60bb-41dc-b505-6fb3f9b5f7ca/dab77f5442664031b2c931cfc928cf3c.jpg,https://wildtrax-aru.s3-accelerate.amazonaws.com/4351af65-60bb-41dc-b505-6fb3f9b5f7ca/84937e87917f41309b8c04244495f10d.flac
CANFOR,Interior Broadleaf Working Group ARU Monitoring 2025 Limited Amplitude Processing,3701,MUS155-HR-C,492652,2025-06-07 05:10:00,2894257,1SPT,2622083,t,AMRE,American Redstart,SETOPHAGA RUTICILLA,Aves,14.77,180.00,0.93,5.14kHz,9.21kHz,5285099,1,Song,1,,f,1,Leonard Patterson,2623,,f,-32.19,-33.22,2,0.022945,0.007538,0.033905,-29.39,-57.89,-63.76,2,0,-0.004395,0.004242,-47.14,-30.95,-32.13,2,0.026049,0.01236,0.039459,-28.08,-59.44,-64.56,2,0,-0.004486,0.004211,-46.96,t,https://portal.wildtrax.ca/home/aru-tasks/recording.html?taskId=2622083,https://wildtrax-aru.s3-accelerate.amazonaws.com/4351af65-60bb-41dc-b505-6fb3f9b5f7ca/663219bf76fa43ee85181d57a4b40873.jpg,https://wildtrax-aru.s3-accelerate.amazonaws.com/4351af65-60bb-41dc-b505-6fb3f9b5f7ca/2318ea7f0ad34cd7a3334ca530c05fae.flac
CANFOR,Interior Broadleaf Working Group ARU Monitoring 2025 Limited Amplitude Processing,3701,MUS155-HR-C,492652,2025-06-07 05:10:00,2894257,1SPT,2622083,t,AMRO,American Robin,TURDUS MIGRATORIUS,Aves,14.88,180.00,1.55,1.28kHz,3.23kHz,5285101,1,Song,1,,f,1,Leonard Patterson,2623,,f,-32.19,-33.36,2,0.022834,0.007538,0.033905,-29.39,-54.58,-67.36,2,-0.000001,-0.006531,0.005707,-43.7,-30.82,-32.42,2,0.025921,0.010925,0.039978,-27.96,-55.4,-66.35,2,-0.000001,-0.00824,0.004456,-41.68,t,https://portal.wildtrax.ca/home/aru-tasks/recording.html?taskId=2622083,https://wildtrax-aru.s3-accelerate.amazonaws.com/4351af65-60bb-41dc-b505-6fb3f9b5f7ca/72efc7cd6a2b408b9eb495775534971c.jpg,https://wildtrax-aru.s3-accelerate.amazonaws.com/4351af65-60bb-41dc-b505-6fb3f9b5f7ca/2a27640e1a5a4daf977657909be37078.flac
CANFOR,Interior Broadleaf Working Group ARU Monitoring 2025 Limited Amplitude Processing,3701,MUS155-HR-C,492652,2025-06-07 05:10:00,2894257,1SPT,2622083,t,WTSP,White-throated Sparrow,ZONOTRICHIA ALBICOLLIS,Aves,18.00,180.00,0.80,4.74kHz,5.41kHz,5285116,1,Song,1,,f,2,Leonard Patterson,2623,,f,-32.1,-33.47,2,0.02282,0.011292,0.03479,-29.17,-69.47,-73,2,0,-0.001282,0.001312,-57.64,-31.07,-32.41,2,0.026158,0.015045,0.03775,-28.46,-69.22,-72.89,2,0,-0.001556,0.001465,-56.16,t,https://portal.wildtrax.ca/home/aru-tasks/recording.html?taskId=2622083,https://wildtrax-aru.s3-accelerate.amazonaws.com/4351af65-60bb-41dc-b505-6fb3f9b5f7ca/4582fff6fc9145c59bfde60abff448a0.jpg,https://wildtrax-aru.s3-accelerate.amazonaws.com/4351af65-60bb-41dc-b505-6fb3f9b5f7ca/7255e10c52174f35a1f92f0a83bc9e59.flac
CANFOR,Interior Broadleaf Working Group ARU Monitoring 2025 Limited Amplitude Processing,3701,MUS155-HR-C,492652,2025-06-07 05:10:00,2894257,1SPT,2622083,t,WTSP,White-throated Sparrow,ZONOTRICHIA ALBICOLLIS,Aves,20.47,180.00,1.25,3.44kHz,4.01kHz,5285115,2,Song,1,,f,2,Leonard Patterson,2623,,f,-31.86,-33.23,2,0.022885,0.003174,0.045013,-26.93,-62.47,-70.31,2,0,-0.002747,0.002747,-51.22,-30.93,-32.29,2,0.026087,0.002136,0.04657,-26.64,-59.4,-71.25,3,0,-0.004181,0.004181,-47.57,t,https://portal.wildtrax.ca/home/aru-tasks/recording.html?taskId=2622083,https://wildtrax-aru.s3-accelerate.amazonaws.com/4351af65-60bb-41dc-b505-6fb3f9b5f7ca/8b67ec2f062241a3bc2a3c09df08e4cd.jpg,https://wildtrax-aru.s3-accelerate.amazonaws.com/4351af65-60bb-41dc-b505-6fb3f9b5f7ca/d24175dd367f42fdb04ded398df62bff.flac
CANFOR,Interior Broadleaf Working Group ARU Monitoring 2025 Limited Amplitude Processing,3701,MUS155-HR-C,492652,2025-06-07 05:10:00,2894257,1SPT,2622083,t,SWTH,Swainson's Thrush,CATHARUS USTULATUS,Aves,24.28,180.00,0.83,1.28kHz,3.49kHz,5285102,1,Song,1,,f,2,Leonard Patterson,2623,,f,-32.17,-33.43,2,0.022961,0.010376,0.035858,-28.91,-57.41,-62.61,2,-0.000002,-0.007202,0.00412,-42.85,-30.96,-32.39,2,0.02604,0.013855,0.04068,-27.81,-54.9,-62.53,2,-0.000002,-0.007996,0.005249,-41.94,t,https://portal.wildtrax.ca/home/aru-tasks/recording.html?taskId=2622083,https://wildtrax-aru.s3-accelerate.amazonaws.com/4351af65-60bb-41dc-b505-6fb3f9b5f7ca/ec160cb341ab42c3957ebc2be96e693c.jpg,https://wildtrax-aru.s3-accelerate.amazonaws.com/4351af65-60bb-41dc-b505-6fb3f9b5f7ca/033fd87c356e463e81c7481aa5ed6265.flac
CANFOR,Interior Broadleaf Working Group ARU Monitoring 2025 Limited Amplitude Processing,3701,MUS155-HR-C,492652,2025-06-07 05:10:00,2894257,1SPT,2622083,t,UNSA,Unidentified Sapsucker,SPHYRAPICUS,Aves,40.61,180.00,1.61,0.00kHz,1.18kHz,5285104,1,Non-vocal,1,,f,2,Leonard Patterson,2623,,f,-31.51,-33.45,2,0.022867,0.007111,0.040497,-27.85,-31.52,-33.47,7,0.022866,0.009338,0.038208,-28.36,-30.15,-32.66,2,0.026034,0.010681,0.050873,-25.87,-30.16,-32.69,2,0.026033,0.011383,0.046265,-26.7,t,https://portal.wildtrax.ca/home/aru-tasks/recording.html?taskId=2622083,https://wildtrax-aru.s3-accelerate.amazonaws.com/4351af65-60bb-41dc-b505-6fb3f9b5f7ca/43283d4bcb784a84b77139b84cf5adb6.jpg,https://wildtrax-aru.s3-accelerate.amazonaws.com/4351af65-60bb-41dc-b505-6fb3f9b5f7ca/8746c2d0aa144d06a32f3dddcd5cf51c.flac
CANFOR,Interior Broadleaf Working Group ARU Monitoring 2025 Limited Amplitude Processing,3701,MUS155-HR-C,492652,2025-06-07 05:10:00,2894257,1SPT,2622083,t,DUFL,Dusky Flycatcher,EMPIDONAX OBERHOLSERI,Aves,51.97,180.00,0.35,3.59kHz,6.84kHz,5285105,1,Song,1,,f,2,Leonard Patterson,2623,,f,-32.16,-33.11,2,0.022767,0.009216,0.037781,-28.45,-52.05,-58,2,-0.000001,-0.008514,0.008453,-41.4,-31.21,-31.92,2,0.025802,0.011353,0.042999,-27.33,-51.1,-57.22,2,-0.000001,-0.007843,0.007721,-42.11,t,https://portal.wildtrax.ca/home/aru-tasks/recording.html?taskId=2622083,https://wildtrax-aru.s3-accelerate.amazonaws.com/4351af65-60bb-41dc-b505-6fb3f9b5f7ca/f594d6405fb64ce5b1f5d15b8e2f3763.jpg,https://wildtrax-aru.s3-accelerate.amazonaws.com/4351af65-60bb-41dc-b505-6fb3f9b5f7ca/89821e3586da419abc4b8e650bb84640.flac
CANFOR,Interior Broadleaf Working Group ARU Monitoring 2025 Limited Amplitude Processing,3701,MUS155-HR-C,492652,2025-06-07 05:10:00,2894257,1SPT,2622083,t,RCKI,Ruby-crowned Kinglet,CORTHYLIO CALENDULA,Aves,57.87,180.00,0.95,1.49kHz,2.88kHz,5285106,1,Song,1,,f,2,Leonard Patterson,2623,,f,-32.07,-33.42,2,0.022925,0.01001,0.035187,-29.07,-65.75,-68.53,2,-0.000001,-0.004944,0.00351,-46.12,-30.69,-32.38,2,0.026092,0.011292,0.038361,-28.32,-64.59,-67.83,2,-0.000001,-0.006012,0.00412,-44.42,t,https://portal.wildtrax.ca/home/aru-tasks/recording.html?taskId=2622083,https://wildtrax-aru.s3-accelerate.amazonaws.com/4351af65-60bb-41dc-b505-6fb3f9b5f7ca/cf036ff05dd64d7fb49d2ce37af9b6a3.jpg,https://wildtrax-aru.s3-accelerate.amazonaws.com/4351af65-60bb-41dc-b505-6fb3f9b5f7ca/0e858046292b4910a9fd896f9d2ddade.flac
CANFOR,Interior Broadleaf Working Group ARU Monitoring 2025 Limited Amplitude Processing,3701,MUS155-HR-C,492652,2025-06-07 05:10:00,2894257,1SPT,2622083,t,YRWA,Yellow-rumped Warbler,SETOPHAGA CORONATA,Aves,63.29,180.00,0.46,3.64kHz,6.43kHz,5285107,1,Song,1,,f,2,Leonard Patterson,2623,,f,-32.28,-33.25,2,0.023001,0.014099,0.03244,-29.78,-62.81,-65.44,3,-0.000001,-0.003876,0.002472,-48.23,-30.99,-32.18,2,0.026142,0.016693,0.035828,-28.92,-62.36,-65.73,2,-0.000001,-0.004822,0.003754,-46.34,t,https://portal.wildtrax.ca/home/aru-tasks/recording.html?taskId=2622083,https://wildtrax-aru.s3-accelerate.amazonaws.com/4351af65-60bb-41dc-b505-6fb3f9b5f7ca/dea2233904164266b1d1da65d41d14b1.jpg,https://wildtrax-aru.s3-accelerate.amazonaws.com/4351af65-60bb-41dc-b505-6fb3f9b5f7ca/272f5f17c810460f891113793438400a.flac
CANFOR,Interior Broadleaf Working Group ARU Monitoring 2025 Limited Amplitude Processing,3701,MUS155-HR-C,492652,2025-06-07 05:10:00,2894257,1SPT,2622083,t,WTSP,White-throated Sparrow,ZONOTRICHIA ALBICOLLIS,Aves,71.28,180.00,3.25,3.13kHz,5.19kHz,5285113,3,Song,1,,f,2,Leonard Patterson,2623,,f,-31.91,-33.26,2,0.022865,0.003052,0.046051,-26.74,-41.78,-58.25,2,0,-0.016052,0.01532,-35.89,-30.8,-32.28,2,0.026015,0.004547,0.046661,-26.62,-40.56,-59.03,2,0,-0.017548,0.017029,-35.12,t,https://portal.wildtrax.ca/home/aru-tasks/recording.html?taskId=2622083,https://wildtrax-aru.s3-accelerate.amazonaws.com/4351af65-60bb-41dc-b505-6fb3f9b5f7ca/5560b6c2ecf34ef091c8efdf61772ddd.jpg,https://wildtrax-aru.s3-accelerate.amazonaws.com/4351af65-60bb-41dc-b505-6fb3f9b5f7ca/7f22f9636cfa45dea6de60a3fa04056c.flac
CANFOR,Interior Broadleaf Working Group ARU Monitoring 2025 Limited Amplitude Processing,3701,MUS155-HR-C,492652,2025-06-07 05:10:00,2894257,1SPT,2622083,t,UNSA,Unidentified Sapsucker,SPHYRAPICUS,Aves,79.98,180.00,1.89,0.45kHz,2.05kHz,5285108,2,Non-vocal,1,,f,2,Leonard Patterson,2623,,f,-31.91,-33.43,2,0.022895,0.004272,0.036133,-28.84,-60.68,-66.2,2,-0.000003,-0.010193,0.005463,-39.83,-30.74,-32.43,3,0.026028,0.006012,0.041229,-27.7,-59.77,-65.9,2,-0.000003,-0.011719,0.004761,-38.62,t,https://portal.wildtrax.ca/home/aru-tasks/recording.html?taskId=2622083,https://wildtrax-aru.s3-accelerate.amazonaws.com/4351af65-60bb-41dc-b505-6fb3f9b5f7ca/705234cab73c4d7685f02d648e50cd24.jpg,https://wildtrax-aru.s3-accelerate.amazonaws.com/4351af65-60bb-41dc-b505-6fb3f9b5f7ca/b4ac286de180420090e791b1282a6930.flac
CANFOR,Interior Broadleaf Working Group ARU Monitoring 2025 Limited Amplitude Processing,3701,MUS155-HR-C,492652,2025-06-07 05:10:00,2894257,1SPT,2622083,t,SWTH,Swainson's Thrush,CATHARUS USTULATUS,Aves,105.05,180.00,0.53,1.17kHz,3.75kHz,5285109,2,Song,1,,f,2,Leonard Patterson,2623,,f,-32.24,-33.11,2,0.022845,0.009003,0.033783,-29.43,-59.4,-61.79,2,-0.000003,-0.008698,0.003632,-41.21,-31.24,-31.93,2,0.025977,0.009949,0.039581,-28.05,-58.15,-60.76,2,-0.000003,-0.009369,0.004303,-40.57,t,https://portal.wildtrax.ca/home/aru-tasks/recording.html?taskId=2622083,https://wildtrax-aru.s3-accelerate.amazonaws.com/4351af65-60bb-41dc-b505-6fb3f9b5f7ca/3676832a76ee4b3a9d2dbda3c5158928.jpg,https://wildtrax-aru.s3-accelerate.amazonaws.com/4351af65-60bb-41dc-b505-6fb3f9b5f7ca/1d46a245a3894ac2821e1fa4cfc98fe1.flac
CANFOR,Interior Broadleaf Working Group ARU Monitoring 2025 Limited Amplitude Processing,3701,MUS155-HR-C,492652,2025-06-07 05:10:00,2894257,1SPT,2622083,t,RUGR,Ruffed Grouse,BONASA UMBELLUS,Aves,113.82,180.00,7.64,0.09kHz,1.12kHz,5285110,1,Non-vocal,1,,f,1,Leonard Patterson,2623,,f,-26.5,-33.31,2,0.022785,-0.093414,0.085358,-20.59,-33.43,-40.85,3,-0.009569,-0.036652,0.043915,-27.15,-25.99,-32.2,2,0.026024,-0.098999,0.085052,-20.09,-32.96,-39.78,5,-0.010928,-0.037598,0.046753,-26.6,t,https://portal.wildtrax.ca/home/aru-tasks/recording.html?taskId=2622083,https://wildtrax-aru.s3-accelerate.amazonaws.com/4351af65-60bb-41dc-b505-6fb3f9b5f7ca/57736129e90947cd93bcb1e6254b4ed7.jpg,https://wildtrax-aru.s3-accelerate.amazonaws.com/4351af65-60bb-41dc-b505-6fb3f9b5f7ca/671805483a114feb9300c6b1cd85ce2d.flac
CANFOR,Interior Broadleaf Working Group ARU Monitoring 2025 Limited Amplitude Processing,3701,MUS155-HR-C,492652,2025-06-07 05:10:00,2894257,1SPT,2622083,t,DEJU,Dark-eyed Junco,JUNCO HYEMALIS,Aves,119.25,180.00,1.36,3.18kHz,5.14kHz,5285098,1,Song,1,,f,2,Leonard Patterson,2623,,f,-26.5,-30.61,2,0.02281,-0.092865,0.085358,-20.64,-53.02,-56.56,2,0,-0.008759,0.00946,-40.48,-25.99,-29.71,2,0.026028,-0.098419,0.084961,-20.14,-49.56,-54.86,2,0,-0.011932,0.011475,-38.47,t,https://portal.wildtrax.ca/home/aru-tasks/recording.html?taskId=2622083,https://wildtrax-aru.s3-accelerate.amazonaws.com/4351af65-60bb-41dc-b505-6fb3f9b5f7ca/d7542adb51df4b0e91d640f7b61ae373.jpg,https://wildtrax-aru.s3-accelerate.amazonaws.com/4351af65-60bb-41dc-b505-6fb3f9b5f7ca/ba334b866aa64c0ab2fb5321cca1c62e.flac
CANFOR,Interior Broadleaf Working Group ARU Monitoring 2025 Limited Amplitude Processing,3701,MUS155-HR-C,492652,2025-06-07 05:10:00,2894257,1SPT,2622083,t,DEJU,Dark-eyed Junco,JUNCO HYEMALIS,Aves,132.55,180.00,1.60,4.16kHz,5.91kHz,5285097,2,Song,1,,f,1,Leonard Patterson,2623,,f,-32.35,-33.28,2,0.022787,0.01059,0.037964,-28.41,-59.3,-64.83,2,0,-0.003937,0.004028,-47.9,-31.13,-32.21,2,0.025964,0.003967,0.045349,-26.87,-58.65,-63.1,2,0,-0.004425,0.004578,-46.79,t,https://portal.wildtrax.ca/home/aru-tasks/recording.html?taskId=2622083,https://wildtrax-aru.s3-accelerate.amazonaws.com/4351af65-60bb-41dc-b505-6fb3f9b5f7ca/3bb452a2372e4707b896c80df9ba667f.jpg,https://wildtrax-aru.s3-accelerate.amazonaws.com/4351af65-60bb-41dc-b505-6fb3f9b5f7ca/61fd93c519ab4f7eb34264f25ac4559f.flac
CANFOR,Interior Broadleaf Working Group ARU Monitoring 2025 Limited Amplitude Processing,3701,MUS155-HR-C,492652,2025-06-07 05:10:00,2894257,1SPT,2622083,t,WTSP,White-throated Sparrow,ZONOTRICHIA ALBICOLLIS,Aves,135.76,180.00,0.75,2.82kHz,3.39kHz,5285114,4,Song,1,,f,1,Leonard Patterson,2623,,f,-32.22,-33.12,2,0.02294,0.006775,0.041962,-27.54,-58.55,-68.54,3,0,-0.002441,0.002472,-52.14,-31.12,-32.27,2,0.026052,0.010468,0.042938,-27.34,-51.13,-60.24,3,0,-0.004669,0.0047,-46.56,t,https://portal.wildtrax.ca/home/aru-tasks/recording.html?taskId=2622083,https://wildtrax-aru.s3-accelerate.amazonaws.com/4351af65-60bb-41dc-b505-6fb3f9b5f7ca/68e27534b48d4f0f9045e11325b1f92b.jpg,https://wildtrax-aru.s3-accelerate.amazonaws.com/4351af65-60bb-41dc-b505-6fb3f9b5f7ca/002d8faff5324d6cb07e6d7855be8b8f.flac
CANFOR,Interior Broadleaf Working Group ARU Monitoring 2025 Limited Amplitude Processing,3701,MUS155-HR-C,492652,2025-06-07 05:10:00,2894257,1SPT,2622083,t,WTSP,White-throated Sparrow,ZONOTRICHIA ALBICOLLIS,Aves,147.44,180.00,1.60,2.72kHz,3.44kHz,5285112,5,Song,1,,f,1,Leonard Patterson,2623,,f,-31.47,-33.35,2,0.022698,-0.006927,0.048553,-26.28,-53.25,-64.92,2,0,-0.005157,0.005157,-45.75,-30.29,-32.24,2,0.026086,-0.005127,0.051758,-25.72,-49.12,-59.81,2,0,-0.006653,0.006744,-43.42,t,https://portal.wildtrax.ca/home/aru-tasks/recording.html?taskId=2622083,https://wildtrax-aru.s3-accelerate.amazonaws.com/4351af65-60bb-41dc-b505-6fb3f9b5f7ca/22f33767b5b742c4b869340f569b68a8.jpg,https://wildtrax-aru.s3-accelerate.amazonaws.com/4351af65-60bb-41dc-b505-6fb3f9b5f7ca/ffe6377d408041ae9a240108dd72803c.flac
CANFOR,Interior Broadleaf Working Group ARU Monitoring 2025 Limited Amplitude Processing,3701,MUS155-HR-C,492652,2025-06-10 05:08:00,2894258,1SPT,2622084,t,CHSP,Chipping Sparrow,SPIZELLA PASSERINA,Aves,0.00,180.00,2.51,4.01kHz,7.71kHz,5285117,1,Song,1,,f,2,Leonard Patterson,2623,,f,-31.84,-33.11,2,0.022961,-0.008179,0.053223,-25.48,-43.59,-50.2,3,0,-0.02359,0.023041,-32.55,-30.67,-31.89,2,0.026064,-0.023468,0.07428,-22.58,-40.1,-47.46,2,0,-0.040436,0.040344,-27.86,t,https://portal.wildtrax.ca/home/aru-tasks/recording.html?taskId=2622084,https://wildtrax-aru.s3-accelerate.amazonaws.com/5c0afc8e-ed2e-4b9b-9201-c190fd741c73/b7b6edaabb27450eba4cc1650e64aea0.jpg,https://wildtrax-aru.s3-accelerate.amazonaws.com/5c0afc8e-ed2e-4b9b-9201-c190fd741c73/a7eb95298d144c7f8a13491349570d5c.flac
CANFOR,Interior Broadleaf Working Group ARU Monitoring 2025 Limited Amplitude Processing,3701,MUS155-HR-C,492652,2025-06-10 05:08:00,2894258,1SPT,2622084,t,SWTH,Swainson's Thrush,CATHARUS USTULATUS,Aves,6.67,180.00,0.45,1.29kHz,4.17kHz,5285123,1,Song,1,,f,1,Leonard Patterson,2623,,f,-32.43,-33.07,2,0.0231,0.010406,0.036987,-28.64,-55.33,-60.2,2,-0.000003,-0.008667,0.008301,-41.24,-31.16,-32.24,2,0.02613,0.012207,0.036346,-28.79,-54.53,-59.07,2,-0.000003,-0.009369,0.006317,-40.57,t,https://portal.wildtrax.ca/home/aru-tasks/recording.html?taskId=2622084,https://wildtrax-aru.s3-accelerate.amazonaws.com/5c0afc8e-ed2e-4b9b-9201-c190fd741c73/326ff61d7ac440218df80adcd131a58b.jpg,https://wildtrax-aru.s3-accelerate.amazonaws.com/5c0afc8e-ed2e-4b9b-9201-c190fd741c73/9bedc04ed15347d9b7e3081d47682c37.flac
CANFOR,Interior Broadleaf Working Group ARU Monitoring 2025 Limited Amplitude Processing,3701,MUS155-HR-C,492652,2025-06-10 05:08:00,2894258,1SPT,2622084,t,RUGR,Ruffed Grouse,BONASA UMBELLUS,Aves,7.01,180.00,6.16,0.09kHz,0.50kHz,5285126,1,Non-vocal,1,,f,1,Leonard Patterson,2623,,f,-31.14,-33.46,2,0.022977,-0.011108,0.053284,-25.47,-38.6,-41.02,10,-0.009649,-0.021454,0.003876,-33.37,-30.13,-32.39,2,0.026072,-0.009308,0.058289,-24.69,-37.62,-39.93,3,-0.010949,-0.022583,0.003235,-32.92,t,https://portal.wildtrax.ca/home/aru-tasks/recording.html?taskId=2622084,https://wildtrax-aru.s3-accelerate.amazonaws.com/5c0afc8e-ed2e-4b9b-9201-c190fd741c73/a13d50de571246108f4952b62320e6b7.jpg,https://wildtrax-aru.s3-accelerate.amazonaws.com/5c0afc8e-ed2e-4b9b-9201-c190fd741c73/48fabb8e8fdf431886ea8c4ed7a8c556.flac
CANFOR,Interior Broadleaf Working Group ARU Monitoring 2025 Limited Amplitude Processing,3701,MUS155-HR-C,492652,2025-06-10 05:08:00,2894258,1SPT,2622084,t,SWTH,Swainson's Thrush,CATHARUS USTULATUS,Aves,7.23,180.00,0.54,1.44kHz,4.12kHz,5285124,2,Song,1,,f,2,Leonard Patterson,2623,,f,-32.28,-33.02,2,0.023096,-0.004333,0.047699,-26.43,-54.4,-60.3,2,-0.000002,-0.010284,0.007538,-39.76,-31.05,-31.87,2,0.026124,-0.001862,0.051361,-25.79,-51.85,-58.76,2,-0.000003,-0.010803,0.007111,-39.33,t,https://portal.wildtrax.ca/home/aru-tasks/recording.html?taskId=2622084,https://wildtrax-aru.s3-accelerate.amazonaws.com/5c0afc8e-ed2e-4b9b-9201-c190fd741c73/b24398ef679f48be9db4a69007a3c77c.jpg,https://wildtrax-aru.s3-accelerate.amazonaws.com/5c0afc8e-ed2e-4b9b-9201-c190fd741c73/e31f7452cf91476e8067b0077921a352.flac
CANFOR,Interior Broadleaf Working Group ARU Monitoring 2025 Limited Amplitude Processing,3701,MUS155-HR-C,492652,2025-06-10 05:08:00,2894258,1SPT,2622084,t,SWTH,Swainson's Thrush,CATHARUS USTULATUS,Aves,8.06,180.00,0.65,1.22kHz,3.90kHz,5285125,3,Song,1,,f,1,Leonard Patterson,2623,,f,-32.22,-33.14,2,0.023083,0.003815,0.037445,-28.53,-59.53,-63.65,2,-0.000002,-0.008484,0.003418,-41.43,-31.06,-32.19,2,0.026086,0.002747,0.041107,-27.72,-61.34,-63.4,2,-0.000003,-0.009674,0.004303,-40.29,t,https://portal.wildtrax.ca/home/aru-tasks/recording.html?taskId=2622084,https://wildtrax-aru.s3-accelerate.amazonaws.com/5c0afc8e-ed2e-4b9b-9201-c190fd741c73/f611d2ecb0b541e6b82c13a5c47d71c0.jpg,https://wildtrax-aru.s3-accelerate.amazonaws.com/5c0afc8e-ed2e-4b9b-9201-c190fd741c73/1c4537ad0c8841d0a7585b33d92b32f4.flac
CANFOR,Interior Broadleaf Working Group ARU Monitoring 2025 Limited Amplitude Processing,3701,MUS155-HR-C,492652,2025-06-10 05:08:00,2894258,1SPT,2622084,t,AMRE,American Redstart,SETOPHAGA RUTICILLA,Aves,11.45,180.00,0.70,5.55kHz,8.64kHz,5285127,1,Song,1,,f,1,Leonard Patterson,2623,,f,-31.74,-33.23,2,0.02312,-0.007416,0.048126,-26.35,-61.93,-66.03,2,0,-0.004242,0.003845,-47.45,-30.68,-32.09,2,0.026298,-0.008301,0.051666,-25.74,-62.76,-66.07,2,0,-0.005524,0.005371,-45.16,t,https://portal.wildtrax.ca/home/aru-tasks/recording.html?taskId=2622084,https://wildtrax-aru.s3-accelerate.amazonaws.com/5c0afc8e-ed2e-4b9b-9201-c190fd741c73/67bb40d1cf334632ad7dd964de936641.jpg,https://wildtrax-aru.s3-accelerate.amazonaws.com/5c0afc8e-ed2e-4b9b-9201-c190fd741c73/b985ba644a894fdf920e6e63c8901c8d.flac
CANFOR,Interior Broadleaf Working Group ARU Monitoring 2025 Limited Amplitude Processing,3701,MUS155-HR-C,492652,2025-06-10 05:08:00,2894258,1SPT,2622084,t,OCWA,Orange-crowned Warbler,LEIOTHLYPIS CELATA,Aves,12.49,180.00,0.79,4.93kHz,7.10kHz,5285128,1,Song,1,,f,1,Leonard Patterson,2623,,f,-31.14,-33.12,3,0.022953,-0.005493,0.052277,-25.63,-57.09,-65.13,3,0,-0.004913,0.004791,-46.17,-30.13,-31.91,2,0.026124,-0.006805,0.058289,-24.69,-62,-66.44,2,0,-0.003265,0.003143,-49.72,t,https://portal.wildtrax.ca/home/aru-tasks/recording.html?taskId=2622084,https://wildtrax-aru.s3-accelerate.amazonaws.com/5c0afc8e-ed2e-4b9b-9201-c190fd741c73/8cbb9fc94cdd4b57a71849404e82b206.jpg,https://wildtrax-aru.s3-accelerate.amazonaws.com/5c0afc8e-ed2e-4b9b-9201-c190fd741c73/450fb07ee5c34331ba24ff4ca0b0c120.flac
CANFOR,Interior Broadleaf Working Group ARU Monitoring 2025 Limited Amplitude Processing,3701,MUS155-HR-C,492652,2025-06-10 05:08:00,2894258,1SPT,2622084,t,WTSP,White-throated Sparrow,ZONOTRICHIA ALBICOLLIS,Aves,14.09,180.00,0.65,3.54kHz,4.06kHz,5285137,1,Song,1,,f,1,Leonard Patterson,2623,,f,-31.5,-33.4,2,0.02275,-0.009766,0.050354,-25.96,-52.72,-64.56,2,0,-0.004669,0.0047,-46.56,-30.48,-32.07,2,0.025963,-0.009338,0.054047,-25.34,-49.99,-60.84,2,0,-0.006744,0.006653,-43.42,t,https://portal.wildtrax.ca/home/aru-tasks/recording.html?taskId=2622084,https://wildtrax-aru.s3-accelerate.amazonaws.com/5c0afc8e-ed2e-4b9b-9201-c190fd741c73/91be9a44a72c4ec2b87a82912c23e044.jpg,https://wildtrax-aru.s3-accelerate.amazonaws.com/5c0afc8e-ed2e-4b9b-9201-c190fd741c73/e095a5af3dc84da3add94141331f97e2.flac
CANFOR,Interior Broadleaf Working Group ARU Monitoring 2025 Limited Amplitude Processing,3701,MUS155-HR-C,492652,2025-06-10 05:08:00,2894258,1SPT,2622084,t,PAWA,Palm Warbler,SETOPHAGA PALMARUM,Aves,37.59,180.00,1.31,2.82kHz,5.86kHz,5285118,1,Song,1,,f,2,Leonard Patterson,2623,,f,-31.94,-33.3,2,0.022852,0.009735,0.035461,-29,-54.42,-58.84,2,0,-0.008942,0.008606,-40.97,-30.57,-32.26,2,0.026138,0.01123,0.042023,-27.53,-54.63,-59.4,2,0,-0.006744,0.006287,-43.42,t,https://portal.wildtrax.ca/home/aru-tasks/recording.html?taskId=2622084,https://wildtrax-aru.s3-accelerate.amazonaws.com/5c0afc8e-ed2e-4b9b-9201-c190fd741c73/24dd3dfbdf134750b0280f136126d0a5.jpg,https://wildtrax-aru.s3-accelerate.amazonaws.com/5c0afc8e-ed2e-4b9b-9201-c190fd741c73/d35e5bc7df514c12b0ac57a0299b2027.flac
CANFOR,Interior Broadleaf Working Group ARU Monitoring 2025 Limited Amplitude Processing,3701,MUS155-HR-C,492652,2025-06-10 05:08:00,2894258,1SPT,2622084,t,WTSP,White-throated Sparrow,ZONOTRICHIA ALBICOLLIS,Aves,46.36,180.00,0.73,3.23kHz,3.64kHz,5285138,2,Song,1,,f,1,Leonard Patterson,2623,,f,-32.44,-33.1,2,0.022949,0.013214,0.034851,-29.16,-55.56,-69.3,3,0,-0.00412,0.004181,-47.57,-31.18,-31.97,2,0.0262,0.013947,0.036652,-28.72,-61.73,-68.61,4,0,-0.002075,0.002106,-53.53,t,https://portal.wildtrax.ca/home/aru-tasks/recording.html?taskId=2622084,https://wildtrax-aru.s3-accelerate.amazonaws.com/5c0afc8e-ed2e-4b9b-9201-c190fd741c73/b346afc968644ba7859cc54edc3f9989.jpg,https://wildtrax-aru.s3-accelerate.amazonaws.com/5c0afc8e-ed2e-4b9b-9201-c190fd741c73/b0e14a426d7b45f7862fa2e7773edcef.flac
CANFOR,Interior Broadleaf Working Group ARU Monitoring 2025 Limited Amplitude Processing,3701,MUS155-HR-C,492652,2025-06-10 05:08:00,2894258,1SPT,2622084,t,AMBI,American Bittern,BOTAURUS LENTIGINOSUS,Aves,50.41,180.00,3.74,0.00kHz,0.46kHz,5285129,1,Song,1,,f,2,Leonard Patterson,2623,,f,-32.1,-33.37,2,0.022824,0.009033,0.035767,-28.93,-32.12,-33.39,10,0.022822,0.012177,0.02951,-30.6,-30.88,-32.54,2,0.026107,0.009216,0.04071,-27.81,-30.91,-32.6,3,0.026105,0.013397,0.034088,-29.35,t,https://portal.wildtrax.ca/home/aru-tasks/recording.html?taskId=2622084,https://wildtrax-aru.s3-accelerate.amazonaws.com/5c0afc8e-ed2e-4b9b-9201-c190fd741c73/80ccc35708a041ea8be0ad0ab122e4f9.jpg,https://wildtrax-aru.s3-accelerate.amazonaws.com/5c0afc8e-ed2e-4b9b-9201-c190fd741c73/dc9107cec7f645e6b82f1cd0b3d8e4de.flac
CANFOR,Interior Broadleaf Working Group ARU Monitoring 2025 Limited Amplitude Processing,3701,MUS155-HR-C,492652,2025-06-10 05:08:00,2894258,1SPT,2622084,t,DUFL,Dusky Flycatcher,EMPIDONAX OBERHOLSERI,Aves,59.91,180.00,0.30,2.98kHz,6.53kHz,5285131,1,Song,1,,f,2,Leonard Patterson,2623,,f,-32.88,-33.04,2,0.022535,0.014435,0.032349,-29.8,-58.88,-60.4,2,-0.000002,-0.007751,0.00647,-42.21,-31.75,-31.91,2,0.025738,0.016327,0.034668,-29.2,-58.4,-61.08,2,-0.000003,-0.009308,0.005981,-40.62,t,https://portal.wildtrax.ca/home/aru-tasks/recording.html?taskId=2622084,https://wildtrax-aru.s3-accelerate.amazonaws.com/5c0afc8e-ed2e-4b9b-9201-c190fd741c73/c19bf504c6dd4f6188e859b92cbd3cda.jpg,https://wildtrax-aru.s3-accelerate.amazonaws.com/5c0afc8e-ed2e-4b9b-9201-c190fd741c73/3692cc7eb1854ef8962223b58657924a.flac
CANFOR,Interior Broadleaf Working Group ARU Monitoring 2025 Limited Amplitude Processing,3701,MUS155-HR-C,492652,2025-06-10 05:08:00,2894258,1SPT,2622084,t,WTSP,White-throated Sparrow,ZONOTRICHIA ALBICOLLIS,Aves,66.84,180.00,1.28,3.49kHz,4.11kHz,5285136,3,Song,1,,f,1,Leonard Patterson,2623,,f,-32.26,-33.41,2,0.022864,0.001953,0.035126,-29.09,-54.86,-66.02,2,0,-0.004669,0.004669,-46.62,-30.97,-32.35,2,0.026015,0.005005,0.038544,-28.28,-53.44,-63.75,2,0,-0.004578,0.004578,-46.79,t,https://portal.wildtrax.ca/home/aru-tasks/recording.html?taskId=2622084,https://wildtrax-aru.s3-accelerate.amazonaws.com/5c0afc8e-ed2e-4b9b-9201-c190fd741c73/71909ce32e2343e8a1da118037746718.jpg,https://wildtrax-aru.s3-accelerate.amazonaws.com/5c0afc8e-ed2e-4b9b-9201-c190fd741c73/78e327c976cd40db9b7110d908724ccd.flac
CANFOR,Interior Broadleaf Working Group ARU Monitoring 2025 Limited Amplitude Processing,3701,MUS155-HR-C,492652,2025-06-10 05:08:00,2894258,1SPT,2622084,t,ALFL,Alder Flycatcher,EMPIDONAX ALNORUM,Aves,70.36,180.00,0.54,1.89kHz,5.96kHz,5285119,1,Song,1,,f,1,Leonard Patterson,2623,,f,-31.9,-33.29,2,0.022864,-0.003265,0.046448,-26.66,-44.94,-54.71,2,-0.000002,-0.015259,0.015137,-36.33,-31.01,-31.76,2,0.026085,0.005737,0.047241,-26.51,-46.37,-54,2,-0.000002,-0.014496,0.014313,-36.78,t,https://portal.wildtrax.ca/home/aru-tasks/recording.html?taskId=2622084,https://wildtrax-aru.s3-accelerate.amazonaws.com/5c0afc8e-ed2e-4b9b-9201-c190fd741c73/9b2e3de8c022437eb9b634151915ac88.jpg,https://wildtrax-aru.s3-accelerate.amazonaws.com/5c0afc8e-ed2e-4b9b-9201-c190fd741c73/48e9fa075536482a87b84a5620f96217.flac
CANFOR,Interior Broadleaf Working Group ARU Monitoring 2025 Limited Amplitude Processing,3701,MUS155-HR-C,492652,2025-06-10 05:08:00,2894258,1SPT,2622084,t,WAVI,Warbling Vireo,VIREO GILVUS,Aves,109.07,180.00,1.85,1.24kHz,6.44kHz,5285120,1,Song,1,,f,2,Leonard Patterson,2623,,f,-32.17,-33.3,2,0.022957,0.008026,0.035889,-28.9,-48.69,-58.87,2,-0.000001,-0.012451,0.01297,-37.74,-30.94,-32.19,2,0.025981,0.002014,0.055908,-25.05,-40.08,-55.14,2,-0.000001,-0.026154,0.027344,-31.26,t,https://portal.wildtrax.ca/home/aru-tasks/recording.html?taskId=2622084,https://wildtrax-aru.s3-accelerate.amazonaws.com/5c0afc8e-ed2e-4b9b-9201-c190fd741c73/a0302b05a24f432f89ffc16da3951c73.jpg,https://wildtrax-aru.s3-accelerate.amazonaws.com/5c0afc8e-ed2e-4b9b-9201-c190fd741c73/0b41e84808e54d63b612133d3a7ba7eb.flac
CANFOR,Interior Broadleaf Working Group ARU Monitoring 2025 Limited Amplitude Processing,3701,MUS155-HR-C,492652,2025-06-10 05:08:00,2894258,1SPT,2622084,t,AMRO,American Robin,TURDUS MIGRATORIUS,Aves,112.68,180.00,0.96,1.38kHz,3.59kHz,5285133,1,Song,1,,f,1,Leonard Patterson,2623,,f,-32.29,-33.17,2,0.022809,0.012054,0.035828,-28.92,-49.98,-64.32,2,-0.000001,-0.008423,0.008728,-41.18,-31.1,-32.27,2,0.025948,0.012146,0.040833,-27.78,-50.3,-64.6,2,-0.000001,-0.007996,0.007843,-41.94,t,https://portal.wildtrax.ca/home/aru-tasks/recording.html?taskId=2622084,https://wildtrax-aru.s3-accelerate.amazonaws.com/5c0afc8e-ed2e-4b9b-9201-c190fd741c73/890cd43ff6414652a10477ae20f4868e.jpg,https://wildtrax-aru.s3-accelerate.amazonaws.com/5c0afc8e-ed2e-4b9b-9201-c190fd741c73/17fa8a02c11e4ba3b084c30b18dd98b4.flac
CANFOR,Interior Broadleaf Working Group ARU Monitoring 2025 Limited Amplitude Processing,3701,MUS155-HR-C,492652,2025-06-10 05:08:00,2894258,1SPT,2622084,t,NOWA,Northern Waterthrush,PARKESIA NOVEBORACENSIS,Aves,121.31,180.00,1.18,2.42kHz,5.67kHz,5285134,1,Song,1,,f,2,Leonard Patterson,2623,,f,-32.16,-33.26,2,0.02289,0.014252,0.033173,-29.58,-59.68,-63.65,2,0,-0.005707,0.003845,-44.87,-31.12,-32.02,2,0.026066,0.015137,0.037384,-28.55,-56.71,-62.37,2,-0.000001,-0.007751,0.00589,-42.21,t,https://portal.wildtrax.ca/home/aru-tasks/recording.html?taskId=2622084,https://wildtrax-aru.s3-accelerate.amazonaws.com/5c0afc8e-ed2e-4b9b-9201-c190fd741c73/64b2b0fb534e435982fb6f46a6e1bddc.jpg,https://wildtrax-aru.s3-accelerate.amazonaws.com/5c0afc8e-ed2e-4b9b-9201-c190fd741c73/3e2cdd6c0f9a48049272431027d70f5d.flac
CANFOR,Interior Broadleaf Working Group ARU Monitoring 2025 Limited Amplitude Processing,3701,MUS155-HR-C,492652,2025-06-10 05:08:00,2894258,1SPT,2622084,t,BCCH,Black-capped Chickadee,POECILE ATRICAPILLUS,Aves,161.77,180.00,0.93,2.27kHz,4.02kHz,5285122,1,Song,1,,f,1,Leonard Patterson,2623,,f,-32.2,-33.43,2,0.022856,0.008179,0.035431,-29.01,-57.06,-65.59,2,0,-0.007141,0.007111,-42.92,-30.96,-32.15,2,0.026237,0.014099,0.04129,-27.68,-56.54,-63.32,2,-0.000001,-0.005066,0.004395,-45.91,t,https://portal.wildtrax.ca/home/aru-tasks/recording.html?taskId=2622084,https://wildtrax-aru.s3-accelerate.amazonaws.com/5c0afc8e-ed2e-4b9b-9201-c190fd741c73/b95a0f9bfb4e47f482cc6384081c0621.jpg,https://wildtrax-aru.s3-accelerate.amazonaws.com/5c0afc8e-ed2e-4b9b-9201-c190fd741c73/2d3e2d61890f439d97e2c323be6c5f48.flac
CANFOR,Interior Broadleaf Working Group ARU Monitoring 2025 Limited Amplitude Processing,3701,MUS155-HR-C,492652,2025-06-10 05:08:00,2894258,1SPT,2622084,t,UNWO,Unidentified Woodpecker,"",Aves,170.70,180.00,1.04,0.00kHz,0.82kHz,5285135,1,Non-vocal,1,,f,2,Leonard Patterson,2623,,f,-32.27,-33.39,2,0.02277,0.010925,0.036621,-28.73,-32.29,-33.41,4,0.022767,0.01123,0.030457,-30.33,-31.1,-32.31,2,0.026099,0.01059,0.039948,-27.97,-31.14,-32.33,2,0.026096,0.013947,0.035583,-28.98,t,https://portal.wildtrax.ca/home/aru-tasks/recording.html?taskId=2622084,https://wildtrax-aru.s3-accelerate.amazonaws.com/5c0afc8e-ed2e-4b9b-9201-c190fd741c73/655713e8fef84c6dba267e92915e3043.jpg,https://wildtrax-aru.s3-accelerate.amazonaws.com/5c0afc8e-ed2e-4b9b-9201-c190fd741c73/dd5b9f29fffe4bfbb77e67a6af299023.flac
CANFOR,Interior Broadleaf Working Group ARU Monitoring 2025 Limited Amplitude Processing,3701,MUS155-LR-C,492657,2025-06-04 05:12:00,2894259,1SPT,2622085,t,TRES,Tree Swallow,TACHYCINETA BICOLOR,Aves,1.30,180.00,0.60,1.87kHz,6.55kHz,5492041,1,Song,1,,f,2,Leonard Patterson,2623,,f,-28.66,-33.36,3,0.027544,0.010162,0.047089,-26.54,-51.89,-62.25,3,-0.000002,-0.012482,0.008148,-38.07,-30.06,-31.02,2,0.028941,0.014618,0.044891,-26.96,-48.58,-61.51,2,-0.000002,-0.014893,0.014008,-36.54,t,https://portal.wildtrax.ca/home/aru-tasks/recording.html?taskId=2622085,https://wildtrax-aru.s3-accelerate.amazonaws.com/961fa62b-8ad9-40ca-b218-008a57e2e674/15b5c91d2d104a5ca3356d4fba4850ce.jpg,https://wildtrax-aru.s3-accelerate.amazonaws.com/961fa62b-8ad9-40ca-b218-008a57e2e674/e2e56501f23d49588226795b351ab552.flac
CANFOR,Interior Broadleaf Working Group ARU Monitoring 2025 Limited Amplitude Processing,3701,MUS155-LR-C,492657,2025-06-04 05:12:00,2894259,1SPT,2622085,t,DUFL,Dusky Flycatcher,EMPIDONAX OBERHOLSERI,Aves,17.03,180.00,0.21,4.21kHz,5.70kHz,5285996,1,Song,1,,f,1,Leonard Patterson,2623,,f,-29.99,-29.99,2,0.030298,0.010498,0.053436,-25.44,-64.78,-64.78,2,-0.000001,-0.003571,0.00351,-48.95,-30.51,-30.51,2,0.029587,0.018311,0.040924,-27.76,-66.44,-66.44,2,-0.000001,-0.003235,0.002808,-49.8,t,https://portal.wildtrax.ca/home/aru-tasks/recording.html?taskId=2622085,https://wildtrax-aru.s3-accelerate.amazonaws.com/961fa62b-8ad9-40ca-b218-008a57e2e674/3c384d9ac6874c56adeb525bd7b70096.jpg,https://wildtrax-aru.s3-accelerate.amazonaws.com/961fa62b-8ad9-40ca-b218-008a57e2e674/2d3806dffbb8497d83ba63d0038da3df.flac
CANFOR,Interior Broadleaf Working Group ARU Monitoring 2025 Limited Amplitude Processing,3701,MUS155-LR-C,492657,2025-06-04 05:12:00,2894259,1SPT,2622085,t,DUFL,Dusky Flycatcher,EMPIDONAX OBERHOLSERI,Aves,17.23,180.00,0.15,4.04kHz,5.69kHz,5285998,2,Song,1,,f,1,Leonard Patterson,2623,,f,-30.53,-30.53,2,0.027998,0.007874,0.046631,-26.63,-65.43,-65.43,2,-0.000001,-0.002258,0.002197,-52.92,-31.02,-31.02,2,0.027925,0.018585,0.038208,-28.36,-64.34,-64.34,2,-0.000002,-0.003845,0.003326,-48.3,t,https://portal.wildtrax.ca/home/aru-tasks/recording.html?taskId=2622085,https://wildtrax-aru.s3-accelerate.amazonaws.com/961fa62b-8ad9-40ca-b218-008a57e2e674/6884df4e32ee4560a65fe53b08d66b52.jpg,https://wildtrax-aru.s3-accelerate.amazonaws.com/961fa62b-8ad9-40ca-b218-008a57e2e674/1bd589a2755b465a891034cfae3cb0d6.flac
CANFOR,Interior Broadleaf Working Group ARU Monitoring 2025 Limited Amplitude Processing,3701,MUS155-LR-C,492657,2025-06-04 05:12:00,2894259,1SPT,2622085,t,WETA,Western Tanager,PIRANGA LUDOVICIANA,Aves,21.05,180.00,2.30,1.48kHz,3.23kHz,5285993,1,Song,1,,f,2,Leonard Patterson,2623,,f,-29.34,-32.23,2,0.028407,0.008575,0.042969,-27.34,-61.01,-65.76,2,0,-0.006409,0.003784,-43.86,-30.13,-31.51,2,0.028878,0.009857,0.044525,-27.03,-57.87,-66.08,2,0,-0.006683,0.003967,-43.5,t,https://portal.wildtrax.ca/home/aru-tasks/recording.html?taskId=2622085,https://wildtrax-aru.s3-accelerate.amazonaws.com/961fa62b-8ad9-40ca-b218-008a57e2e674/f26de6a24110403d8c96baed2628ccca.jpg,https://wildtrax-aru.s3-accelerate.amazonaws.com/961fa62b-8ad9-40ca-b218-008a57e2e674/37d55b1fedfd4b9b88d5c049b50621ff.flac
CANFOR,Interior Broadleaf Working Group ARU Monitoring 2025 Limited Amplitude Processing,3701,MUS155-LR-C,492657,2025-06-04 05:12:00,2894259,1SPT,2622085,t,WTSP,White-throated Sparrow,ZONOTRICHIA ALBICOLLIS,Aves,23.83,180.00,0.90,3.37kHz,4.51kHz,5286002,1,Song,1,,f,2,Leonard Patterson,2623,,f,-25.32,-34.77,2,0.027342,-0.052826,0.073486,-22.68,-61.36,-67.57,2,0,-0.004517,0.004242,-46.9,-25.6,-35.54,2,0.028493,-0.009735,0.073029,-22.73,-61.89,-68.44,2,0,-0.003387,0.003143,-49.4,t,https://portal.wildtrax.ca/home/aru-tasks/recording.html?taskId=2622085,https://wildtrax-aru.s3-accelerate.amazonaws.com/961fa62b-8ad9-40ca-b218-008a57e2e674/38462b9d1e844624a0a284d62a41033f.jpg,https://wildtrax-aru.s3-accelerate.amazonaws.com/961fa62b-8ad9-40ca-b218-008a57e2e674/8d6f5a039b9445bf8d3b311e5a65cf0e.flac
CANFOR,Interior Broadleaf Working Group ARU Monitoring 2025 Limited Amplitude Processing,3701,MUS155-LR-C,492657,2025-06-04 05:12:00,2894259,1SPT,2622085,t,HETH,Hermit Thrush,CATHARUS GUTTATUS,Aves,25.40,180.00,1.49,1.64kHz,4.00kHz,5285980,1,Song,1,,f,2,Leonard Patterson,2623,,f,-27.89,-34.67,2,0.028314,-0.005188,0.07196,-22.86,-44,-59.74,2,-0.000001,-0.014832,0.015289,-36.31,-28.25,-32.23,2,0.029145,-0.006927,0.059021,-24.58,-40.47,-58.75,2,0,-0.023315,0.022552,-32.65,t,https://portal.wildtrax.ca/home/aru-tasks/recording.html?taskId=2622085,https://wildtrax-aru.s3-accelerate.amazonaws.com/961fa62b-8ad9-40ca-b218-008a57e2e674/a709f1c021d2452fa40882ec0a02f6b6.jpg,https://wildtrax-aru.s3-accelerate.amazonaws.com/961fa62b-8ad9-40ca-b218-008a57e2e674/7f843550fdda4b3e8ee9ff0ca63ca4c2.flac
CANFOR,Interior Broadleaf Working Group ARU Monitoring 2025 Limited Amplitude Processing,3701,MUS155-LR-C,492657,2025-06-04 05:12:00,2894259,1SPT,2622085,t,HETH,Hermit Thrush,CATHARUS GUTTATUS,Aves,36.56,180.00,1.63,3.85kHz,8.54kHz,5285982,2,Song,1,,f,2,Leonard Patterson,2623,,f,-29.78,-32.52,2,0.028367,0.007874,0.046082,-26.73,-52.23,-63.38,2,0,-0.008545,0.00882,-41.09,-28.34,-33.39,2,0.028765,0.00177,0.052002,-25.68,-46.68,-63.41,2,0,-0.012665,0.012909,-37.78,t,https://portal.wildtrax.ca/home/aru-tasks/recording.html?taskId=2622085,https://wildtrax-aru.s3-accelerate.amazonaws.com/961fa62b-8ad9-40ca-b218-008a57e2e674/b7a893a312944214a0c479e6c9e5f753.jpg,https://wildtrax-aru.s3-accelerate.amazonaws.com/961fa62b-8ad9-40ca-b218-008a57e2e674/f8ac5de0b7f74e44a3fedfd0a908802f.flac
CANFOR,Interior Broadleaf Working Group ARU Monitoring 2025 Limited Amplitude Processing,3701,MUS155-LR-C,492657,2025-06-04 05:12:00,2894259,1SPT,2622085,t,NOWA,Northern Waterthrush,PARKESIA NOVEBORACENSIS,Aves,38.64,180.00,1.19,1.47kHz,5.59kHz,5286004,1,Song,1,,f,1,Leonard Patterson,2623,,f,-29.61,-32.35,2,0.028794,0.009003,0.046814,-26.59,-57.84,-62.09,2,-0.000001,-0.009827,0.005249,-40.15,-29.55,-31.62,2,0.029093,0.013184,0.043854,-27.16,-59.6,-62.08,2,-0.000001,-0.011871,0.004425,-38.51,t,https://portal.wildtrax.ca/home/aru-tasks/recording.html?taskId=2622085,https://wildtrax-aru.s3-accelerate.amazonaws.com/961fa62b-8ad9-40ca-b218-008a57e2e674/1ca0a01d3258489381fac55ed5d9ddc8.jpg,https://wildtrax-aru.s3-accelerate.amazonaws.com/961fa62b-8ad9-40ca-b218-008a57e2e674/17e1fece1e78452bb90fae3b96c8ba15.flac
CANFOR,Interior Broadleaf Working Group ARU Monitoring 2025 Limited Amplitude Processing,3701,MUS155-LR-C,492657,2025-06-04 05:12:00,2894259,1SPT,2622085,t,CHSP,Chipping Sparrow,SPIZELLA PASSERINA,Aves,43.47,180.00,1.44,3.28kHz,6.37kHz,5286008,1,Song,1,,f,2,Leonard Patterson,2623,,f,-29.87,-31.91,2,0.028327,0.01413,0.041748,-27.59,-61.58,-63.52,2,0,-0.006958,0.00473,-43.15,-30.11,-31.44,2,0.028798,0.018341,0.040039,-27.95,-61.08,-63.74,2,0,-0.006561,0.00412,-43.66,t,https://portal.wildtrax.ca/home/aru-tasks/recording.html?taskId=2622085,https://wildtrax-aru.s3-accelerate.amazonaws.com/961fa62b-8ad9-40ca-b218-008a57e2e674/6030c0ab24684a1f90a13c4961e5cb77.jpg,https://wildtrax-aru.s3-accelerate.amazonaws.com/961fa62b-8ad9-40ca-b218-008a57e2e674/850103659eef49ae81a0194e89aff2c6.flac
CANFOR,Interior Broadleaf Working Group ARU Monitoring 2025 Limited Amplitude Processing,3701,MUS155-LR-C,492657,2025-06-04 05:12:00,2894259,1SPT,2622085,t,WTSP,White-throated Sparrow,ZONOTRICHIA ALBICOLLIS,Aves,66.19,180.00,0.76,2.87kHz,3.28kHz,5286010,2,Song,1,,f,2,Leonard Patterson,2623,,f,-30.41,-31.26,2,0.028373,0.017822,0.038574,-28.27,-71.5,-73.95,2,0,-0.001434,0.001373,-56.87,-30.37,-31.06,2,0.028808,0.018158,0.039154,-28.14,-70.95,-74.44,2,0,-0.00116,0.001129,-58.71,t,https://portal.wildtrax.ca/home/aru-tasks/recording.html?taskId=2622085,https://wildtrax-aru.s3-accelerate.amazonaws.com/961fa62b-8ad9-40ca-b218-008a57e2e674/e970bc105c664b87844dee39d16b94db.jpg,https://wildtrax-aru.s3-accelerate.amazonaws.com/961fa62b-8ad9-40ca-b218-008a57e2e674/d62d5d6e405e41e690633bd175a2ab48.flac
CANFOR,Interior Broadleaf Working Group ARU Monitoring 2025 Limited Amplitude Processing,3701,MUS155-LR-C,492657,2025-06-04 05:12:00,2894259,1SPT,2622085,t,OCWA,Orange-crowned Warbler,LEIOTHLYPIS CELATA,Aves,68.40,180.00,1.54,3.07kHz,5.49kHz,5286039,1,Song,1,,f,1,Leonard Patterson,2623,,f,-29.45,-32.3,2,0.028318,0.013794,0.046204,-26.71,-52.8,-64.47,2,0,-0.00705,0.006592,-43.04,-29.41,-32.26,2,0.029134,0.01236,0.046234,-26.7,-55.54,-64.88,2,0,-0.005524,0.005249,-45.16,t,https://portal.wildtrax.ca/home/aru-tasks/recording.html?taskId=2622085,https://wildtrax-aru.s3-accelerate.amazonaws.com/961fa62b-8ad9-40ca-b218-008a57e2e674/f05c4b2b6a4243079949356dd9673934.jpg,https://wildtrax-aru.s3-accelerate.amazonaws.com/961fa62b-8ad9-40ca-b218-008a57e2e674/fac63d3da2a046e7958d95e42ed38eaa.flac
CANFOR,Interior Broadleaf Working Group ARU Monitoring 2025 Limited Amplitude Processing,3701,MUS155-LR-C,492657,2025-06-04 05:12:00,2894259,1SPT,2622085,t,HETH,Hermit Thrush,CATHARUS GUTTATUS,Aves,72.21,180.00,1.23,0.91kHz,3.90kHz,5286012,3,Song,1,,f,1,Leonard Patterson,2623,,f,-28.75,-32.37,2,0.028426,0.006775,0.052551,-25.59,-49.63,-61.61,2,-0.000002,-0.011871,0.007324,-38.51,-29.69,-31.62,2,0.02876,0.011353,0.052917,-25.53,-50.21,-62.01,2,-0.000002,-0.011597,0.006714,-38.71,t,https://portal.wildtrax.ca/home/aru-tasks/recording.html?taskId=2622085,https://wildtrax-aru.s3-accelerate.amazonaws.com/961fa62b-8ad9-40ca-b218-008a57e2e674/0577075b0b49423bb5a511b965c3abb3.jpg,https://wildtrax-aru.s3-accelerate.amazonaws.com/961fa62b-8ad9-40ca-b218-008a57e2e674/9797862829b1448286a6d912291fcdfc.flac
CANFOR,Interior Broadleaf Working Group ARU Monitoring 2025 Limited Amplitude Processing,3701,MUS155-LR-C,492657,2025-06-04 05:12:00,2894259,1SPT,2622085,t,RUGR,Ruffed Grouse,BONASA UMBELLUS,Aves,83.06,180.00,6.56,0.08kHz,0.49kHz,5286014,1,Non-vocal,1,,f,1,Leonard Patterson,2623,,f,-24.92,-34.59,2,0.028351,-0.05368,0.089996,-20.92,-31.1,-40.8,5,-0.013895,-0.042572,0.025909,-27.42,-27.25,-34.81,2,0.028838,-0.012756,0.062927,-24.02,-33.43,-41.02,3,-0.014134,-0.029694,0.004822,-30.55,t,https://portal.wildtrax.ca/home/aru-tasks/recording.html?taskId=2622085,https://wildtrax-aru.s3-accelerate.amazonaws.com/961fa62b-8ad9-40ca-b218-008a57e2e674/92979eac03254fbf8bc9c4718ea43141.jpg,https://wildtrax-aru.s3-accelerate.amazonaws.com/961fa62b-8ad9-40ca-b218-008a57e2e674/87a6ff3490834827a293ccb8caffe8c5.flac
CANFOR,Interior Broadleaf Working Group ARU Monitoring 2025 Limited Amplitude Processing,3701,MUS155-LR-C,492657,2025-06-04 05:12:00,2894259,1SPT,2622085,t,LISP,Lincoln's Sparrow,MELOSPIZA LINCOLNII,Aves,96.79,180.00,1.44,0.91kHz,4.47kHz,5286017,1,Song,1,,f,2,Leonard Patterson,2623,,f,-30.13,-31.65,2,0.028247,0.017517,0.041809,-27.57,-57.5,-62.02,3,-0.000002,-0.011688,0.003937,-38.65,-30.07,-31.35,2,0.028849,0.018188,0.042053,-27.52,-53.79,-62.05,2,-0.000002,-0.012238,0.005585,-38.25,t,https://portal.wildtrax.ca/home/aru-tasks/recording.html?taskId=2622085,https://wildtrax-aru.s3-accelerate.amazonaws.com/961fa62b-8ad9-40ca-b218-008a57e2e674/e140c9ddd74340c68fe67ba534256d4b.jpg,https://wildtrax-aru.s3-accelerate.amazonaws.com/961fa62b-8ad9-40ca-b218-008a57e2e674/99435518f322432b970f64dc8eb0956a.flac
CANFOR,Interior Broadleaf Working Group ARU Monitoring 2025 Limited Amplitude Processing,3701,MUS155-LR-C,492657,2025-06-04 05:12:00,2894259,1SPT,2622085,t,SWTH,Swainson's Thrush,CATHARUS USTULATUS,Aves,107.58,180.00,0.68,1.48kHz,4.62kHz,5286020,1,Song,1,,f,2,Leonard Patterson,2623,,f,-29.92,-32.02,2,0.028283,0.000702,0.049072,-26.18,-60.49,-63.07,2,-0.000002,-0.010376,0.003479,-39.68,-29.76,-31.6,2,0.028862,0.016296,0.041565,-27.63,-59.92,-63.42,2,-0.000002,-0.009155,0.003876,-40.77,t,https://portal.wildtrax.ca/home/aru-tasks/recording.html?taskId=2622085,https://wildtrax-aru.s3-accelerate.amazonaws.com/961fa62b-8ad9-40ca-b218-008a57e2e674/dfc88f228cd04ecca9e28a657c0255a9.jpg,https://wildtrax-aru.s3-accelerate.amazonaws.com/961fa62b-8ad9-40ca-b218-008a57e2e674/791e950735db4d43ae4b926784f99125.flac
CANFOR,Interior Broadleaf Working Group ARU Monitoring 2025 Limited Amplitude Processing,3701,MUS155-LR-C,492657,2025-06-04 05:12:00,2894259,1SPT,2622085,t,UNDU,Unidentified Duck,"",Aves,111.69,180.00,0.41,1.12kHz,2.97kHz,5286024,1,Song,1,,f,2,Leonard Patterson,2623,,f,-29.75,-31.13,2,0.028786,0.01358,0.043488,-27.23,-63.11,-65.64,2,-0.000004,-0.00882,0.004059,-41.09,-30.16,-31.24,3,0.029657,0.015411,0.046143,-26.72,-63.11,-66.05,3,-0.000004,-0.008636,0.003143,-41.27,t,https://portal.wildtrax.ca/home/aru-tasks/recording.html?taskId=2622085,https://wildtrax-aru.s3-accelerate.amazonaws.com/961fa62b-8ad9-40ca-b218-008a57e2e674/a58bf6f29d7e4821b3d164d0795256b8.jpg,https://wildtrax-aru.s3-accelerate.amazonaws.com/961fa62b-8ad9-40ca-b218-008a57e2e674/2c0f9bb245324833ae8fcfa1e7bd9f5a.flac
CANFOR,Interior Broadleaf Working Group ARU Monitoring 2025 Limited Amplitude Processing,3701,MUS155-LR-C,492657,2025-06-04 05:12:00,2894259,1SPT,2622085,t,OCWA,Orange-crowned Warbler,LEIOTHLYPIS CELATA,Aves,117.34,180.00,1.65,3.13kHz,6.58kHz,5285991,2,Song,1,,f,2,Leonard Patterson,2623,,f,-26.12,-34.06,3,0.028684,-0.016541,0.078735,-22.08,-61.05,-64.48,2,0,-0.012329,0.006866,-38.18,-26.32,-35.57,2,0.029021,-0.00589,0.072845,-22.75,-59.4,-64.48,2,0,-0.005524,0.004547,-45.16,t,https://portal.wildtrax.ca/home/aru-tasks/recording.html?taskId=2622085,https://wildtrax-aru.s3-accelerate.amazonaws.com/961fa62b-8ad9-40ca-b218-008a57e2e674/40e2ac3d82ae4e31a69d8537ba07c741.jpg,https://wildtrax-aru.s3-accelerate.amazonaws.com/961fa62b-8ad9-40ca-b218-008a57e2e674/77c0cef6d6a147e0958e54641b1ece12.flac
CANFOR,Interior Broadleaf Working Group ARU Monitoring 2025 Limited Amplitude Processing,3701,MUS155-LR-C,492657,2025-06-04 05:12:00,2894259,1SPT,2622085,t,AMBI,American Bittern,BOTAURUS LENTIGINOSUS,Aves,142.03,180.00,7.56,0.08kHz,0.75kHz,5286028,1,Song,1,,f,1,Leonard Patterson,2623,,f,-28.38,-33.12,2,0.028359,-0.000793,0.056061,-25.03,-34.57,-39.33,2,-0.0139,-0.02774,-0.000702,-31.14,-29.66,-32.26,2,0.028894,0.008636,0.050903,-25.87,-35.85,-38.47,2,-0.014162,-0.023834,-0.006012,-32.46,t,https://portal.wildtrax.ca/home/aru-tasks/recording.html?taskId=2622085,https://wildtrax-aru.s3-accelerate.amazonaws.com/961fa62b-8ad9-40ca-b218-008a57e2e674/f79f0d0c35ae4ddb99c7a92459149cf2.jpg,https://wildtrax-aru.s3-accelerate.amazonaws.com/961fa62b-8ad9-40ca-b218-008a57e2e674/34bfb93edda74941b6fefbffb6e6414f.flac
CANFOR,Interior Broadleaf Working Group ARU Monitoring 2025 Limited Amplitude Processing,3701,MUS155-LR-C,492657,2025-06-04 05:12:00,2894259,1SPT,2622085,t,PIWO,Pileated Woodpecker,DRYOCOPUS PILEATUS,Aves,173.53,180.00,2.35,0.66kHz,2.67kHz,5286032,1,Song,1,,f,2,Leonard Patterson,2623,,f,-26.49,-34.84,2,0.028004,-0.011505,0.075836,-22.4,-60.15,-64.84,2,-0.000001,-0.011292,0.003418,-38.94,-27.1,-33.07,2,0.028758,0.002838,0.061188,-24.27,-57.2,-65,2,-0.000002,-0.012817,0.005341,-37.84,t,https://portal.wildtrax.ca/home/aru-tasks/recording.html?taskId=2622085,https://wildtrax-aru.s3-accelerate.amazonaws.com/961fa62b-8ad9-40ca-b218-008a57e2e674/90a1ee402f5845a18c21d02f39cbf431.jpg,https://wildtrax-aru.s3-accelerate.amazonaws.com/961fa62b-8ad9-40ca-b218-008a57e2e674/3d18ae8a42514691988dcd1cca140c54.flac
CANFOR,Interior Broadleaf Working Group ARU Monitoring 2025 Limited Amplitude Processing,3701,MUS155-LR-C,492657,2025-06-04 05:12:00,2894259,1SPT,2622085,t,WTSP,White-throated Sparrow,ZONOTRICHIA ALBICOLLIS,Aves,177.49,180.00,2.44,3.94kHz,4.97kHz,5286040,3,Song,1,,f,1,Leonard Patterson,2623,,f,-28.83,-32.53,2,0.028317,0.008087,0.052399,-25.61,-60.66,-70.33,2,0,-0.002869,0.002838,-50.85,-30.09,-31.38,2,0.028724,0.013611,0.042816,-27.37,-64.29,-70.93,2,0,-0.002563,0.002563,-51.82,t,https://portal.wildtrax.ca/home/aru-tasks/recording.html?taskId=2622085,https://wildtrax-aru.s3-accelerate.amazonaws.com/961fa62b-8ad9-40ca-b218-008a57e2e674/f7b8adcc903a4736add2f228414c0dfc.jpg,https://wildtrax-aru.s3-accelerate.amazonaws.com/961fa62b-8ad9-40ca-b218-008a57e2e674/909beede968942329bdaa5875e2e83be.flac
CANFOR,Interior Broadleaf Working Group ARU Monitoring 2025 Limited Amplitude Processing,3701,MUS155-LR-C,492657,2025-06-07 05:10:00,2894260,1SPT,2622086,t,SWTH,Swainson's Thrush,CATHARUS USTULATUS,Aves,2.13,180.00,1.01,1.31kHz,4.20kHz,5286724,1,Song,1,,f,2,Leonard Patterson,2623,,f,-30.19,-31.55,2,0.028404,0.017059,0.042297,-27.47,-56.83,-63.46,2,-0.000002,-0.012939,0.004303,-37.76,-30.08,-31.22,2,0.028912,0.018036,0.042572,-27.42,-57,-63.71,2,-0.000002,-0.011139,0.004028,-39.06,t,https://portal.wildtrax.ca/home/aru-tasks/recording.html?taskId=2622086,https://wildtrax-aru.s3-accelerate.amazonaws.com/2870cb4f-2e29-4e4f-935d-c0b3b6f2c485/4155499f75a445fd9d90584bf5d7a13f.jpg,https://wildtrax-aru.s3-accelerate.amazonaws.com/2870cb4f-2e29-4e4f-935d-c0b3b6f2c485/098ed2292aeb4ba08e803564eeedabb7.flac
CANFOR,Interior Broadleaf Working Group ARU Monitoring 2025 Limited Amplitude Processing,3701,MUS155-LR-C,492657,2025-06-07 05:10:00,2894260,1SPT,2622086,t,SWTH,Swainson's Thrush,CATHARUS USTULATUS,Aves,9.98,180.00,1.28,0.82kHz,4.33kHz,5286726,2,Song,1,,f,2,Leonard Patterson,2623,,f,-30.37,-31.52,2,0.028399,0.017914,0.04007,-27.94,-59.91,-62.92,2,-0.000003,-0.013214,0.004517,-37.58,-30.24,-31.34,3,0.028949,0.017578,0.039185,-28.14,-59.36,-63.02,2,-0.000002,-0.012177,0.00354,-38.29,t,https://portal.wildtrax.ca/home/aru-tasks/recording.html?taskId=2622086,https://wildtrax-aru.s3-accelerate.amazonaws.com/2870cb4f-2e29-4e4f-935d-c0b3b6f2c485/8a8fd04302614f14bf82c1dea3be6163.jpg,https://wildtrax-aru.s3-accelerate.amazonaws.com/2870cb4f-2e29-4e4f-935d-c0b3b6f2c485/8032c369278c4f05bb5d884fa4aeb6bb.flac
CANFOR,Interior Broadleaf Working Group ARU Monitoring 2025 Limited Amplitude Processing,3701,MUS155-LR-C,492657,2025-06-07 05:10:00,2894260,1SPT,2622086,t,RCKI,Ruby-crowned Kinglet,CORTHYLIO CALENDULA,Aves,13.60,180.00,1.31,2.32kHz,3.61kHz,5286728,1,Song,1,,f,2,Leonard Patterson,2623,,f,-30.32,-31.49,2,0.028352,0.016205,0.037659,-28.48,-64.46,-68.24,2,0,-0.004456,0.003815,-47.02,-30.29,-31.32,2,0.028916,0.01886,0.038025,-28.4,-63.95,-68.31,2,0,-0.004089,0.003418,-47.77,t,https://portal.wildtrax.ca/home/aru-tasks/recording.html?taskId=2622086,https://wildtrax-aru.s3-accelerate.amazonaws.com/2870cb4f-2e29-4e4f-935d-c0b3b6f2c485/f8508f6b2f4d4d9a96bb4f72e06f3d81.jpg,https://wildtrax-aru.s3-accelerate.amazonaws.com/2870cb4f-2e29-4e4f-935d-c0b3b6f2c485/0082c741262941c7a8d316eddbafa75b.flac
CANFOR,Interior Broadleaf Working Group ARU Monitoring 2025 Limited Amplitude Processing,3701,MUS155-LR-C,492657,2025-06-07 05:10:00,2894260,1SPT,2622086,t,LISP,Lincoln's Sparrow,MELOSPIZA LINCOLNII,Aves,19.49,180.00,0.40,2.73kHz,4.58kHz,5286731,1,Song,1,,f,2,Leonard Patterson,2623,,f,-30.36,-31.57,2,0.028651,0.01474,0.041046,-27.73,-61.11,-65.16,2,-0.000001,-0.00589,0.005341,-44.6,-30.33,-31.35,2,0.029104,0.016357,0.042328,-27.47,-58,-64.85,3,-0.000001,-0.005432,0.005219,-45.3,t,https://portal.wildtrax.ca/home/aru-tasks/recording.html?taskId=2622086,https://wildtrax-aru.s3-accelerate.amazonaws.com/2870cb4f-2e29-4e4f-935d-c0b3b6f2c485/c8d6637ce6744ee2bae24445ac2dc162.jpg,https://wildtrax-aru.s3-accelerate.amazonaws.com/2870cb4f-2e29-4e4f-935d-c0b3b6f2c485/399ad52969274a1d831fb174a0bcf22a.flac
CANFOR,Interior Broadleaf Working Group ARU Monitoring 2025 Limited Amplitude Processing,3701,MUS155-LR-C,492657,2025-06-07 05:10:00,2894260,1SPT,2622086,t,OCWA,Orange-crowned Warbler,LEIOTHLYPIS CELATA,Aves,25.70,180.00,1.20,4.11kHz,5.60kHz,5286734,1,Song,1,,f,2,Leonard Patterson,2623,,f,-30.3,-31.63,2,0.028239,0.014801,0.038818,-28.22,-66.71,-69.25,2,0,-0.003296,0.003021,-49.64,-30.17,-31.33,2,0.028745,0.016144,0.040314,-27.89,-64.3,-68.11,2,0,-0.003143,0.002777,-50.05,t,https://portal.wildtrax.ca/home/aru-tasks/recording.html?taskId=2622086,https://wildtrax-aru.s3-accelerate.amazonaws.com/2870cb4f-2e29-4e4f-935d-c0b3b6f2c485/7f8f6682b8cf44a78784c3b942e6714a.jpg,https://wildtrax-aru.s3-accelerate.amazonaws.com/2870cb4f-2e29-4e4f-935d-c0b3b6f2c485/c7499d006d454f63ba14ff5c0c5b3c0c.flac
CANFOR,Interior Broadleaf Working Group ARU Monitoring 2025 Limited Amplitude Processing,3701,MUS155-LR-C,492657,2025-06-07 05:10:00,2894260,1SPT,2622086,t,OCWA,Orange-crowned Warbler,LEIOTHLYPIS CELATA,Aves,27.01,180.00,1.13,3.85kHz,5.60kHz,5286735,2,Song,1,,f,1,Leonard Patterson,2623,,f,-30.15,-31.55,2,0.028518,0.016541,0.040009,-27.96,-65.19,-67.84,2,0,-0.003998,0.003448,-47.96,-30.08,-31.27,2,0.028981,0.018677,0.040466,-27.86,-65.09,-67.05,2,0,-0.003387,0.002899,-49.4,t,https://portal.wildtrax.ca/home/aru-tasks/recording.html?taskId=2622086,https://wildtrax-aru.s3-accelerate.amazonaws.com/2870cb4f-2e29-4e4f-935d-c0b3b6f2c485/b98b0287eb6e45d3a1221764b809ef42.jpg,https://wildtrax-aru.s3-accelerate.amazonaws.com/2870cb4f-2e29-4e4f-935d-c0b3b6f2c485/16f0984f518d4c96a2762b5917ec09c6.flac
CANFOR,Interior Broadleaf Working Group ARU Monitoring 2025 Limited Amplitude Processing,3701,MUS155-LR-C,492657,2025-06-07 05:10:00,2894260,1SPT,2622086,t,YRWA,Yellow-rumped Warbler,SETOPHAGA CORONATA,Aves,28.17,180.00,0.80,2.97kHz,4.88kHz,5286746,1,Song,1,,f,1,Leonard Patterson,2623,,f,-30.26,-31.48,2,0.028437,0.018738,0.040253,-27.9,-62.42,-66.39,2,0,-0.004333,0.003296,-47.26,-30.25,-31.28,2,0.028839,0.019104,0.038513,-28.29,-63.83,-67.22,2,-0.000001,-0.005188,0.004242,-45.7,t,https://portal.wildtrax.ca/home/aru-tasks/recording.html?taskId=2622086,https://wildtrax-aru.s3-accelerate.amazonaws.com/2870cb4f-2e29-4e4f-935d-c0b3b6f2c485/ecc7af7b27544d5b8c202e7e88f88bd2.jpg,https://wildtrax-aru.s3-accelerate.amazonaws.com/2870cb4f-2e29-4e4f-935d-c0b3b6f2c485/7c3f3e1bc3f043b095fe4781c3d494c4.flac
CANFOR,Interior Broadleaf Working Group ARU Monitoring 2025 Limited Amplitude Processing,3701,MUS155-LR-C,492657,2025-06-07 05:10:00,2894260,1SPT,2622086,t,UNSA,Unidentified Sapsucker,SPHYRAPICUS,Aves,29.21,180.00,2.39,0.14kHz,1.48kHz,5286739,1,Non-vocal,1,,f,1,Leonard Patterson,2623,,f,-30.14,-31.58,2,0.028374,0.015076,0.043671,-27.2,-44.16,-45.63,3,-0.005601,-0.017914,-0.000702,-34.94,-30.19,-31.35,2,0.028841,0.015503,0.042053,-27.52,-44.17,-45.37,3,-0.005693,-0.018158,-0.001099,-34.82,t,https://portal.wildtrax.ca/home/aru-tasks/recording.html?taskId=2622086,https://wildtrax-aru.s3-accelerate.amazonaws.com/2870cb4f-2e29-4e4f-935d-c0b3b6f2c485/6e808f73266a4c4493f6ba59cf8ace94.jpg,https://wildtrax-aru.s3-accelerate.amazonaws.com/2870cb4f-2e29-4e4f-935d-c0b3b6f2c485/e4bd1d3c2b8c44599a8ff480d522e0be.flac
CANFOR,Interior Broadleaf Working Group ARU Monitoring 2025 Limited Amplitude Processing,3701,MUS155-LR-C,492657,2025-06-07 05:10:00,2894260,1SPT,2622086,t,WTSP,White-throated Sparrow,ZONOTRICHIA ALBICOLLIS,Aves,31.93,180.00,1.91,3.17kHz,4.15kHz,5286046,1,Song,1,,f,1,Leonard Patterson,2623,,f,-29.94,-31.49,2,0.028418,0.003357,0.052673,-25.57,-44,-63.02,2,0,-0.011536,0.011688,-38.65,-29.92,-31.23,2,0.028913,0.00827,0.051086,-25.83,-47.04,-64.64,2,0,-0.008423,0.008575,-41.33,t,https://portal.wildtrax.ca/home/aru-tasks/recording.html?taskId=2622086,https://wildtrax-aru.s3-accelerate.amazonaws.com/2870cb4f-2e29-4e4f-935d-c0b3b6f2c485/2343136b450644e48e698a5a3f7a5185.jpg,https://wildtrax-aru.s3-accelerate.amazonaws.com/2870cb4f-2e29-4e4f-935d-c0b3b6f2c485/f5951fdaf9a742b783e60c456aad6a9f.flac
CANFOR,Interior Broadleaf Working Group ARU Monitoring 2025 Limited Amplitude Processing,3701,MUS155-LR-C,492657,2025-06-07 05:10:00,2894260,1SPT,2622086,t,WTSP,White-throated Sparrow,ZONOTRICHIA ALBICOLLIS,Aves,35.17,180.00,2.08,3.28kHz,3.90kHz,5286047,2,Song,1,,f,2,Leonard Patterson,2623,,f,-29.9,-31.44,3,0.028406,0.00705,0.045166,-26.9,-58.98,-67.84,3,0,-0.002899,0.002747,-50.75,-29.87,-31.19,2,0.028914,0.007599,0.046814,-26.59,-57.44,-67.57,2,0,-0.004761,0.005005,-46.01,t,https://portal.wildtrax.ca/home/aru-tasks/recording.html?taskId=2622086,https://wildtrax-aru.s3-accelerate.amazonaws.com/2870cb4f-2e29-4e4f-935d-c0b3b6f2c485/a4242eadadcb4667b6cba3ef957eafe0.jpg,https://wildtrax-aru.s3-accelerate.amazonaws.com/2870cb4f-2e29-4e4f-935d-c0b3b6f2c485/e167996bdc7c4c27ad8135e31d8a0778.flac
CANFOR,Interior Broadleaf Working Group ARU Monitoring 2025 Limited Amplitude Processing,3701,MUS155-LR-C,492657,2025-06-07 05:10:00,2894260,1SPT,2622086,t,NOWA,Northern Waterthrush,PARKESIA NOVEBORACENSIS,Aves,35.54,180.00,0.95,1.60kHz,3.35kHz,5286732,1,Song,1,,f,2,Leonard Patterson,2623,,f,-29.9,-31.44,3,0.028428,0.00705,0.045166,-26.9,-60.7,-65.01,2,-0.000001,-0.007751,0.004669,-42.21,-29.87,-31.19,2,0.028938,0.007599,0.046814,-26.59,-57.99,-64.43,2,-0.000001,-0.007294,0.005127,-42.74,t,https://portal.wildtrax.ca/home/aru-tasks/recording.html?taskId=2622086,https://wildtrax-aru.s3-accelerate.amazonaws.com/2870cb4f-2e29-4e4f-935d-c0b3b6f2c485/b341840b39f64753b5abebacd3ae3d77.jpg,https://wildtrax-aru.s3-accelerate.amazonaws.com/2870cb4f-2e29-4e4f-935d-c0b3b6f2c485/1551868a368240fda2eae691444a0af0.flac
CANFOR,Interior Broadleaf Working Group ARU Monitoring 2025 Limited Amplitude Processing,3701,MUS155-LR-C,492657,2025-06-07 05:10:00,2894260,1SPT,2622086,t,DUFL,Dusky Flycatcher,EMPIDONAX OBERHOLSERI,Aves,79.92,180.00,1.83,4.01kHz,5.91kHz,5286751,1,Song,1,,f,2,Leonard Patterson,2623,,f,-30.25,-31.5,2,0.028443,0.016724,0.040619,-27.83,-66.16,-68.15,2,0,-0.003754,0.003387,-48.51,-30.25,-31.42,2,0.028693,0.016968,0.042786,-27.37,-63.58,-68.31,2,0,-0.003448,0.003021,-49.25,t,https://portal.wildtrax.ca/home/aru-tasks/recording.html?taskId=2622086,https://wildtrax-aru.s3-accelerate.amazonaws.com/2870cb4f-2e29-4e4f-935d-c0b3b6f2c485/fe4d48b8d75e43518ef7b9bd5edef878.jpg,https://wildtrax-aru.s3-accelerate.amazonaws.com/2870cb4f-2e29-4e4f-935d-c0b3b6f2c485/af66405a372c4662a070b5c42c0472b6.flac
CANFOR,Interior Broadleaf Working Group ARU Monitoring 2025 Limited Amplitude Processing,3701,MUS155-LR-C,492657,2025-06-07 05:10:00,2894260,1SPT,2622086,t,WTSP,White-throated Sparrow,ZONOTRICHIA ALBICOLLIS,Aves,103.81,180.00,2.24,2.56kHz,4.62kHz,5286050,3,Song,1,,f,1,Leonard Patterson,2623,,f,-30.13,-31.55,2,0.028498,0.009003,0.046021,-26.74,-50.55,-63.84,2,0,-0.005798,0.005829,-44.69,-30.08,-31.38,2,0.028841,0.011444,0.046143,-26.72,-52.64,-64.74,2,0,-0.004913,0.004974,-46.07,t,https://portal.wildtrax.ca/home/aru-tasks/recording.html?taskId=2622086,https://wildtrax-aru.s3-accelerate.amazonaws.com/2870cb4f-2e29-4e4f-935d-c0b3b6f2c485/d08657fd90cf46338fe7875cf8824b0e.jpg,https://wildtrax-aru.s3-accelerate.amazonaws.com/2870cb4f-2e29-4e4f-935d-c0b3b6f2c485/0da14c08e5f04cd89731ea1a9fa15da9.flac
CANFOR,Interior Broadleaf Working Group ARU Monitoring 2025 Limited Amplitude Processing,3701,MUS155-LR-C,492657,2025-06-07 05:10:00,2894260,1SPT,2622086,t,RUGR,Ruffed Grouse,BONASA UMBELLUS,Aves,112.23,180.00,6.98,0.09kHz,0.76kHz,5286760,1,Non-vocal,1,,f,1,Leonard Patterson,2623,,f,-29.73,-32.01,2,0.028433,-0.003265,0.052277,-25.63,-36.91,-39.23,12,-0.012386,-0.022217,0.000916,-33.07,-29.79,-31.89,2,0.028837,-0.00061,0.05246,-25.6,-36.97,-39.11,9,-0.012562,-0.021851,-0.000061,-33.21,t,https://portal.wildtrax.ca/home/aru-tasks/recording.html?taskId=2622086,https://wildtrax-aru.s3-accelerate.amazonaws.com/2870cb4f-2e29-4e4f-935d-c0b3b6f2c485/45bc1edddc1b4deea2c44901a6558d66.jpg,https://wildtrax-aru.s3-accelerate.amazonaws.com/2870cb4f-2e29-4e4f-935d-c0b3b6f2c485/5375e9944ecb4de9836048e5e2dadeec.flac
CANFOR,Interior Broadleaf Working Group ARU Monitoring 2025 Limited Amplitude Processing,3701,MUS155-LR-C,492657,2025-06-07 05:10:00,2894260,1SPT,2622086,t,DEJU,Dark-eyed Junco,JUNCO HYEMALIS,Aves,113.93,180.00,1.16,3.18kHz,5.86kHz,5286758,1,Song,1,,f,1,Leonard Patterson,2623,,f,-30.04,-31.6,2,0.028437,-0.003265,0.050049,-26.01,-54.27,-60.01,2,0,-0.006561,0.006073,-43.66,-29.96,-31.4,2,0.028861,0.000549,0.05127,-25.8,-56.46,-61.41,2,0,-0.005615,0.005646,-44.97,t,https://portal.wildtrax.ca/home/aru-tasks/recording.html?taskId=2622086,https://wildtrax-aru.s3-accelerate.amazonaws.com/2870cb4f-2e29-4e4f-935d-c0b3b6f2c485/fd9ae52639d9411da3481868a7bcd0d4.jpg,https://wildtrax-aru.s3-accelerate.amazonaws.com/2870cb4f-2e29-4e4f-935d-c0b3b6f2c485/3f1d8d0a316d4330b5425be7d8326f57.flac
CANFOR,Interior Broadleaf Working Group ARU Monitoring 2025 Limited Amplitude Processing,3701,MUS155-LR-C,492657,2025-06-07 05:10:00,2894260,1SPT,2622086,t,WTSP,White-throated Sparrow,ZONOTRICHIA ALBICOLLIS,Aves,131.34,180.00,2.51,2.61kHz,4.06kHz,5286051,4,Song,1,,f,1,Leonard Patterson,2623,,f,-30.02,-31.76,2,0.028417,0.013519,0.043762,-27.18,-52.42,-66.63,2,0,-0.005157,0.005066,-45.75,-29.95,-31.47,3,0.028902,0.016296,0.042816,-27.37,-54.48,-68.01,2,0,-0.005249,0.004608,-45.6,t,https://portal.wildtrax.ca/home/aru-tasks/recording.html?taskId=2622086,https://wildtrax-aru.s3-accelerate.amazonaws.com/2870cb4f-2e29-4e4f-935d-c0b3b6f2c485/7418009c6ce0468dbff570779caee053.jpg,https://wildtrax-aru.s3-accelerate.amazonaws.com/2870cb4f-2e29-4e4f-935d-c0b3b6f2c485/21d822d841b64bc0a8b22881b32d0cd3.flac
CANFOR,Interior Broadleaf Working Group ARU Monitoring 2025 Limited Amplitude Processing,3701,MUS155-LR-C,492657,2025-06-07 05:10:00,2894260,1SPT,2622086,t,DEJU,Dark-eyed Junco,JUNCO HYEMALIS,Aves,144.91,180.00,1.25,3.59kHz,6.01kHz,5286765,2,Song,1,,f,2,Leonard Patterson,2623,,f,-30.22,-31.53,2,0.028359,0.014435,0.039642,-28.04,-60.44,-65.64,2,0,-0.004333,0.003693,-47.26,-30.2,-31.32,3,0.028712,0.016388,0.040771,-27.79,-59.96,-65.74,2,0,-0.004486,0.003662,-46.96,t,https://portal.wildtrax.ca/home/aru-tasks/recording.html?taskId=2622086,https://wildtrax-aru.s3-accelerate.amazonaws.com/2870cb4f-2e29-4e4f-935d-c0b3b6f2c485/2df98930da2c4a068154d2ecd0d8f24d.jpg,https://wildtrax-aru.s3-accelerate.amazonaws.com/2870cb4f-2e29-4e4f-935d-c0b3b6f2c485/9aa4b59f6552479ebdcf5be8df17c9e4.flac
CANFOR,Interior Broadleaf Working Group ARU Monitoring 2025 Limited Amplitude Processing,3701,MUS155-LR-C,492657,2025-06-07 05:10:00,2894260,1SPT,2622086,t,BUOR,Bullock's Oriole,ICTERUS BULLOCKII,Aves,165.68,180.00,2.15,0.91kHz,3.44kHz,5286767,1,Song,1,,f,2,Leonard Patterson,2623,,t,-30.05,-31.59,2,0.028559,0.009369,0.047363,-26.49,-59.97,-64.95,2,-0.000001,-0.01004,0.00354,-39.97,-30,-31.42,2,0.02896,0.011963,0.04541,-26.86,-59.75,-64.92,2,-0.000001,-0.009033,0.003723,-40.88,t,https://portal.wildtrax.ca/home/aru-tasks/recording.html?taskId=2622086,https://wildtrax-aru.s3-accelerate.amazonaws.com/2870cb4f-2e29-4e4f-935d-c0b3b6f2c485/96d4189378454fe481a5601dca29a180.jpg,https://wildtrax-aru.s3-accelerate.amazonaws.com/2870cb4f-2e29-4e4f-935d-c0b3b6f2c485/a18e3b22e0c24894b5b193854eca8612.flac
CANFOR,Interior Broadleaf Working Group ARU Monitoring 2025 Limited Amplitude Processing,3701,MUS155-LR-C,492657,2025-06-10 05:08:00,2894733,1SPT,2622567,t,DUFL,Dusky Flycatcher,EMPIDONAX OBERHOLSERI,Aves,1.21,180.00,0.40,3.79kHz,6.72kHz,5287620,1,Song,1,,f,2,Leonard Patterson,2623,,f,-30.4,-30.97,2,0.028591,0.020172,0.039398,-28.09,-63.57,-65.23,2,-0.000001,-0.005707,0.004547,-44.87,-30.37,-30.91,3,0.028866,0.02124,0.037628,-28.49,-62.13,-65.34,2,-0.000001,-0.005768,0.004608,-44.78,t,https://portal.wildtrax.ca/home/aru-tasks/recording.html?taskId=2622567,https://wildtrax-aru.s3-accelerate.amazonaws.com/dce7e644-30a7-4280-a230-599b7bff085b/7a24050ec61141ec938f06f53c865b51.jpg,https://wildtrax-aru.s3-accelerate.amazonaws.com/dce7e644-30a7-4280-a230-599b7bff085b/4d726556928d4c5487f0a119837148ca.flac
CANFOR,Interior Broadleaf Working Group ARU Monitoring 2025 Limited Amplitude Processing,3701,MUS155-LR-C,492657,2025-06-10 05:08:00,2894733,1SPT,2622567,t,SWTH,Swainson's Thrush,CATHARUS USTULATUS,Aves,5.46,180.00,0.76,1.30kHz,3.88kHz,5287622,1,Song,1,,f,2,Leonard Patterson,2623,,f,-30.49,-31.47,2,0.028584,0.016602,0.037292,-28.57,-61.75,-64.18,3,-0.000002,-0.009125,0.003448,-40.8,-30.3,-31.27,2,0.029121,0.017883,0.038116,-28.38,-61.44,-64.11,2,-0.000002,-0.009552,0.00354,-40.4,t,https://portal.wildtrax.ca/home/aru-tasks/recording.html?taskId=2622567,https://wildtrax-aru.s3-accelerate.amazonaws.com/dce7e644-30a7-4280-a230-599b7bff085b/8f12cf5e8e744a60bc3f42180a5ecd9f.jpg,https://wildtrax-aru.s3-accelerate.amazonaws.com/dce7e644-30a7-4280-a230-599b7bff085b/3580192cf35d48f0bd2dbc836ffe6819.flac
CANFOR,Interior Broadleaf Working Group ARU Monitoring 2025 Limited Amplitude Processing,3701,MUS155-LR-C,492657,2025-06-10 05:08:00,2894733,1SPT,2622567,t,WTSP,White-throated Sparrow,ZONOTRICHIA ALBICOLLIS,Aves,14.78,180.00,1.54,2.80kHz,4.44kHz,5287631,1,Song,1,,f,2,Leonard Patterson,2623,,f,-30.13,-31.66,2,0.028504,0.014404,0.045898,-26.76,-62.1,-66.43,2,0,-0.004395,0.003601,-47.14,-30.05,-31.6,2,0.028935,0.015503,0.047058,-26.55,-62.14,-66.74,2,0,-0.005249,0.0047,-45.6,t,https://portal.wildtrax.ca/home/aru-tasks/recording.html?taskId=2622567,https://wildtrax-aru.s3-accelerate.amazonaws.com/dce7e644-30a7-4280-a230-599b7bff085b/36fa6283699442f99859995009ee5ab7.jpg,https://wildtrax-aru.s3-accelerate.amazonaws.com/dce7e644-30a7-4280-a230-599b7bff085b/f1d826093f9d4cd3866acd1e708b9bbf.flac
CANFOR,Interior Broadleaf Working Group ARU Monitoring 2025 Limited Amplitude Processing,3701,MUS155-LR-C,492657,2025-06-10 05:08:00,2894733,1SPT,2622567,t,AMRE,American Redstart,SETOPHAGA RUTICILLA,Aves,26.56,180.00,0.75,3.10kHz,8.05kHz,5287612,1,Song,1,,f,1,Leonard Patterson,2623,,f,-30.23,-31.5,2,0.028593,0.017181,0.044586,-27.02,-56.12,-62.64,2,-0.000001,-0.011475,0.00528,-38.81,-30.1,-31.22,2,0.029092,0.018433,0.04483,-26.97,-57.65,-62.57,2,-0.000001,-0.011993,0.005066,-38.42,t,https://portal.wildtrax.ca/home/aru-tasks/recording.html?taskId=2622567,https://wildtrax-aru.s3-accelerate.amazonaws.com/dce7e644-30a7-4280-a230-599b7bff085b/a74bf9cbe71b4d079f9ed75bf1da15f0.jpg,https://wildtrax-aru.s3-accelerate.amazonaws.com/dce7e644-30a7-4280-a230-599b7bff085b/816d41fd8daa4befa1a333314592d64d.flac
CANFOR,Interior Broadleaf Working Group ARU Monitoring 2025 Limited Amplitude Processing,3701,MUS155-LR-C,492657,2025-06-10 05:08:00,2894733,1SPT,2622567,t,WTSP,White-throated Sparrow,ZONOTRICHIA ALBICOLLIS,Aves,31.84,180.00,1.86,2.59kHz,3.62kHz,5287633,2,Song,1,,f,1,Leonard Patterson,2623,,f,-30.19,-31.46,2,0.028421,0.016479,0.039673,-28.03,-61.17,-67.96,2,0,-0.003235,0.002838,-49.8,-30.04,-31.22,2,0.028947,0.018341,0.039246,-28.12,-63.03,-68.88,2,0,-0.003296,0.00293,-49.64,t,https://portal.wildtrax.ca/home/aru-tasks/recording.html?taskId=2622567,https://wildtrax-aru.s3-accelerate.amazonaws.com/dce7e644-30a7-4280-a230-599b7bff085b/cee5f85d52854eb1b2d34f2441e67672.jpg,https://wildtrax-aru.s3-accelerate.amazonaws.com/dce7e644-30a7-4280-a230-599b7bff085b/ea589026479f4f3cb082d89ab7a5e60f.flac
CANFOR,Interior Broadleaf Working Group ARU Monitoring 2025 Limited Amplitude Processing,3701,MUS155-LR-C,492657,2025-06-10 05:08:00,2894733,1SPT,2622567,t,OCWA,Orange-crowned Warbler,LEIOTHLYPIS CELATA,Aves,44.33,180.00,1.05,4.03kHz,5.37kHz,5287613,1,Song,1,,f,1,Leonard Patterson,2623,,f,-30.32,-31.34,2,0.028494,0.01886,0.039612,-28.04,-58.22,-66.6,2,0,-0.004181,0.004181,-47.57,-30.24,-31.15,2,0.02907,0.019196,0.039154,-28.14,-60.78,-67.14,2,0,-0.003601,0.003448,-48.87,t,https://portal.wildtrax.ca/home/aru-tasks/recording.html?taskId=2622567,https://wildtrax-aru.s3-accelerate.amazonaws.com/dce7e644-30a7-4280-a230-599b7bff085b/c72da424bdfd426e8762a5bd81998b86.jpg,https://wildtrax-aru.s3-accelerate.amazonaws.com/dce7e644-30a7-4280-a230-599b7bff085b/effb14e8689f486fb2db6594d44361f6.flac
CANFOR,Interior Broadleaf Working Group ARU Monitoring 2025 Limited Amplitude Processing,3701,MUS155-LR-C,492657,2025-06-10 05:08:00,2894733,1SPT,2622567,t,RCKI,Ruby-crowned Kinglet,CORTHYLIO CALENDULA,Aves,44.92,180.00,1.88,2.76kHz,3.63kHz,5287625,1,Song,1,,f,2,Leonard Patterson,2623,,f,-30.43,-31.42,2,0.028434,0.018188,0.038361,-28.32,-66.72,-69.88,2,0,-0.002716,0.002472,-51.32,-30.29,-31.2,3,0.028968,0.019073,0.038849,-28.21,-62.88,-69.53,2,0,-0.002319,0.002136,-52.69,t,https://portal.wildtrax.ca/home/aru-tasks/recording.html?taskId=2622567,https://wildtrax-aru.s3-accelerate.amazonaws.com/dce7e644-30a7-4280-a230-599b7bff085b/94dd2fcf38ac433f80a2f8fae99a4939.jpg,https://wildtrax-aru.s3-accelerate.amazonaws.com/dce7e644-30a7-4280-a230-599b7bff085b/b211a6153a354a84a719564583926810.flac
CANFOR,Interior Broadleaf Working Group ARU Monitoring 2025 Limited Amplitude Processing,3701,MUS155-LR-C,492657,2025-06-10 05:08:00,2894733,1SPT,2622567,t,HAWO,Hairy Woodpecker,DRYOBATES VILLOSUS,Aves,53.86,180.00,2.50,0.84kHz,5.37kHz,5287614,1,Call,1,,f,1,Leonard Patterson,2623,,f,-30.38,-31.5,2,0.02843,-0.041626,0.095306,-20.42,-57.73,-61.81,2,-0.000001,-0.012817,0.005096,-37.84,-30.32,-31.3,2,0.028893,-0.02655,0.077332,-22.23,-59.01,-62.43,2,-0.000001,-0.013031,0.005554,-37.7,t,https://portal.wildtrax.ca/home/aru-tasks/recording.html?taskId=2622567,https://wildtrax-aru.s3-accelerate.amazonaws.com/dce7e644-30a7-4280-a230-599b7bff085b/836e1284d9b647648ec75fbe4c9330c9.jpg,https://wildtrax-aru.s3-accelerate.amazonaws.com/dce7e644-30a7-4280-a230-599b7bff085b/dd3646ab1e6e45f69e505611cb7a77ab.flac
CANFOR,Interior Broadleaf Working Group ARU Monitoring 2025 Limited Amplitude Processing,3701,MUS155-LR-C,492657,2025-06-10 05:08:00,2894733,1SPT,2622567,t,CHSP,Chipping Sparrow,SPIZELLA PASSERINA,Aves,69.78,180.00,2.25,3.72kHz,6.61kHz,5287615,1,Song,1,,f,1,Leonard Patterson,2623,,f,-30.21,-31.64,3,0.028423,0.011688,0.040924,-27.76,-59.16,-63.38,2,0,-0.006622,0.005157,-43.58,-30.22,-31.47,2,0.028842,0.011475,0.041626,-27.61,-59.67,-63.59,2,0,-0.005768,0.00412,-44.78,t,https://portal.wildtrax.ca/home/aru-tasks/recording.html?taskId=2622567,https://wildtrax-aru.s3-accelerate.amazonaws.com/dce7e644-30a7-4280-a230-599b7bff085b/918b5b90d05140ffa58e7b90359373de.jpg,https://wildtrax-aru.s3-accelerate.amazonaws.com/dce7e644-30a7-4280-a230-599b7bff085b/aa39e3e3fb8949519cfaafe5c0a35011.flac
CANFOR,Interior Broadleaf Working Group ARU Monitoring 2025 Limited Amplitude Processing,3701,MUS155-LR-C,492657,2025-06-10 05:08:00,2894733,1SPT,2622567,t,SWTH,Swainson's Thrush,CATHARUS USTULATUS,Aves,78.06,180.00,1.30,1.25kHz,5.11kHz,5287616,2,Song,1,,f,2,Leonard Patterson,2623,,f,-30.52,-31.34,2,0.028412,0.016083,0.040527,-27.85,-54.18,-61.28,2,-0.000001,-0.010742,0.006317,-39.38,-30.41,-31.07,2,0.028986,0.016846,0.040375,-27.88,-52.05,-61.94,2,-0.000001,-0.01181,0.007782,-38.55,t,https://portal.wildtrax.ca/home/aru-tasks/recording.html?taskId=2622567,https://wildtrax-aru.s3-accelerate.amazonaws.com/dce7e644-30a7-4280-a230-599b7bff085b/387150a06f9f4f388f05542def285f33.jpg,https://wildtrax-aru.s3-accelerate.amazonaws.com/dce7e644-30a7-4280-a230-599b7bff085b/d821890d2fbb431eb8b2c211a4721c8c.flac
CANFOR,Interior Broadleaf Working Group ARU Monitoring 2025 Limited Amplitude Processing,3701,MUS155-LR-C,492657,2025-06-10 05:08:00,2894733,1SPT,2622567,t,AMBI,American Bittern,BOTAURUS LENTIGINOSUS,Aves,107.17,180.00,9.55,0.03kHz,1.26kHz,5287626,1,Song,1,,f,1,Leonard Patterson,2623,,f,-29.97,-31.42,2,0.028376,0.017059,0.041443,-27.65,-31.78,-33.24,3,-0.02304,-0.03241,-0.011383,-29.79,-29.92,-31.17,2,0.029013,0.018188,0.041718,-27.59,-31.74,-32.99,2,-0.023558,-0.032013,-0.013611,-29.89,t,https://portal.wildtrax.ca/home/aru-tasks/recording.html?taskId=2622567,https://wildtrax-aru.s3-accelerate.amazonaws.com/dce7e644-30a7-4280-a230-599b7bff085b/84ec3dc9d4c9410d8332a7dfb5d1bb38.jpg,https://wildtrax-aru.s3-accelerate.amazonaws.com/dce7e644-30a7-4280-a230-599b7bff085b/50768e2121cc44ee90d9feb579d241cd.flac
CANFOR,Interior Broadleaf Working Group ARU Monitoring 2025 Limited Amplitude Processing,3701,MUS155-LR-C,492657,2025-06-10 05:08:00,2894733,1SPT,2622567,t,UNWO,Unidentified Woodpecker,"",Aves,117.33,180.00,1.18,0.28kHz,1.16kHz,5287627,1,Non-vocal,1,,f,2,Leonard Patterson,2623,,f,-30.41,-31.26,2,0.028523,0.013794,0.041321,-27.68,-57.42,-65.51,2,-0.000203,-0.01358,0.002289,-37.34,-30.24,-31.04,2,0.02913,0.014893,0.040344,-27.88,-57.42,-66.19,2,-0.000207,-0.013947,0.001892,-37.11,t,https://portal.wildtrax.ca/home/aru-tasks/recording.html?taskId=2622567,https://wildtrax-aru.s3-accelerate.amazonaws.com/dce7e644-30a7-4280-a230-599b7bff085b/b7e9a8d8cfa04c0b8c197389b73e743d.jpg,https://wildtrax-aru.s3-accelerate.amazonaws.com/dce7e644-30a7-4280-a230-599b7bff085b/ead7d1c44d72450b9093064542a492e2.flac
CANFOR,Interior Broadleaf Working Group ARU Monitoring 2025 Limited Amplitude Processing,3701,MUS155-LR-C,492657,2025-06-10 05:08:00,2894733,1SPT,2622567,t,WTSP,White-throated Sparrow,ZONOTRICHIA ALBICOLLIS,Aves,121.14,180.00,2.78,3.77kHz,5.78kHz,5287634,3,Song,1,,f,2,Leonard Patterson,2623,,f,-30.28,-31.49,2,0.028435,0.01181,0.041748,-27.59,-62.21,-67.34,2,0,-0.004456,0.003571,-47.02,-30.18,-31.15,2,0.029071,0.015472,0.041931,-27.55,-61.71,-67.4,3,0,-0.003906,0.00296,-48.16,t,https://portal.wildtrax.ca/home/aru-tasks/recording.html?taskId=2622567,https://wildtrax-aru.s3-accelerate.amazonaws.com/dce7e644-30a7-4280-a230-599b7bff085b/2336cf5286a341898c0723ab771b240f.jpg,https://wildtrax-aru.s3-accelerate.amazonaws.com/dce7e644-30a7-4280-a230-599b7bff085b/543a0ba2637649459b2ad114e4fce9a0.flac
CANFOR,Interior Broadleaf Working Group ARU Monitoring 2025 Limited Amplitude Processing,3701,MUS155-LR-C,492657,2025-06-10 05:08:00,2894733,1SPT,2622567,t,SWTH,Swainson's Thrush,CATHARUS USTULATUS,Aves,123.08,180.00,0.95,1.41kHz,3.83kHz,5287618,3,Song,1,,f,1,Leonard Patterson,2623,,f,-30.29,-31.46,2,0.028361,0.009613,0.041748,-27.59,-58.14,-63.62,2,-0.000002,-0.010742,0.004272,-39.38,-30.22,-31.23,2,0.029018,0.010864,0.041931,-27.55,-59.42,-63.85,2,-0.000002,-0.010406,0.003632,-39.65,t,https://portal.wildtrax.ca/home/aru-tasks/recording.html?taskId=2622567,https://wildtrax-aru.s3-accelerate.amazonaws.com/dce7e644-30a7-4280-a230-599b7bff085b/faeda0d716e84a379b4ecd2846a73ce8.jpg,https://wildtrax-aru.s3-accelerate.amazonaws.com/dce7e644-30a7-4280-a230-599b7bff085b/0d2ced9ee2d04f44b4dc9a2ed58a8faa.flac
CANFOR,Interior Broadleaf Working Group ARU Monitoring 2025 Limited Amplitude Processing,3701,MUS155-LR-C,492657,2025-06-10 05:08:00,2894733,1SPT,2622567,t,RUGR,Ruffed Grouse,BONASA UMBELLUS,Aves,128.03,180.00,6.41,0.01kHz,0.53kHz,5287628,1,Non-vocal,1,,f,1,Leonard Patterson,2623,,f,-29.46,-31.91,2,0.028401,-0.00531,0.056213,-25,-30.36,-32.82,15,-0.025614,-0.048309,0.002106,-26.32,-29.43,-31.52,2,0.029035,-0.001221,0.054779,-25.23,-30.33,-32.43,8,-0.026185,-0.04718,-0.001129,-26.52,t,https://portal.wildtrax.ca/home/aru-tasks/recording.html?taskId=2622567,https://wildtrax-aru.s3-accelerate.amazonaws.com/dce7e644-30a7-4280-a230-599b7bff085b/d867657598f74527993372461761d385.jpg,https://wildtrax-aru.s3-accelerate.amazonaws.com/dce7e644-30a7-4280-a230-599b7bff085b/b27c122d84f14edfbd0d124d9ed56468.flac
CANFOR,Interior Broadleaf Working Group ARU Monitoring 2025 Limited Amplitude Processing,3701,MUS155-NT-C,492658,2025-06-04 05:12:00,2894734,1SPT,2622568,t,WAVI,Warbling Vireo,VIREO GILVUS,Aves,3.09,180.00,1.38,1.52kHz,5.74kHz,5286769,1,Song,1,,f,1,Leonard Patterson,2623,,f,-29.36,-31.4,2,0.029842,0.012299,0.045837,-26.78,-51.08,-58.8,2,-0.000001,-0.011688,0.009338,-38.65,-44.59,-48.57,2,0.003148,-0.011566,0.016724,-35.53,-51.48,-58.19,2,0,-0.008423,0.009277,-40.65,t,https://portal.wildtrax.ca/home/aru-tasks/recording.html?taskId=2622568,https://wildtrax-aru.s3-accelerate.amazonaws.com/e77a4c96-2c7a-4259-a65c-3ebd5196251d/32cf27b60b2a49fda3acbb364e9f7e80.jpg,https://wildtrax-aru.s3-accelerate.amazonaws.com/e77a4c96-2c7a-4259-a65c-3ebd5196251d/df9b04958f3a4f6894fef12f25b44bd8.flac
CANFOR,Interior Broadleaf Working Group ARU Monitoring 2025 Limited Amplitude Processing,3701,MUS155-NT-C,492658,2025-06-04 05:12:00,2894734,1SPT,2622568,t,OCWA,Orange-crowned Warbler,LEIOTHLYPIS CELATA,Aves,16.48,180.00,0.88,4.76kHz,5.69kHz,5286824,1,Song,1,,f,2,Leonard Patterson,2623,,f,-29.7,-31.09,2,0.029941,0.013947,0.04126,-27.69,-63.78,-67.14,3,0,-0.002258,0.002289,-52.81,-44.17,-49.89,2,0.002955,-0.012695,0.015167,-36.38,-65.94,-69.7,5,0,-0.001526,0.001526,-56.33,t,https://portal.wildtrax.ca/home/aru-tasks/recording.html?taskId=2622568,https://wildtrax-aru.s3-accelerate.amazonaws.com/e77a4c96-2c7a-4259-a65c-3ebd5196251d/e9357af8d6c846bcbf7832b0ccab9521.jpg,https://wildtrax-aru.s3-accelerate.amazonaws.com/e77a4c96-2c7a-4259-a65c-3ebd5196251d/077268c5bf0c405ebfac9e6c24a658d9.flac
CANFOR,Interior Broadleaf Working Group ARU Monitoring 2025 Limited Amplitude Processing,3701,MUS155-NT-C,492658,2025-06-04 05:12:00,2894734,1SPT,2622568,t,UNSA,Unidentified Sapsucker,SPHYRAPICUS,Aves,23.39,180.00,2.53,0.39kHz,2.19kHz,5286773,1,Non-vocal,1,,f,1,Leonard Patterson,2623,,f,-29.38,-31.51,2,0.029915,-0.004425,0.061859,-24.17,-56.64,-64.97,3,-0.000004,-0.013458,0.009125,-37.42,-39.72,-49.96,2,0.003083,-0.024719,0.033875,-29.4,-56.65,-64.35,2,0,-0.006165,0.00647,-43.78,t,https://portal.wildtrax.ca/home/aru-tasks/recording.html?taskId=2622568,https://wildtrax-aru.s3-accelerate.amazonaws.com/e77a4c96-2c7a-4259-a65c-3ebd5196251d/bb98d942f538400086c3734884747e44.jpg,https://wildtrax-aru.s3-accelerate.amazonaws.com/e77a4c96-2c7a-4259-a65c-3ebd5196251d/80aeae78920b4a8a8400247dd1fc22ae.flac
CANFOR,Interior Broadleaf Working Group ARU Monitoring 2025 Limited Amplitude Processing,3701,MUS155-NT-C,492658,2025-06-04 05:12:00,2894734,1SPT,2622568,t,LEFL,Least Flycatcher,EMPIDONAX MINIMUS,Aves,27.85,180.00,0.23,2.86kHz,4.92kHz,5286775,1,Song,1,,f,1,Leonard Patterson,2623,,f,-30.51,-30.51,2,0.029585,0.017548,0.041626,-27.61,-58.55,-58.55,2,-0.000002,-0.006836,0.006989,-43.11,-46.46,-46.46,2,0.003067,-0.008148,0.014832,-36.58,-57.72,-57.72,2,-0.000001,-0.005859,0.005981,-44.46,t,https://portal.wildtrax.ca/home/aru-tasks/recording.html?taskId=2622568,https://wildtrax-aru.s3-accelerate.amazonaws.com/e77a4c96-2c7a-4259-a65c-3ebd5196251d/132df64f82734cd8b49893b04a597f76.jpg,https://wildtrax-aru.s3-accelerate.amazonaws.com/e77a4c96-2c7a-4259-a65c-3ebd5196251d/d24a337ef29d4cf4ab51b6246447ee89.flac
CANFOR,Interior Broadleaf Working Group ARU Monitoring 2025 Limited Amplitude Processing,3701,MUS155-NT-C,492658,2025-06-04 05:12:00,2894734,1SPT,2622568,t,LEFL,Least Flycatcher,EMPIDONAX MINIMUS,Aves,28.14,180.00,0.35,2.24kHz,7.65kHz,5286777,2,Song,1,,f,1,Leonard Patterson,2623,,f,-30.33,-30.58,2,0.029541,0.012817,0.049133,-26.17,-50.32,-56.59,2,-0.000003,-0.017853,0.017334,-34.97,-46.11,-48.79,3,0.003016,-0.011505,0.021667,-33.28,-51.63,-57.02,2,-0.000001,-0.013733,0.01416,-36.98,t,https://portal.wildtrax.ca/home/aru-tasks/recording.html?taskId=2622568,https://wildtrax-aru.s3-accelerate.amazonaws.com/e77a4c96-2c7a-4259-a65c-3ebd5196251d/14900bf7bf8a4e948759166da4a276c7.jpg,https://wildtrax-aru.s3-accelerate.amazonaws.com/e77a4c96-2c7a-4259-a65c-3ebd5196251d/77bca70deb5f483986b6e87004e238fb.flac
CANFOR,Interior Broadleaf Working Group ARU Monitoring 2025 Limited Amplitude Processing,3701,MUS155-NT-C,492658,2025-06-04 05:12:00,2894734,1SPT,2622568,t,WTSP,White-throated Sparrow,ZONOTRICHIA ALBICOLLIS,Aves,48.15,180.00,0.90,2.96kHz,3.58kHz,5286819,1,Song,1,,f,1,Leonard Patterson,2623,,f,-29.9,-31.51,2,0.029731,0.010651,0.045898,-26.76,-53.2,-63.64,2,0,-0.005249,0.005219,-45.6,-44.33,-48.63,2,0.003049,-0.009644,0.018433,-34.69,-52.79,-62.82,2,0,-0.005585,0.005585,-45.06,t,https://portal.wildtrax.ca/home/aru-tasks/recording.html?taskId=2622568,https://wildtrax-aru.s3-accelerate.amazonaws.com/e77a4c96-2c7a-4259-a65c-3ebd5196251d/52800f5c2a534dd88244264a5ffaf167.jpg,https://wildtrax-aru.s3-accelerate.amazonaws.com/e77a4c96-2c7a-4259-a65c-3ebd5196251d/0d23f95ee79d4e3a87ae15cff576dcbe.flac
CANFOR,Interior Broadleaf Working Group ARU Monitoring 2025 Limited Amplitude Processing,3701,MUS155-NT-C,492658,2025-06-04 05:12:00,2894734,1SPT,2622568,t,WTSP,White-throated Sparrow,ZONOTRICHIA ALBICOLLIS,Aves,55.74,180.00,3.58,3.27kHz,5.54kHz,5286815,2,Song,1,,f,1,Leonard Patterson,2623,,f,-29.49,-31.24,2,0.029759,0.002502,0.050751,-25.89,-44.45,-63.99,2,0,-0.019928,0.019745,-34.01,-43.58,-48.92,2,0.003205,-0.011444,0.018707,-34.56,-50.89,-63.43,2,0,-0.008209,0.00882,-41.09,t,https://portal.wildtrax.ca/home/aru-tasks/recording.html?taskId=2622568,https://wildtrax-aru.s3-accelerate.amazonaws.com/e77a4c96-2c7a-4259-a65c-3ebd5196251d/cf21905cd71f4d72a6cd11230ea09e6b.jpg,https://wildtrax-aru.s3-accelerate.amazonaws.com/e77a4c96-2c7a-4259-a65c-3ebd5196251d/8a60ccdd10b54b729c051853ce34b223.flac
CANFOR,Interior Broadleaf Working Group ARU Monitoring 2025 Limited Amplitude Processing,3701,MUS155-NT-C,492658,2025-06-04 05:12:00,2894734,1SPT,2622568,t,RCKI,Ruby-crowned Kinglet,CORTHYLIO CALENDULA,Aves,69.45,180.00,0.35,1.93kHz,3.53kHz,5286781,1,Song,1,,f,1,Leonard Patterson,2623,,f,-30.23,-30.63,2,0.029977,0.020142,0.040771,-27.79,-57.17,-61.18,2,-0.000002,-0.005829,0.004395,-44.69,-44.93,-49.59,2,0.003373,-0.005676,0.014069,-37.03,-59.65,-62.94,2,-0.000001,-0.003174,0.003235,-49.8,t,https://portal.wildtrax.ca/home/aru-tasks/recording.html?taskId=2622568,https://wildtrax-aru.s3-accelerate.amazonaws.com/e77a4c96-2c7a-4259-a65c-3ebd5196251d/043ddb132940445092489143ac6729a8.jpg,https://wildtrax-aru.s3-accelerate.amazonaws.com/e77a4c96-2c7a-4259-a65c-3ebd5196251d/26606e9388e2435c90a9bbf49090944f.flac
CANFOR,Interior Broadleaf Working Group ARU Monitoring 2025 Limited Amplitude Processing,3701,MUS155-NT-C,492658,2025-06-04 05:12:00,2894734,1SPT,2622568,t,WAVI,Warbling Vireo,VIREO GILVUS,Aves,93.35,180.00,0.66,2.24kHz,4.25kHz,5286782,2,Song,1,,f,2,Leonard Patterson,2623,,f,-30.02,-30.96,2,0.029869,0.018982,0.042358,-27.46,-58.24,-63.81,2,-0.000001,-0.006195,0.004425,-44.16,-44.25,-49.39,2,0.003109,-0.007568,0.016052,-35.89,-54.39,-62.71,2,0,-0.005249,0.005341,-45.45,t,https://portal.wildtrax.ca/home/aru-tasks/recording.html?taskId=2622568,https://wildtrax-aru.s3-accelerate.amazonaws.com/e77a4c96-2c7a-4259-a65c-3ebd5196251d/4931af4304564cb5b637135822eee561.jpg,https://wildtrax-aru.s3-accelerate.amazonaws.com/e77a4c96-2c7a-4259-a65c-3ebd5196251d/14423bb68d6745eb92fd52efc58e6d59.flac
CANFOR,Interior Broadleaf Working Group ARU Monitoring 2025 Limited Amplitude Processing,3701,MUS155-NT-C,492658,2025-06-04 05:12:00,2894734,1SPT,2622568,t,DUFL,Dusky Flycatcher,EMPIDONAX OBERHOLSERI,Aves,117.16,180.00,0.35,3.37kHz,6.10kHz,5286787,1,Song,1,,f,1,Leonard Patterson,2623,,f,-30.47,-30.77,2,0.029565,0.013397,0.04892,-26.21,-54.35,-60.27,2,-0.000001,-0.016449,0.016693,-35.55,-47.03,-49.31,2,0.002978,-0.011292,0.022827,-32.83,-55.43,-60.65,2,0,-0.015381,0.01532,-36.26,t,https://portal.wildtrax.ca/home/aru-tasks/recording.html?taskId=2622568,https://wildtrax-aru.s3-accelerate.amazonaws.com/e77a4c96-2c7a-4259-a65c-3ebd5196251d/e180685ed0a24865a8ae7cd0fff8239b.jpg,https://wildtrax-aru.s3-accelerate.amazonaws.com/e77a4c96-2c7a-4259-a65c-3ebd5196251d/a006a393d55a43c983b909bebe74202d.flac
CANFOR,Interior Broadleaf Working Group ARU Monitoring 2025 Limited Amplitude Processing,3701,MUS155-NT-C,492658,2025-06-04 05:12:00,2894734,1SPT,2622568,t,RUGR,Ruffed Grouse,BONASA UMBELLUS,Aves,124.00,180.00,8.11,0.08kHz,0.44kHz,5286829,1,Non-vocal,1,,f,2,Leonard Patterson,2623,,f,-27.11,-32.07,2,0.029769,-0.023468,0.095337,-20.41,-33.11,-38.18,5,-0.014758,-0.046722,0.011139,-26.61,-32.56,-50.37,2,0.003156,-0.047821,0.063446,-23.95,-38.28,-57.47,7,-0.001565,-0.03125,0.022339,-30.1,t,https://portal.wildtrax.ca/home/aru-tasks/recording.html?taskId=2622568,https://wildtrax-aru.s3-accelerate.amazonaws.com/e77a4c96-2c7a-4259-a65c-3ebd5196251d/d26642b3415e4d08870563391752b1e6.jpg,https://wildtrax-aru.s3-accelerate.amazonaws.com/e77a4c96-2c7a-4259-a65c-3ebd5196251d/8748dc01a19a4b4a8b166743b5b294c4.flac
CANFOR,Interior Broadleaf Working Group ARU Monitoring 2025 Limited Amplitude Processing,3701,MUS155-NT-C,492658,2025-06-04 05:12:00,2894734,1SPT,2622568,t,AMRO,American Robin,TURDUS MIGRATORIUS,Aves,127.67,180.00,0.30,2.35kHz,3.58kHz,5286793,1,Song,1,,f,1,Leonard Patterson,2623,,f,-28.36,-31.42,2,0.029538,-0.023468,0.081146,-21.81,-57.22,-60.39,2,-0.000001,-0.005341,0.005432,-45.3,-33.21,-45.14,2,0.003498,-0.047821,0.059265,-24.54,-57.39,-60.42,2,0,-0.006714,0.006653,-43.46,t,https://portal.wildtrax.ca/home/aru-tasks/recording.html?taskId=2622568,https://wildtrax-aru.s3-accelerate.amazonaws.com/e77a4c96-2c7a-4259-a65c-3ebd5196251d/ec343c6c3cb1416fa570f369b171ed38.jpg,https://wildtrax-aru.s3-accelerate.amazonaws.com/e77a4c96-2c7a-4259-a65c-3ebd5196251d/d578784008b5477a931927b1896d7c98.flac
CANFOR,Interior Broadleaf Working Group ARU Monitoring 2025 Limited Amplitude Processing,3701,MUS155-NT-C,492658,2025-06-04 05:12:00,2894734,1SPT,2622568,t,WTSP,White-throated Sparrow,ZONOTRICHIA ALBICOLLIS,Aves,156.16,180.00,0.75,1.83kHz,2.70kHz,5286816,3,Song,1,,f,2,Leonard Patterson,2623,,f,-30,-30.86,2,0.029635,0.012817,0.042053,-27.52,-63.75,-69,2,-0.000001,-0.004486,0.003967,-46.96,-45,-50.28,2,0.002943,-0.009399,0.015503,-36.19,-62.79,-68.5,3,0,-0.00177,0.001831,-54.75,t,https://portal.wildtrax.ca/home/aru-tasks/recording.html?taskId=2622568,https://wildtrax-aru.s3-accelerate.amazonaws.com/e77a4c96-2c7a-4259-a65c-3ebd5196251d/c78401de282e4ccc9d2e57aeb26987d1.jpg,https://wildtrax-aru.s3-accelerate.amazonaws.com/e77a4c96-2c7a-4259-a65c-3ebd5196251d/157606729d03405f9820b08f4a94cfdc.flac
CANFOR,Interior Broadleaf Working Group ARU Monitoring 2025 Limited Amplitude Processing,3701,MUS155-NT-C,492658,2025-06-04 05:12:00,2894734,1SPT,2622568,t,AMRE,American Redstart,SETOPHAGA RUTICILLA,Aves,157.92,180.00,0.89,3.89kHz,8.37kHz,5286797,1,Song,1,,f,2,Leonard Patterson,2623,,f,-30.11,-30.88,2,0.029732,0.015503,0.042633,-27.41,-51.82,-58.52,2,-0.000001,-0.010345,0.008911,-39.71,-43.92,-49.13,2,0.003044,-0.009735,0.015961,-35.94,-53.45,-60.41,2,0,-0.008179,0.007172,-41.75,t,https://portal.wildtrax.ca/home/aru-tasks/recording.html?taskId=2622568,https://wildtrax-aru.s3-accelerate.amazonaws.com/e77a4c96-2c7a-4259-a65c-3ebd5196251d/5bc9efe042b64e1f8cc0040171546e2f.jpg,https://wildtrax-aru.s3-accelerate.amazonaws.com/e77a4c96-2c7a-4259-a65c-3ebd5196251d/4f3ea766e069426f9b8e6a06446f94a4.flac
CANFOR,Interior Broadleaf Working Group ARU Monitoring 2025 Limited Amplitude Processing,3701,MUS155-NT-C,492658,2025-06-04 05:12:00,2894734,1SPT,2622568,t,AMRE,American Redstart,SETOPHAGA RUTICILLA,Aves,166.54,180.00,0.78,5.18kHz,7.08kHz,5286806,2,Song,1,,f,1,Leonard Patterson,2623,,f,-29.97,-31.27,2,0.029846,0.01886,0.040802,-27.79,-60.39,-65.45,2,0,-0.003662,0.003204,-48.73,-45.28,-49.97,2,0.003123,-0.007263,0.013794,-37.21,-60.69,-65.59,4,0,-0.002899,0.002838,-50.75,t,https://portal.wildtrax.ca/home/aru-tasks/recording.html?taskId=2622568,https://wildtrax-aru.s3-accelerate.amazonaws.com/e77a4c96-2c7a-4259-a65c-3ebd5196251d/c9e262ddf5ff43f8a4c6b22f8c6cde23.jpg,https://wildtrax-aru.s3-accelerate.amazonaws.com/e77a4c96-2c7a-4259-a65c-3ebd5196251d/6f4c36e313e64db68580d254fb24f0b7.flac
CANFOR,Interior Broadleaf Working Group ARU Monitoring 2025 Limited Amplitude Processing,3701,MUS155-NT-C,492658,2025-06-04 05:12:00,2894734,1SPT,2622568,t,NOWA,Northern Waterthrush,PARKESIA NOVEBORACENSIS,Aves,168.30,180.00,0.95,1.52kHz,7.80kHz,5286801,1,Song,1,,f,1,Leonard Patterson,2623,,f,-29.94,-31,2,0.029772,0.016541,0.048553,-26.28,-47.58,-54.75,2,-0.000002,-0.014771,0.014679,-36.61,-44.32,-49.45,2,0.003265,-0.010895,0.015076,-36.43,-51.09,-56.73,2,0,-0.009796,0.010193,-39.83,t,https://portal.wildtrax.ca/home/aru-tasks/recording.html?taskId=2622568,https://wildtrax-aru.s3-accelerate.amazonaws.com/e77a4c96-2c7a-4259-a65c-3ebd5196251d/a01cdbc7c156498e89fc1b95c220138c.jpg,https://wildtrax-aru.s3-accelerate.amazonaws.com/e77a4c96-2c7a-4259-a65c-3ebd5196251d/7f7206cf5cf742ba8dbaaf23c369bbfa.flac
CANFOR,Interior Broadleaf Working Group ARU Monitoring 2025 Limited Amplitude Processing,3701,MUS155-NT-C,492658,2025-06-07 05:10:00,2894736,1SPT,2622570,t,CHSP,Chipping Sparrow,SPIZELLA PASSERINA,Aves,3.24,180.00,1.38,4.23kHz,6.19kHz,5287594,1,Song,1,,f,2,Leonard Patterson,2623,,f,-30.09,-30.77,2,0.029958,0.015411,0.045563,-26.83,-52.85,-58.15,2,0,-0.010284,0.009918,-39.76,-44.78,-48.57,2,0.003176,-0.015106,0.019348,-34.27,-53.84,-59.68,2,0,-0.00824,0.008179,-41.68,t,https://portal.wildtrax.ca/home/aru-tasks/recording.html?taskId=2622570,https://wildtrax-aru.s3-accelerate.amazonaws.com/fc2f84b2-59e5-494f-8036-1e408273af46/757e7fef40294cfd962f380eed75d619.jpg,https://wildtrax-aru.s3-accelerate.amazonaws.com/fc2f84b2-59e5-494f-8036-1e408273af46/038e9d7b358247b28d2795e50ef79e16.flac
CANFOR,Interior Broadleaf Working Group ARU Monitoring 2025 Limited Amplitude Processing,3701,MUS155-NT-C,492658,2025-06-07 05:10:00,2894736,1SPT,2622570,t,WTSP,White-throated Sparrow,ZONOTRICHIA ALBICOLLIS,Aves,7.06,180.00,1.15,3.47kHz,3.88kHz,5287611,1,Song,1,,f,1,Leonard Patterson,2623,,f,-29.95,-30.72,2,0.029968,0.020142,0.040924,-27.76,-63.16,-72.34,4,0,-0.001678,0.001709,-55.35,-44.03,-49.94,2,0.003198,-0.006989,0.014557,-36.74,-64.44,-73.34,2,0,-0.001495,0.001526,-56.33,t,https://portal.wildtrax.ca/home/aru-tasks/recording.html?taskId=2622570,https://wildtrax-aru.s3-accelerate.amazonaws.com/fc2f84b2-59e5-494f-8036-1e408273af46/be243dd9e83f480784db9991825cc91c.jpg,https://wildtrax-aru.s3-accelerate.amazonaws.com/fc2f84b2-59e5-494f-8036-1e408273af46/20a20fda1ad7459e8439574c66058d68.flac
CANFOR,Interior Broadleaf Working Group ARU Monitoring 2025 Limited Amplitude Processing,3701,MUS155-NT-C,492658,2025-06-07 05:10:00,2894736,1SPT,2622570,t,WTSP,White-throated Sparrow,ZONOTRICHIA ALBICOLLIS,Aves,11.41,180.00,1.91,3.67kHz,5.78kHz,5287609,2,Song,1,,f,1,Leonard Patterson,2623,,f,-29.46,-31.46,2,0.029889,0.015137,0.047974,-26.38,-50.98,-59.83,2,0,-0.007751,0.008118,-41.81,-43.92,-49.98,2,0.003251,-0.007935,0.016693,-35.55,-54.7,-62.4,2,0,-0.006104,0.006348,-43.95,t,https://portal.wildtrax.ca/home/aru-tasks/recording.html?taskId=2622570,https://wildtrax-aru.s3-accelerate.amazonaws.com/fc2f84b2-59e5-494f-8036-1e408273af46/fe5bf2a59d3a4768878edc89efb25b09.jpg,https://wildtrax-aru.s3-accelerate.amazonaws.com/fc2f84b2-59e5-494f-8036-1e408273af46/26ef5df91ef24e3882beae811322d213.flac
CANFOR,Interior Broadleaf Working Group ARU Monitoring 2025 Limited Amplitude Processing,3701,MUS155-NT-C,492658,2025-06-07 05:10:00,2894736,1SPT,2622570,t,WTSP,White-throated Sparrow,ZONOTRICHIA ALBICOLLIS,Aves,14.01,180.00,0.53,4.91kHz,5.27kHz,5287610,3,Song,1,,f,2,Leonard Patterson,2623,,f,-29.74,-31.13,2,0.029745,0.018005,0.044373,-27.06,-61.05,-65.33,2,0,-0.002869,0.002869,-50.85,-45.16,-49.98,2,0.003248,-0.008728,0.014679,-36.67,-65.12,-69.47,2,0,-0.001678,0.001678,-55.5,t,https://portal.wildtrax.ca/home/aru-tasks/recording.html?taskId=2622570,https://wildtrax-aru.s3-accelerate.amazonaws.com/fc2f84b2-59e5-494f-8036-1e408273af46/42534de0ce7d440981c7ee91ab4e01b5.jpg,https://wildtrax-aru.s3-accelerate.amazonaws.com/fc2f84b2-59e5-494f-8036-1e408273af46/794a981e5d0046a18099c3a4d47aeb3c.flac
CANFOR,Interior Broadleaf Working Group ARU Monitoring 2025 Limited Amplitude Processing,3701,MUS155-NT-C,492658,2025-06-07 05:10:00,2894736,1SPT,2622570,t,DUFL,Dusky Flycatcher,EMPIDONAX OBERHOLSERI,Aves,32.18,180.00,0.38,3.26kHz,7.43kHz,5492053,1,Song,1,,f,1,Leonard Patterson,2623,,f,-29.69,-30.68,2,0.029664,0.01535,0.042877,-27.36,-57.03,-59.97,2,-0.000001,-0.00769,0.005432,-42.28,-43.32,-46.99,2,0.003409,-0.013275,0.019531,-34.19,-59.56,-61.8,2,-0.000001,-0.004578,0.004211,-46.79,t,https://portal.wildtrax.ca/home/aru-tasks/recording.html?taskId=2622570,https://wildtrax-aru.s3-accelerate.amazonaws.com/fc2f84b2-59e5-494f-8036-1e408273af46/d9c23aade7f14b4ea478d14844cb0a67.jpg,https://wildtrax-aru.s3-accelerate.amazonaws.com/fc2f84b2-59e5-494f-8036-1e408273af46/d174eeec6ea046719863048ab84b5b9a.flac
CANFOR,Interior Broadleaf Working Group ARU Monitoring 2025 Limited Amplitude Processing,3701,MUS155-NT-C,492658,2025-06-07 05:10:00,2894736,1SPT,2622570,t,WAVI,Warbling Vireo,VIREO GILVUS,Aves,35.41,180.00,1.85,1.86kHz,6.76kHz,5287591,1,Song,1,,f,2,Leonard Patterson,2623,,f,-29.36,-31.3,2,0.029969,-0.000549,0.064362,-23.83,-42.97,-58.73,2,-0.000001,-0.028931,0.026581,-30.77,-38.23,-46.36,2,0.003382,-0.038177,0.041138,-27.72,-40.17,-57.74,2,0,-0.02774,0.027283,-31.14,t,https://portal.wildtrax.ca/home/aru-tasks/recording.html?taskId=2622570,https://wildtrax-aru.s3-accelerate.amazonaws.com/fc2f84b2-59e5-494f-8036-1e408273af46/eac923184a17466b81415620f2eba3bc.jpg,https://wildtrax-aru.s3-accelerate.amazonaws.com/fc2f84b2-59e5-494f-8036-1e408273af46/9ce00d3d22ee46678906ab1cbc117b95.flac
CANFOR,Interior Broadleaf Working Group ARU Monitoring 2025 Limited Amplitude Processing,3701,MUS155-NT-C,492658,2025-06-07 05:10:00,2894736,1SPT,2622570,t,AMRO,American Robin,TURDUS MIGRATORIUS,Aves,45.26,180.00,2.20,0.99kHz,3.51kHz,5287592,1,Song,1,,f,1,Leonard Patterson,2623,,f,-29.76,-31.06,2,0.029939,0.011627,0.04837,-26.31,-44.09,-63.72,2,-0.000001,-0.015137,0.014771,-36.4,-41.63,-47.94,2,0.003335,-0.017029,0.025177,-31.98,-43.16,-62.54,2,0,-0.016968,0.016998,-35.39,t,https://portal.wildtrax.ca/home/aru-tasks/recording.html?taskId=2622570,https://wildtrax-aru.s3-accelerate.amazonaws.com/fc2f84b2-59e5-494f-8036-1e408273af46/bb55390a20b94d4b9147557848dcb180.jpg,https://wildtrax-aru.s3-accelerate.amazonaws.com/fc2f84b2-59e5-494f-8036-1e408273af46/c499c347e1bb4cbb9f11666efa3eb640.flac
CANFOR,Interior Broadleaf Working Group ARU Monitoring 2025 Limited Amplitude Processing,3701,MUS155-NT-C,492658,2025-06-07 05:10:00,2894736,1SPT,2622570,t,LEFL,Least Flycatcher,EMPIDONAX MINIMUS,Aves,79.78,180.00,0.29,3.92kHz,8.87kHz,5287598,1,Song,1,,f,1,Leonard Patterson,2623,,f,-30.21,-30.69,2,0.029792,-0.015137,0.075348,-22.46,-46.69,-49.57,2,-0.000002,-0.039124,0.038788,-28.15,-43.82,-44.75,2,0.003324,-0.034668,0.04248,-27.44,-48.79,-51.51,2,0,-0.028687,0.028564,-30.85,t,https://portal.wildtrax.ca/home/aru-tasks/recording.html?taskId=2622570,https://wildtrax-aru.s3-accelerate.amazonaws.com/fc2f84b2-59e5-494f-8036-1e408273af46/69647f2ab5054d349d46cc4633406e16.jpg,https://wildtrax-aru.s3-accelerate.amazonaws.com/fc2f84b2-59e5-494f-8036-1e408273af46/99499799d37c44d7a663bc115e808b81.flac
CANFOR,Interior Broadleaf Working Group ARU Monitoring 2025 Limited Amplitude Processing,3701,MUS155-NT-C,492658,2025-06-07 05:10:00,2894736,1SPT,2622570,t,WAVI,Warbling Vireo,VIREO GILVUS,Aves,85.53,180.00,1.29,2.58kHz,5.56kHz,5287593,2,Song,1,,f,1,Leonard Patterson,2623,,f,-29.67,-30.93,2,0.029793,0.000305,0.054443,-25.28,-42.47,-57.3,2,-0.000001,-0.021484,0.021362,-33.36,-40.14,-47.32,2,0.003387,-0.025116,0.028107,-31.02,-43.02,-57.76,2,0,-0.022949,0.022858,-32.78,t,https://portal.wildtrax.ca/home/aru-tasks/recording.html?taskId=2622570,https://wildtrax-aru.s3-accelerate.amazonaws.com/fc2f84b2-59e5-494f-8036-1e408273af46/95cc717ac38b4896a6215a6ba10e4a25.jpg,https://wildtrax-aru.s3-accelerate.amazonaws.com/fc2f84b2-59e5-494f-8036-1e408273af46/52dde44192b54a898077a50566de935b.flac
CANFOR,Interior Broadleaf Working Group ARU Monitoring 2025 Limited Amplitude Processing,3701,MUS155-NT-C,492658,2025-06-07 05:10:00,2894736,1SPT,2622570,t,RUGR,Ruffed Grouse,BONASA UMBELLUS,Aves,93.03,180.00,6.79,0.05kHz,0.46kHz,5287597,1,Non-vocal,1,,f,2,Leonard Patterson,2623,,f,-24.35,-31.67,2,0.02984,-0.043396,0.156891,-16.09,-27.97,-35.48,5,-0.019287,-0.098724,0.027832,-20.11,-25.84,-47.57,2,0.003384,-0.072998,0.137299,-17.25,-29.38,-52.45,2,-0.002187,-0.085785,0.046692,-21.33,t,https://portal.wildtrax.ca/home/aru-tasks/recording.html?taskId=2622570,https://wildtrax-aru.s3-accelerate.amazonaws.com/fc2f84b2-59e5-494f-8036-1e408273af46/dd380f726da64fe7924a253ded293e3d.jpg,https://wildtrax-aru.s3-accelerate.amazonaws.com/fc2f84b2-59e5-494f-8036-1e408273af46/abf4a48f84f944179e1e78eecb57fb91.flac
CANFOR,Interior Broadleaf Working Group ARU Monitoring 2025 Limited Amplitude Processing,3701,MUS155-NT-C,492658,2025-06-07 05:10:00,2894736,1SPT,2622570,t,UNSA,Unidentified Sapsucker,SPHYRAPICUS,Aves,94.11,180.00,2.10,0.21kHz,1.49kHz,5287596,1,Non-vocal,1,,f,2,Leonard Patterson,2623,,f,-25.63,-31.67,2,0.030006,-0.043396,0.129181,-17.78,-47.95,-55.08,2,-0.0018,-0.016876,0.006622,-35.45,-27.75,-43.9,2,0.003545,-0.071747,0.108307,-19.31,-48.81,-61.87,3,-0.000208,-0.010345,0.022064,-33.13,t,https://portal.wildtrax.ca/home/aru-tasks/recording.html?taskId=2622570,https://wildtrax-aru.s3-accelerate.amazonaws.com/fc2f84b2-59e5-494f-8036-1e408273af46/3abaedc3c6a44f5c8b4b4cd1e5861773.jpg,https://wildtrax-aru.s3-accelerate.amazonaws.com/fc2f84b2-59e5-494f-8036-1e408273af46/e80916752bf3475594b1f7ca19d04bdb.flac
CANFOR,Interior Broadleaf Working Group ARU Monitoring 2025 Limited Amplitude Processing,3701,MUS155-NT-C,492658,2025-06-07 05:10:00,2894736,1SPT,2622570,t,AMRE,American Redstart,SETOPHAGA RUTICILLA,Aves,98.79,180.00,0.80,5.57kHz,8.61kHz,5287600,1,Song,1,,f,2,Leonard Patterson,2623,,f,-27.29,-30.67,2,0.029948,-0.034637,0.132355,-17.57,-56.88,-64.64,2,0,-0.008179,0.006805,-41.75,-31.17,-45.73,2,0.003618,-0.056396,0.101929,-19.83,-57.32,-65.15,2,0,-0.005005,0.004761,-46.01,t,https://portal.wildtrax.ca/home/aru-tasks/recording.html?taskId=2622570,https://wildtrax-aru.s3-accelerate.amazonaws.com/fc2f84b2-59e5-494f-8036-1e408273af46/99330ff4dbe1438dbda55de13237eb0e.jpg,https://wildtrax-aru.s3-accelerate.amazonaws.com/fc2f84b2-59e5-494f-8036-1e408273af46/8cd22bea641c445cb7d5a2263ba08da4.flac
CANFOR,Interior Broadleaf Working Group ARU Monitoring 2025 Limited Amplitude Processing,3701,MUS155-NT-C,492658,2025-06-07 05:10:00,2894736,1SPT,2622570,t,DEJU,Dark-eyed Junco,JUNCO HYEMALIS,Aves,102.74,180.00,0.64,3.87kHz,6.24kHz,5287602,1,Song,1,,f,2,Leonard Patterson,2623,,f,-30.14,-31.01,2,0.029756,0.018921,0.041779,-27.58,-59.27,-63.52,2,0,-0.005188,0.004272,-45.7,-44.45,-48.87,2,0.003309,-0.008331,0.015411,-36.24,-59.89,-64.91,2,0,-0.00293,0.003113,-50.14,t,https://portal.wildtrax.ca/home/aru-tasks/recording.html?taskId=2622570,https://wildtrax-aru.s3-accelerate.amazonaws.com/fc2f84b2-59e5-494f-8036-1e408273af46/9bad7d34f3d747a9a9d76e162eac44ef.jpg,https://wildtrax-aru.s3-accelerate.amazonaws.com/fc2f84b2-59e5-494f-8036-1e408273af46/81bf52c5c55f4b38a5b183bb5e4b8db2.flac
CANFOR,Interior Broadleaf Working Group ARU Monitoring 2025 Limited Amplitude Processing,3701,MUS155-NT-C,492658,2025-06-07 05:10:00,2894736,1SPT,2622570,t,DEJU,Dark-eyed Junco,JUNCO HYEMALIS,Aves,114.89,180.00,0.74,3.56kHz,6.24kHz,5287603,2,Song,1,,f,1,Leonard Patterson,2623,,t,-29.79,-31.01,2,0.029797,0.014862,0.04715,-26.53,-51.8,-59.68,2,-0.000001,-0.007172,0.007263,-42.78,-44.82,-47.99,2,0.003321,-0.011475,0.01593,-35.96,-56.27,-62.55,2,0,-0.00528,0.00531,-45.5,t,https://portal.wildtrax.ca/home/aru-tasks/recording.html?taskId=2622570,https://wildtrax-aru.s3-accelerate.amazonaws.com/fc2f84b2-59e5-494f-8036-1e408273af46/1e4e9a303d51495cbb40c895c97eadd5.jpg,https://wildtrax-aru.s3-accelerate.amazonaws.com/fc2f84b2-59e5-494f-8036-1e408273af46/d1f10b416b3b4e06996e5d5c03c5c3d8.flac
CANFOR,Interior Broadleaf Working Group ARU Monitoring 2025 Limited Amplitude Processing,3701,MUS155-NT-C,492658,2025-06-07 05:10:00,2894736,1SPT,2622570,t,SWTH,Swainson's Thrush,CATHARUS USTULATUS,Aves,123.63,180.00,0.38,1.16kHz,2.50kHz,5287604,1,Song,1,,f,1,Leonard Patterson,2623,,f,-28.91,-31.51,2,0.029499,0.00528,0.058136,-24.71,-63.51,-67.31,2,-0.000003,-0.008026,0.004303,-41.91,-41.62,-45.88,2,0.003403,-0.027527,0.028229,-30.99,-65.02,-66.23,3,-0.000001,-0.002838,0.003052,-50.31,t,https://portal.wildtrax.ca/home/aru-tasks/recording.html?taskId=2622570,https://wildtrax-aru.s3-accelerate.amazonaws.com/fc2f84b2-59e5-494f-8036-1e408273af46/58c5a3d924de42a1afd494164e7d5270.jpg,https://wildtrax-aru.s3-accelerate.amazonaws.com/fc2f84b2-59e5-494f-8036-1e408273af46/d325bd43fbe24a74a49359eaae77dd57.flac
CANFOR,Interior Broadleaf Working Group ARU Monitoring 2025 Limited Amplitude Processing,3701,MUS155-NT-C,492658,2025-06-07 05:10:00,2894736,1SPT,2622570,t,OCWA,Orange-crowned Warbler,LEIOTHLYPIS CELATA,Aves,126.91,180.00,0.55,4.75kHz,5.78kHz,5287605,1,Song,1,,f,1,Leonard Patterson,2623,,f,-29.87,-31.47,2,0.029429,0.009674,0.052612,-25.58,-59.8,-63.78,2,0,-0.003937,0.003937,-48.1,-41.51,-48.8,2,0.003099,-0.013916,0.023621,-32.53,-62.45,-66.17,3,0,-0.002502,0.002472,-52.03,t,https://portal.wildtrax.ca/home/aru-tasks/recording.html?taskId=2622570,https://wildtrax-aru.s3-accelerate.amazonaws.com/fc2f84b2-59e5-494f-8036-1e408273af46/500e9897e41949f482ec67390d520302.jpg,https://wildtrax-aru.s3-accelerate.amazonaws.com/fc2f84b2-59e5-494f-8036-1e408273af46/f26a02a832cd4b26a760faf87873065c.flac
CANFOR,Interior Broadleaf Working Group ARU Monitoring 2025 Limited Amplitude Processing,3701,MUS155-NT-C,492658,2025-06-07 05:10:00,2894736,1SPT,2622570,t,OCWA,Orange-crowned Warbler,LEIOTHLYPIS CELATA,Aves,128.04,180.00,0.83,4.96kHz,5.99kHz,5287606,2,Song,1,,f,1,Leonard Patterson,2623,,f,-28.92,-31.23,2,0.029746,0.008698,0.056366,-24.98,-61.61,-69.43,2,0,-0.003082,0.002869,-50.22,-39.06,-47,2,0.003142,-0.014923,0.026672,-31.48,-64.36,-70.25,3,0,-0.001923,0.001862,-54.32,t,https://portal.wildtrax.ca/home/aru-tasks/recording.html?taskId=2622570,https://wildtrax-aru.s3-accelerate.amazonaws.com/fc2f84b2-59e5-494f-8036-1e408273af46/37e3605ee0424730845c254647514fd6.jpg,https://wildtrax-aru.s3-accelerate.amazonaws.com/fc2f84b2-59e5-494f-8036-1e408273af46/3d9353e7b0ca4b2bb5b57214e433d035.flac
CANFOR,Interior Broadleaf Working Group ARU Monitoring 2025 Limited Amplitude Processing,3701,MUS155-NT-C,492658,2025-06-07 05:10:00,2894736,1SPT,2622570,t,WTSP,White-throated Sparrow,ZONOTRICHIA ALBICOLLIS,Aves,132.12,180.00,2.35,3.62kHz,4.29kHz,5287607,4,Song,1,,f,2,Leonard Patterson,2623,,f,-29.47,-31.45,2,0.029895,-0.040253,0.097595,-20.21,-46.63,-57.71,3,0,-0.009674,0.009735,-40.23,-38.38,-48.1,2,0.003394,-0.036316,0.0466,-26.63,-46.86,-59.16,2,0,-0.011841,0.01178,-38.53,t,https://portal.wildtrax.ca/home/aru-tasks/recording.html?taskId=2622570,https://wildtrax-aru.s3-accelerate.amazonaws.com/fc2f84b2-59e5-494f-8036-1e408273af46/b9d6f24d73194e41921bb90b63740b5e.jpg,https://wildtrax-aru.s3-accelerate.amazonaws.com/fc2f84b2-59e5-494f-8036-1e408273af46/81e89a611504419cad73304242e45b44.flac
CANFOR,Interior Broadleaf Working Group ARU Monitoring 2025 Limited Amplitude Processing,3701,MUS155-NT-C,492658,2025-06-07 05:10:00,2894736,1SPT,2622570,t,AMRE,American Redstart,SETOPHAGA RUTICILLA,Aves,136.12,180.00,0.95,5.11kHz,7.79kHz,5287599,2,Song,1,,f,1,Leonard Patterson,2623,,f,-29.69,-30.96,2,0.02988,0.013,0.044647,-27,-57.32,-65.04,3,0,-0.006256,0.005554,-44.07,-43.71,-48.98,2,0.003439,-0.010986,0.020172,-33.9,-59.16,-66.05,3,0,-0.005066,0.0047,-45.91,t,https://portal.wildtrax.ca/home/aru-tasks/recording.html?taskId=2622570,https://wildtrax-aru.s3-accelerate.amazonaws.com/fc2f84b2-59e5-494f-8036-1e408273af46/dede4f54149b4d388e15c2ddffe8e4a8.jpg,https://wildtrax-aru.s3-accelerate.amazonaws.com/fc2f84b2-59e5-494f-8036-1e408273af46/8856507bab724934b2799e28e45c0b36.flac
CANFOR,Interior Broadleaf Working Group ARU Monitoring 2025 Limited Amplitude Processing,3701,MUS155-NT-C,492658,2025-06-07 05:10:00,2894736,1SPT,2622570,t,WTSP,White-throated Sparrow,ZONOTRICHIA ALBICOLLIS,Aves,171.73,180.00,1.70,4.60kHz,5.32kHz,5287608,5,Song,1,,f,2,Leonard Patterson,2623,,f,-29.44,-31.39,3,0.029926,0.01416,0.045685,-26.8,-51.34,-64,2,0,-0.006744,0.006653,-43.42,-44.28,-48.32,3,0.003541,-0.00882,0.016144,-35.84,-52.93,-65.64,2,0,-0.005737,0.005676,-44.83,t,https://portal.wildtrax.ca/home/aru-tasks/recording.html?taskId=2622570,https://wildtrax-aru.s3-accelerate.amazonaws.com/fc2f84b2-59e5-494f-8036-1e408273af46/ad578e36d4e64d71bdd5cbdc3235d54e.jpg,https://wildtrax-aru.s3-accelerate.amazonaws.com/fc2f84b2-59e5-494f-8036-1e408273af46/c0bf42dc37de4bb98f2a6c2585d9d1d9.flac
CANFOR,Interior Broadleaf Working Group ARU Monitoring 2025 Limited Amplitude Processing,3701,MUS155-NT-C,492658,2025-06-10 05:08:00,2894735,1SPT,2622569,t,DUFL,Dusky Flycatcher,EMPIDONAX OBERHOLSERI,Aves,1.60,180.00,0.38,3.10kHz,6.14kHz,5287577,1,Song,1,,f,1,Leonard Patterson,2623,,f,-30.1,-30.7,2,0.029946,0.01236,0.048676,-26.25,-49.48,-55.91,2,-0.000002,-0.014496,0.014526,-36.76,-45.14,-48.54,2,0.003117,-0.013885,0.019165,-34.35,-51.37,-57.31,2,0,-0.012634,0.012085,-37.97,t,https://portal.wildtrax.ca/home/aru-tasks/recording.html?taskId=2622569,https://wildtrax-aru.s3-accelerate.amazonaws.com/86f4c8d9-a61a-4c70-8555-4c7362b7c4de/6999ccfbee724820bf1e9c8c5d5d96d1.jpg,https://wildtrax-aru.s3-accelerate.amazonaws.com/86f4c8d9-a61a-4c70-8555-4c7362b7c4de/de9a8f900e3e4c6fa76f56145bbf6375.flac
CANFOR,Interior Broadleaf Working Group ARU Monitoring 2025 Limited Amplitude Processing,3701,MUS155-NT-C,492658,2025-06-10 05:08:00,2894735,1SPT,2622569,t,GRYE,Greater Yellowlegs,TRINGA MELANOLEUCA,Aves,2.17,180.00,2.34,0.75kHz,2.76kHz,5287576,1,Call,1,,f,2,Leonard Patterson,2623,,f,-30.05,-30.78,2,0.030054,0.018097,0.042145,-27.51,-59.58,-65.63,2,-0.000001,-0.009064,0.004364,-40.85,-44.42,-50.68,3,0.003312,-0.008392,0.014099,-37.02,-58.33,-65.25,2,0,-0.004211,0.003784,-47.51,t,https://portal.wildtrax.ca/home/aru-tasks/recording.html?taskId=2622569,https://wildtrax-aru.s3-accelerate.amazonaws.com/86f4c8d9-a61a-4c70-8555-4c7362b7c4de/28f06255fab441c4a5169903fd3b2eb1.jpg,https://wildtrax-aru.s3-accelerate.amazonaws.com/86f4c8d9-a61a-4c70-8555-4c7362b7c4de/80d3714cc11a46c3bff69fd76db2b889.flac
CANFOR,Interior Broadleaf Working Group ARU Monitoring 2025 Limited Amplitude Processing,3701,MUS155-NT-C,492658,2025-06-10 05:08:00,2894735,1SPT,2622569,t,WAVI,Warbling Vireo,VIREO GILVUS,Aves,10.07,180.00,1.86,1.67kHz,6.93kHz,5286834,1,Song,1,,f,1,Leonard Patterson,2623,,f,-28.48,-30.75,2,0.030017,-0.045227,0.108368,-19.3,-33.03,-51.58,2,-0.000001,-0.078247,0.073761,-22.13,-33.47,-46.87,2,0.003326,-0.060486,0.072205,-22.83,-33.65,-51.14,3,0,-0.066376,0.062775,-23.56,t,https://portal.wildtrax.ca/home/aru-tasks/recording.html?taskId=2622569,https://wildtrax-aru.s3-accelerate.amazonaws.com/86f4c8d9-a61a-4c70-8555-4c7362b7c4de/8f1d677357fc4e46af6c8a8cda799617.jpg,https://wildtrax-aru.s3-accelerate.amazonaws.com/86f4c8d9-a61a-4c70-8555-4c7362b7c4de/860012b4685e40d1b8194d3482d5f14a.flac
CANFOR,Interior Broadleaf Working Group ARU Monitoring 2025 Limited Amplitude Processing,3701,MUS155-NT-C,492658,2025-06-10 05:08:00,2894735,1SPT,2622569,t,RUGR,Ruffed Grouse,BONASA UMBELLUS,Aves,25.61,180.00,8.13,0.01kHz,0.53kHz,5287578,1,Non-vocal,1,,f,2,Leonard Patterson,2623,,f,-27.75,-30.97,2,0.029912,-0.063446,0.105835,-19.51,-29.48,-31.61,5,-0.027812,-0.056976,0.018646,-24.89,-31.42,-49.18,2,0.003412,-0.087708,0.080383,-21.14,-34.66,-51.21,9,-0.003173,-0.034363,0.045319,-26.87,t,https://portal.wildtrax.ca/home/aru-tasks/recording.html?taskId=2622569,https://wildtrax-aru.s3-accelerate.amazonaws.com/86f4c8d9-a61a-4c70-8555-4c7362b7c4de/60b11c0be1724a238da2b24c1aad661e.jpg,https://wildtrax-aru.s3-accelerate.amazonaws.com/86f4c8d9-a61a-4c70-8555-4c7362b7c4de/a6adfe6b0e0a47199c0e6338427f4dc4.flac
CANFOR,Interior Broadleaf Working Group ARU Monitoring 2025 Limited Amplitude Processing,3701,MUS155-NT-C,492658,2025-06-10 05:08:00,2894735,1SPT,2622569,t,OCWA,Orange-crowned Warbler,LEIOTHLYPIS CELATA,Aves,34.16,180.00,1.38,2.91kHz,6.05kHz,5286836,1,Song,1,,f,1,Leonard Patterson,2623,,f,-30.01,-30.84,2,0.029807,-0.002075,0.06012,-24.42,-41.57,-55.59,2,0,-0.027496,0.027527,-31.2,-41.71,-48.32,2,0.003468,-0.02356,0.028229,-30.99,-43.35,-57.21,2,0,-0.02475,0.024414,-32.13,t,https://portal.wildtrax.ca/home/aru-tasks/recording.html?taskId=2622569,https://wildtrax-aru.s3-accelerate.amazonaws.com/86f4c8d9-a61a-4c70-8555-4c7362b7c4de/145cf6f5b1684b0eaee612710512d4fc.jpg,https://wildtrax-aru.s3-accelerate.amazonaws.com/86f4c8d9-a61a-4c70-8555-4c7362b7c4de/9f76e2d4f20147158cc319044190d0de.flac
CANFOR,Interior Broadleaf Working Group ARU Monitoring 2025 Limited Amplitude Processing,3701,MUS155-NT-C,492658,2025-06-10 05:08:00,2894735,1SPT,2622569,t,WTSP,White-throated Sparrow,ZONOTRICHIA ALBICOLLIS,Aves,48.85,180.00,0.25,3.87kHz,4.34kHz,5287589,1,Song,1,,f,1,Leonard Patterson,2623,,f,,3.01,2,0.029927,0.017242,0.04364,-27.2,,3.01,3,0,-0.002136,0.002136,-53.41,,3.01,2,0.003463,-0.00885,0.017151,-35.31,,3.01,3,0,-0.002411,0.002441,-52.25,t,https://portal.wildtrax.ca/home/aru-tasks/recording.html?taskId=2622569,https://wildtrax-aru.s3-accelerate.amazonaws.com/86f4c8d9-a61a-4c70-8555-4c7362b7c4de/24f4ac2f59fb49aa85da9b0faf190930.jpg,https://wildtrax-aru.s3-accelerate.amazonaws.com/86f4c8d9-a61a-4c70-8555-4c7362b7c4de/4b2e5ff505044a15bd44baba679e898a.flac
CANFOR,Interior Broadleaf Working Group ARU Monitoring 2025 Limited Amplitude Processing,3701,MUS155-NT-C,492658,2025-06-10 05:08:00,2894735,1SPT,2622569,t,AMRE,American Redstart,SETOPHAGA RUTICILLA,Aves,50.15,180.00,1.26,3.42kHz,8.68kHz,5286842,1,Song,1,,f,1,Leonard Patterson,2623,,f,-30.05,-30.76,3,0.030063,0.017883,0.04126,-27.69,-52.59,-62.4,2,-0.000001,-0.009644,0.007599,-40.32,-44.22,-48.97,2,0.003497,-0.007843,0.018188,-34.8,-57.36,-62.58,2,0,-0.004578,0.004883,-46.23,t,https://portal.wildtrax.ca/home/aru-tasks/recording.html?taskId=2622569,https://wildtrax-aru.s3-accelerate.amazonaws.com/86f4c8d9-a61a-4c70-8555-4c7362b7c4de/67e770c433464cd8aa904827b5c15a25.jpg,https://wildtrax-aru.s3-accelerate.amazonaws.com/86f4c8d9-a61a-4c70-8555-4c7362b7c4de/eef93d0707c44803a8868faa69484cbb.flac
CANFOR,Interior Broadleaf Working Group ARU Monitoring 2025 Limited Amplitude Processing,3701,MUS155-NT-C,492658,2025-06-10 05:08:00,2894735,1SPT,2622569,t,SWTH,Swainson's Thrush,CATHARUS USTULATUS,Aves,55.98,180.00,0.54,1.19kHz,4.23kHz,5287579,1,Song,1,,f,1,Leonard Patterson,2623,,f,-29.79,-30.85,2,0.029897,0.01886,0.04245,-27.44,-54.13,-58.43,2,-0.000004,-0.010162,0.006104,-39.86,-43.4,-49.05,2,0.003315,-0.008362,0.014191,-36.96,-58.21,-59.61,2,0,-0.004395,0.004425,-47.08,t,https://portal.wildtrax.ca/home/aru-tasks/recording.html?taskId=2622569,https://wildtrax-aru.s3-accelerate.amazonaws.com/86f4c8d9-a61a-4c70-8555-4c7362b7c4de/5ba4835548564497a98643bd5ecfa7c4.jpg,https://wildtrax-aru.s3-accelerate.amazonaws.com/86f4c8d9-a61a-4c70-8555-4c7362b7c4de/bf4b14d50abb47cb95f4608b4cf04fda.flac
CANFOR,Interior Broadleaf Working Group ARU Monitoring 2025 Limited Amplitude Processing,3701,MUS155-NT-C,492658,2025-06-10 05:08:00,2894735,1SPT,2622569,t,AMRE,American Redstart,SETOPHAGA RUTICILLA,Aves,72.66,180.00,1.03,5.21kHz,8.41kHz,5287580,2,Song,1,,f,2,Leonard Patterson,2623,,f,-30.02,-30.79,2,0.030014,0.01767,0.041901,-27.56,-61.19,-65.69,2,0,-0.005463,0.004883,-45.25,-44.75,-49.15,2,0.003452,-0.010101,0.014069,-37.03,-61.24,-65.86,2,0,-0.003571,0.003143,-48.95,t,https://portal.wildtrax.ca/home/aru-tasks/recording.html?taskId=2622569,https://wildtrax-aru.s3-accelerate.amazonaws.com/86f4c8d9-a61a-4c70-8555-4c7362b7c4de/4185d0ef411f4b128306e699a3410cf6.jpg,https://wildtrax-aru.s3-accelerate.amazonaws.com/86f4c8d9-a61a-4c70-8555-4c7362b7c4de/f2c5a7d07a7342f2835b93a14ad64bce.flac
CANFOR,Interior Broadleaf Working Group ARU Monitoring 2025 Limited Amplitude Processing,3701,MUS155-NT-C,492658,2025-06-10 05:08:00,2894735,1SPT,2622569,t,SWTH,Swainson's Thrush,CATHARUS USTULATUS,Aves,80.05,180.00,1.11,0.80kHz,4.36kHz,5286839,2,Song,1,,f,2,Leonard Patterson,2623,,f,-29,-31.05,2,0.03003,0.010315,0.071625,-22.9,-49.83,-57.31,2,-0.000003,-0.013092,0.010803,-37.66,-36.37,-47.16,2,0.003558,-0.019104,0.047272,-26.51,-46.88,-56.8,2,0,-0.010834,0.011139,-39.06,t,https://portal.wildtrax.ca/home/aru-tasks/recording.html?taskId=2622569,https://wildtrax-aru.s3-accelerate.amazonaws.com/86f4c8d9-a61a-4c70-8555-4c7362b7c4de/6cc621b7917c4979b9fe9d3b4d4eb59e.jpg,https://wildtrax-aru.s3-accelerate.amazonaws.com/86f4c8d9-a61a-4c70-8555-4c7362b7c4de/43b07b719d0443e9a46c643bdd1aeccf.flac
CANFOR,Interior Broadleaf Working Group ARU Monitoring 2025 Limited Amplitude Processing,3701,MUS155-NT-C,492658,2025-06-10 05:08:00,2894735,1SPT,2622569,t,WETA,Western Tanager,PIRANGA LUDOVICIANA,Aves,86.98,180.00,0.90,1.66kHz,3.56kHz,5287581,1,Song,1,,f,1,Leonard Patterson,2623,,f,-27.47,-30.67,2,0.029823,-0.007721,0.095825,-20.37,-58.9,-66.29,2,-0.000002,-0.018524,0.010895,-34.65,-32.01,-41.38,2,0.003272,-0.037689,0.07254,-22.79,-57.76,-65.01,2,-0.000001,-0.011993,0.006317,-38.42,t,https://portal.wildtrax.ca/home/aru-tasks/recording.html?taskId=2622569,https://wildtrax-aru.s3-accelerate.amazonaws.com/86f4c8d9-a61a-4c70-8555-4c7362b7c4de/f9f2747fe3cf4e238cb63b1efca7b8e5.jpg,https://wildtrax-aru.s3-accelerate.amazonaws.com/86f4c8d9-a61a-4c70-8555-4c7362b7c4de/3a84210699d34184a16c6601350ab204.flac
CANFOR,Interior Broadleaf Working Group ARU Monitoring 2025 Limited Amplitude Processing,3701,MUS155-NT-C,492658,2025-06-10 05:08:00,2894735,1SPT,2622569,t,UNWO,Unidentified Woodpecker,"",Aves,94.47,180.00,1.48,0.11kHz,2.17kHz,5287583,1,Non-vocal,1,,f,2,Leonard Patterson,2623,,f,-30.1,-30.77,2,0.029932,0.016418,0.044159,-27.1,-40.1,-40.8,2,-0.009433,-0.022308,-0.003784,-33.03,-44.61,-48.91,2,0.003528,-0.00943,0.017029,-35.38,-53.78,-57.45,2,-0.001112,-0.008118,0.005585,-41.81,t,https://portal.wildtrax.ca/home/aru-tasks/recording.html?taskId=2622569,https://wildtrax-aru.s3-accelerate.amazonaws.com/86f4c8d9-a61a-4c70-8555-4c7362b7c4de/2f3a4b799c924f59a5382055c72514aa.jpg,https://wildtrax-aru.s3-accelerate.amazonaws.com/86f4c8d9-a61a-4c70-8555-4c7362b7c4de/e24ea714ce1f44f09d3ebd330304d62b.flac
CANFOR,Interior Broadleaf Working Group ARU Monitoring 2025 Limited Amplitude Processing,3701,MUS155-NT-C,492658,2025-06-10 05:08:00,2894735,1SPT,2622569,t,WAVI,Warbling Vireo,VIREO GILVUS,Aves,123.91,180.00,2.34,1.45kHz,5.98kHz,5287590,2,Song,1,,f,1,Leonard Patterson,2623,,f,-29.86,-30.79,2,0.030043,0.012451,0.046265,-26.7,-48.17,-58.65,2,-0.000001,-0.012878,0.013306,-37.52,-42.16,-48.85,2,0.003469,-0.014709,0.020996,-33.56,-49.45,-59.36,2,0,-0.011597,0.011383,-38.71,t,https://portal.wildtrax.ca/home/aru-tasks/recording.html?taskId=2622569,https://wildtrax-aru.s3-accelerate.amazonaws.com/86f4c8d9-a61a-4c70-8555-4c7362b7c4de/0b5a973212dd42b083d72b593c55872e.jpg,https://wildtrax-aru.s3-accelerate.amazonaws.com/86f4c8d9-a61a-4c70-8555-4c7362b7c4de/481e22770bb147f4b79eff6838122888.flac
CANFOR,Interior Broadleaf Working Group ARU Monitoring 2025 Limited Amplitude Processing,3701,MUS155-NT-C,492658,2025-06-10 05:08:00,2894735,1SPT,2622569,t,AMRE,American Redstart,SETOPHAGA RUTICILLA,Aves,140.65,180.00,0.70,6.16kHz,9.09kHz,5286841,3,Song,1,,f,1,Leonard Patterson,2623,,f,-29.1,-30.51,2,0.030129,-0.024323,0.084045,-21.51,-48,-54.11,2,0,-0.015198,0.016296,-35.76,-33.22,-42.44,2,0.00348,-0.053986,0.066528,-23.54,-49.68,-55.65,2,0,-0.010223,0.011139,-39.06,t,https://portal.wildtrax.ca/home/aru-tasks/recording.html?taskId=2622569,https://wildtrax-aru.s3-accelerate.amazonaws.com/86f4c8d9-a61a-4c70-8555-4c7362b7c4de/ad26fd475af24a7d8d3a1b624226a340.jpg,https://wildtrax-aru.s3-accelerate.amazonaws.com/86f4c8d9-a61a-4c70-8555-4c7362b7c4de/2b1cfa39c6fc4b2b9b26b7f58e7fd9a7.flac
CANFOR,Interior Broadleaf Working Group ARU Monitoring 2025 Limited Amplitude Processing,3701,MUS155-NT-C,492658,2025-06-10 05:08:00,2894735,1SPT,2622569,t,WTSP,White-throated Sparrow,ZONOTRICHIA ALBICOLLIS,Aves,150.90,180.00,1.06,2.63kHz,3.40kHz,5287588,2,Song,1,,f,2,Leonard Patterson,2623,,f,-29.03,-30.8,2,0.030084,0.005066,0.05838,-24.67,-64.42,-69.42,2,0,-0.002441,0.002258,-52.25,-37.16,-43.22,2,0.00348,-0.024567,0.032196,-29.84,-62.35,-70.03,2,0,-0.002197,0.002197,-53.16,t,https://portal.wildtrax.ca/home/aru-tasks/recording.html?taskId=2622569,https://wildtrax-aru.s3-accelerate.amazonaws.com/86f4c8d9-a61a-4c70-8555-4c7362b7c4de/5f14b72bc85f44b8aec9c67b6e8f9a35.jpg,https://wildtrax-aru.s3-accelerate.amazonaws.com/86f4c8d9-a61a-4c70-8555-4c7362b7c4de/3d4e6a4a7acd4db39913c09a26a2d015.flac
CANFOR,Interior Broadleaf Working Group ARU Monitoring 2025 Limited Amplitude Processing,3701,MUS155-NT-C,492658,2025-06-10 05:08:00,2894735,1SPT,2622569,t,DUFL,Dusky Flycatcher,EMPIDONAX OBERHOLSERI,Aves,168.83,180.00,0.31,3.46kHz,6.40kHz,5287585,2,Song,1,,f,1,Leonard Patterson,2623,,f,-30.17,-30.67,2,0.029815,0.017883,0.040009,-27.96,-58.21,-60.96,2,-0.000001,-0.005585,0.003784,-45.06,-45.82,-48.06,2,0.003487,-0.007202,0.012787,-37.86,-61.78,-63.14,2,0,-0.002716,0.00293,-50.66,t,https://portal.wildtrax.ca/home/aru-tasks/recording.html?taskId=2622569,https://wildtrax-aru.s3-accelerate.amazonaws.com/86f4c8d9-a61a-4c70-8555-4c7362b7c4de/42994e956662428cb89c2399c630c430.jpg,https://wildtrax-aru.s3-accelerate.amazonaws.com/86f4c8d9-a61a-4c70-8555-4c7362b7c4de/1404ca7e5c55413d873d4cb48210d04c.flac
CANFOR,Interior Broadleaf Working Group ARU Monitoring 2025 Limited Amplitude Processing,3701,MUS155-NT-C,492658,2025-06-10 05:08:00,2894735,1SPT,2622569,t,WTSP,White-throated Sparrow,ZONOTRICHIA ALBICOLLIS,Aves,172.66,180.00,2.78,1.51kHz,3.77kHz,5492075,3,Song,1,,f,1,Leonard Patterson,2623,,f,-27.19,-30.57,2,0.030097,-0.029144,0.086792,-21.23,-29.86,-52.71,2,0,-0.054626,0.054688,-25.24,-36.91,-47.56,2,0.003486,-0.026428,0.033264,-29.56,-37.34,-56.03,2,0,-0.027283,0.02652,-31.28,t,https://portal.wildtrax.ca/home/aru-tasks/recording.html?taskId=2622569,https://wildtrax-aru.s3-accelerate.amazonaws.com/86f4c8d9-a61a-4c70-8555-4c7362b7c4de/888d1fe64f974a54a24e98acd7c747b7.jpg,https://wildtrax-aru.s3-accelerate.amazonaws.com/86f4c8d9-a61a-4c70-8555-4c7362b7c4de/169719dc50d04615a85220b1c2c5c727.flac
CANFOR,Interior Broadleaf Working Group ARU Monitoring 2025 Limited Amplitude Processing,3701,MUS155-NT-C,492658,2025-06-10 05:08:00,2894735,1SPT,2622569,t,LEFL,Least Flycatcher,EMPIDONAX MINIMUS,Aves,177.56,180.00,0.49,1.66kHz,10.05kHz,5287586,1,Song,1,,f,2,Leonard Patterson,2623,,f,-29.25,-30.54,2,0.029919,-0.032227,0.096436,-20.32,-35.49,-52.6,2,-0.000003,-0.065552,0.065521,-23.67,-31.95,-47.1,2,0.003429,-0.156555,0.184937,-14.66,-32.11,-51.05,2,0,-0.181152,0.159027,-14.84,t,https://portal.wildtrax.ca/home/aru-tasks/recording.html?taskId=2622569,https://wildtrax-aru.s3-accelerate.amazonaws.com/86f4c8d9-a61a-4c70-8555-4c7362b7c4de/222ece16eb194078a0bd16ef01a49f43.jpg,https://wildtrax-aru.s3-accelerate.amazonaws.com/86f4c8d9-a61a-4c70-8555-4c7362b7c4de/8207663d362d4abf8092c207cf6f0b1d.flac
